{
"type": "FeatureCollection",
"name": "batas_wilayah",
"crs": { "type": "name", "properties": { "name": "urn:ogc:def:crs:OGC:1.3:CRS84" } },
"features": [
{ "type": "Feature", "properties": { "OBJECTID": 58968.0, "NAMOBJ": "Bukit Betung", "FCODE": "BA03070040", "REMARK": null, "METADATA": "TASWIL1000020221227_DATA_BATAS_DESAKELURAHAN", "SRS_ID": "4326", "KDBBPS": null, "KDCBPS": null, "KDCPUM": "19.01.01", "KDEBPS": null, "KDEPUM": "19.01.01.1013", "KDPBPS": null, "KDPKAB": "19.01", "KDPPUM": "19", "LUASWH": 0.0, "TIPADM": 2.0, "WADMKC": "Sungailiat", "WADMKD": "Bukit Betung", "WADMKK": "Bangka", "WADMPR": "Kepulauan Bangka Belitung", "WIADKC": null, "WIADKK": null, "WIADPR": null, "WIADKD": "0", "UUPP": "Hasil Delineasi Batas Desa 2019", "LUAS": 4.75491872 }, "geometry": { "type": "MultiPolygon", "coordinates": [ [ [ [ 106.103719102000071, -1.897991298999955, 0.0 ], [ 106.102567898000075, -1.897223167999925, 0.0 ], [ 106.088358334000077, -1.90299424899996, 0.0 ], [ 106.085485100000085, -1.900356538999972, 0.0 ], [ 106.085488859000066, -1.900354757999935, 0.0 ], [ 106.086224712000046, -1.900233967999952, 0.0 ], [ 106.08667153500005, -1.90016062199993, 0.0 ], [ 106.086754329000087, -1.899430608999978, 0.0 ], [ 106.087894808000044, -1.89741950399997, 0.0 ], [ 106.087916041000085, -1.896475319999979, 0.0 ], [ 106.087917951000065, -1.896390364999945, 0.0 ], [ 106.088064756000051, -1.895638725999959, 0.0 ], [ 106.093146671000056, -1.886348775999977, 0.0 ], [ 106.093698991000053, -1.885339113999976, 0.0 ], [ 106.094255018000069, -1.884322674999964, 0.0 ], [ 106.092615711000064, -1.882403841999974, 0.0 ], [ 106.093181783000034, -1.881933115999971, 0.0 ], [ 106.093199126000059, -1.880910957999959, 0.0 ], [ 106.093837139000073, -1.880476367999961, 0.0 ], [ 106.095624921000081, -1.879519776999928, 0.0 ], [ 106.09706963900004, -1.878746749999948, 0.0 ], [ 106.100318559000073, -1.877008347999947, 0.0 ], [ 106.100945770000067, -1.87667274599994, 0.0 ], [ 106.104433551000056, -1.876218257999938, 0.0 ], [ 106.104510077000043, -1.876203006999958, 0.0 ], [ 106.104749703000039, -1.876155253999968, 0.0 ], [ 106.105604007000068, -1.875726787999952, 0.0 ], [ 106.106527612000036, -1.875303327999973, 0.0 ], [ 106.106600126000046, -1.875486027999955, 0.0 ], [ 106.106575411000051, -1.87552050599993, 0.0 ], [ 106.111190801000077, -1.886453007999933, 0.0 ], [ 106.111200542000063, -1.886807209999972, 0.0 ], [ 106.11059322300008, -1.889325344999975, 0.0 ], [ 106.10973888400008, -1.89250584499996, 0.0 ], [ 106.108896524000045, -1.892262245999973, 0.0 ], [ 106.108813453000039, -1.892544707999946, 0.0 ], [ 106.107928821000087, -1.892865978999964, 0.0 ], [ 106.107809901000053, -1.892880414999979, 0.0 ], [ 106.107470123000041, -1.893059893999975, 0.0 ], [ 106.106952483000043, -1.893258415999981, 0.0 ], [ 106.107033571000045, -1.893538773999978, 0.0 ], [ 106.106803392000074, -1.893656489999955, 0.0 ], [ 106.106683048000036, -1.893524839999941, 0.0 ], [ 106.106536768000069, -1.893307685999957, 0.0 ], [ 106.106484937000062, -1.893150169999956, 0.0 ], [ 106.106181973000048, -1.89314836099993, 0.0 ], [ 106.105999313000041, -1.893174516999977, 0.0 ], [ 106.105352529000072, -1.893479742999943, 0.0 ], [ 106.105284118000043, -1.89362529899995, 0.0 ], [ 106.105252252000071, -1.893789212999934, 0.0 ], [ 106.105188416000033, -1.893947019999928, 0.0 ], [ 106.10515655100005, -1.894109402999959, 0.0 ], [ 106.105077447000042, -1.894196759999943, 0.0 ], [ 106.105088176000038, -1.894311631999926, 0.0 ], [ 106.105029319000039, -1.894336064999948, 0.0 ], [ 106.105415064000056, -1.894870751999974, 0.0 ], [ 106.105803194000089, -1.895502441999952, 0.0 ], [ 106.10543466200005, -1.895770619999951, 0.0 ], [ 106.10522930500008, -1.89601199699996, 0.0 ], [ 106.104506785000069, -1.89691617099993, 0.0 ], [ 106.103719102000071, -1.897991298999955, 0.0 ] ] ] ] } },
{ "type": "Feature", "properties": { "OBJECTID": 58987.0, "NAMOBJ": "Jelitik", "FCODE": "BA03070040", "REMARK": null, "METADATA": "TASWIL1000020221227_DATA_BATAS_DESAKELURAHAN", "SRS_ID": "4326", "KDBBPS": null, "KDCBPS": null, "KDCPUM": "19.01.01", "KDEBPS": null, "KDEPUM": "19.01.01.1010", "KDPBPS": null, "KDPKAB": "19.01", "KDPPUM": "19", "LUASWH": 0.0, "TIPADM": 2.0, "WADMKC": "Sungailiat", "WADMKD": "Jelitik", "WADMKK": "Bangka", "WADMPR": "Kepulauan Bangka Belitung", "WIADKC": null, "WIADKK": null, "WIADPR": null, "WIADKD": "0", "UUPP": "Hasil Delineasi Batas Desa 2019", "LUAS": 20.28039571 }, "geometry": { "type": "MultiPolygon", "coordinates": [ [ [ [ 106.186155537000047, -1.898955931999978, 0.0 ], [ 106.18558450900008, -1.899205209999934, 0.0 ], [ 106.185483382000086, -1.899169517999951, 0.0 ], [ 106.185417946000086, -1.89907433999997, 0.0 ], [ 106.185382255000036, -1.898955366999928, 0.0 ], [ 106.185257333000038, -1.898794752999947, 0.0 ], [ 106.184918259000085, -1.898616293999964, 0.0 ], [ 106.184739801000035, -1.898592500999939, 0.0 ], [ 106.184602981000069, -1.898586550999937, 0.0 ], [ 106.18447806000006, -1.898538960999929, 0.0 ], [ 106.184397788000069, -1.898334530999932, 0.0 ], [ 106.184054153000034, -1.898458865999942, 0.0 ], [ 106.183806891000074, -1.898612201999924, 0.0 ], [ 106.183548336000058, -1.898835058999964, 0.0 ], [ 106.183144990000073, -1.899070058999939, 0.0 ], [ 106.182684512000037, -1.899038970999925, 0.0 ], [ 106.182132607000085, -1.898914901999945, 0.0 ], [ 106.181710853000084, -1.89870835499994, 0.0 ], [ 106.178778512000065, -1.898997325999972, 0.0 ], [ 106.153699264000068, -1.906026955999948, 0.0 ], [ 106.148635834000061, -1.902801155999953, 0.0 ], [ 106.145639111000037, -1.898099554999931, 0.0 ], [ 106.139488952000079, -1.896421195999949, 0.0 ], [ 106.138994736000086, -1.896765247999951, 0.0 ], [ 106.137376411000048, -1.895418486999972, 0.0 ], [ 106.137135821000072, -1.895523914999956, 0.0 ], [ 106.136339373000055, -1.894833227999925, 0.0 ], [ 106.135707193000087, -1.893723174999934, 0.0 ], [ 106.135928909000086, -1.892242851999924, 0.0 ], [ 106.135785850000048, -1.891781698999978, 0.0 ], [ 106.134940520000043, -1.891070016999947, 0.0 ], [ 106.134235036000064, -1.89051799799995, 0.0 ], [ 106.131744013000059, -1.889226134999944, 0.0 ], [ 106.132138711000039, -1.887905241999931, 0.0 ], [ 106.131886973000064, -1.887869226999953, 0.0 ], [ 106.131644434000066, -1.888158838999971, 0.0 ], [ 106.13076753100006, -1.888082114999975, 0.0 ], [ 106.13079777300004, -1.88776809899997, 0.0 ], [ 106.130941885000084, -1.886986837999928, 0.0 ], [ 106.13101766300008, -1.886466009999936, 0.0 ], [ 106.130903343000057, -1.886236329999974, 0.0 ], [ 106.130766145000052, -1.885937739999974, 0.0 ], [ 106.130644180000047, -1.885654453999962, 0.0 ], [ 106.130392860000086, -1.885432521999974, 0.0 ], [ 106.130232877000083, -1.885210529999938, 0.0 ], [ 106.130027197000061, -1.884942616999979, 0.0 ], [ 106.128271107000046, -1.884841363999954, 0.0 ], [ 106.128225451000048, -1.884462274999976, 0.0 ], [ 106.12849368500008, -1.884355837999976, 0.0 ], [ 106.128570472000035, -1.883924039999954, 0.0 ], [ 106.128710926000053, -1.883782757999938, 0.0 ], [ 106.128856763000044, -1.883633901999929, 0.0 ], [ 106.128953827000032, -1.883484117999956, 0.0 ], [ 106.129086715000085, -1.883296265999945, 0.0 ], [ 106.129064286000073, -1.883135090999929, 0.0 ], [ 106.129044438000051, -1.882995932999961, 0.0 ], [ 106.129023870000083, -1.882760591999954, 0.0 ], [ 106.128998765000063, -1.882612940999934, 0.0 ], [ 106.128998182000032, -1.88248021499993, 0.0 ], [ 106.129116936000059, -1.882209696999951, 0.0 ], [ 106.12913592600006, -1.882147459999942, 0.0 ], [ 106.12909546700007, -1.88211158699994, 0.0 ], [ 106.129097582000043, -1.88201272799995, 0.0 ], [ 106.129119148000086, -1.881948827999963, 0.0 ], [ 106.129159415000061, -1.881902975999935, 0.0 ], [ 106.129156451000085, -1.881753664999962, 0.0 ], [ 106.129147592000038, -1.881371299999955, 0.0 ], [ 106.129063237000082, -1.881219100999942, 0.0 ], [ 106.12900920800007, -1.881000164999932, 0.0 ], [ 106.129034886000056, -1.880138912999939, 0.0 ], [ 106.129015775000084, -1.879736764999961, 0.0 ], [ 106.128983530000085, -1.879468360999965, 0.0 ], [ 106.128989047000061, -1.879169675999947, 0.0 ], [ 106.128931826000041, -1.878957189999937, 0.0 ], [ 106.128908762000037, -1.878601083999968, 0.0 ], [ 106.128686034000054, -1.878451887999972, 0.0 ], [ 106.128323304000048, -1.878399682999941, 0.0 ], [ 106.128132136000033, -1.878188028999944, 0.0 ], [ 106.128004807000082, -1.877826116999927, 0.0 ], [ 106.12775864300005, -1.87750910799997, 0.0 ], [ 106.127363863000085, -1.877164237999978, 0.0 ], [ 106.126980389000039, -1.876782701999957, 0.0 ], [ 106.126775810000083, -1.876490317999981, 0.0 ], [ 106.126744285000086, -1.876286431999972, 0.0 ], [ 106.126881998000044, -1.87605389099997, 0.0 ], [ 106.127058934000047, -1.875800947999949, 0.0 ], [ 106.127308778000042, -1.875408066999967, 0.0 ], [ 106.127706207000074, -1.875012359999971, 0.0 ], [ 106.127886482000065, -1.874900396999976, 0.0 ], [ 106.128035624000063, -1.874750394999978, 0.0 ], [ 106.128055553000081, -1.874428122999973, 0.0 ], [ 106.128063489000056, -1.874186594999969, 0.0 ], [ 106.128015859000072, -1.874057438999955, 0.0 ], [ 106.128005444000053, -1.873897495999927, 0.0 ], [ 106.127880196000035, -1.873679914999968, 0.0 ], [ 106.127796425000042, -1.873602694999931, 0.0 ], [ 106.12759840700005, -1.873222913999939, 0.0 ], [ 106.127554743000076, -1.873075007999944, 0.0 ], [ 106.127539621000039, -1.872671177999962, 0.0 ], [ 106.127561941000067, -1.872431459999973, 0.0 ], [ 106.12754837600005, -1.87230483299993, 0.0 ], [ 106.127458389000083, -1.872164684999973, 0.0 ], [ 106.126968225000041, -1.871816751999972, 0.0 ], [ 106.126912546000085, -1.87160218899993, 0.0 ], [ 106.12708077700006, -1.871337862999951, 0.0 ], [ 106.127376749000064, -1.871020487999942, 0.0 ], [ 106.12750675400008, -1.87047767599995, 0.0 ], [ 106.127511063000043, -1.870183696999959, 0.0 ], [ 106.127398477000042, -1.869849085999931, 0.0 ], [ 106.127119564000054, -1.869487449999951, 0.0 ], [ 106.126844389000041, -1.869143596999947, 0.0 ], [ 106.126802284000064, -1.869090983999968, 0.0 ], [ 106.126734302000045, -1.869006036999963, 0.0 ], [ 106.126678694000077, -1.868936548999955, 0.0 ], [ 106.126632259000075, -1.868878492999954, 0.0 ], [ 106.126681449000046, -1.868867094999928, 0.0 ], [ 106.126872820000074, -1.86882275399995, 0.0 ], [ 106.126885028000061, -1.868819924999968, 0.0 ], [ 106.126772004000088, -1.868623618999948, 0.0 ], [ 106.12675415800004, -1.868314289999944, 0.0 ], [ 106.126774476000037, -1.868050148999941, 0.0 ], [ 106.126777952000054, -1.868004959999951, 0.0 ], [ 106.126834034000069, -1.867864753999925, 0.0 ], [ 106.126885028000061, -1.867737269999964, 0.0 ], [ 106.126942135000036, -1.867584984999951, 0.0 ], [ 106.126999242000068, -1.867435078999961, 0.0 ], [ 106.127067, -1.867285, 0.0 ], [ 106.127118, -1.867111, 0.0 ], [ 106.127271690000043, -1.866952047999973, 0.0 ], [ 106.127354972000035, -1.866940150999937, 0.0 ], [ 106.127360920000058, -1.867017482999927, 0.0 ], [ 106.127349023000079, -1.867118609999977, 0.0 ], [ 106.127414458000032, -1.867172147999952, 0.0 ], [ 106.12750963700006, -1.867112661999954, 0.0 ], [ 106.127676199000064, -1.86708886699995, 0.0 ], [ 106.12781301800004, -1.867136455999969, 0.0 ], [ 106.127920094000046, -1.867082917999937, 0.0 ], [ 106.128062861000046, -1.866993688999969, 0.0 ], [ 106.128098553000086, -1.866785485999969, 0.0 ], [ 106.128158040000073, -1.866672460999951, 0.0 ], [ 106.128074759000071, -1.86649995099998, 0.0 ], [ 106.127961734000053, -1.866339336999943, 0.0 ], [ 106.128003375000048, -1.866232260999936, 0.0 ], [ 106.128128296000057, -1.866184671999974, 0.0 ], [ 106.128253218000054, -1.866178722999962, 0.0 ], [ 106.128330551000033, -1.866131133999943, 0.0 ], [ 106.128384088000075, -1.866065698999932, 0.0 ], [ 106.128520907000052, -1.866041903999928, 0.0 ], [ 106.128604189000043, -1.865976468999975, 0.0 ], [ 106.128687470000045, -1.865863444999945, 0.0 ], [ 106.128770751000047, -1.865738522999948, 0.0 ], [ 106.128770751000047, -1.865500576999978, 0.0 ], [ 106.128693418000069, -1.865381603999936, 0.0 ], [ 106.128657726000085, -1.865185297999972, 0.0 ], [ 106.128693418000069, -1.865042530999972, 0.0 ], [ 106.128669624000054, -1.86492355799993, 0.0 ], [ 106.128491164000081, -1.86482837899996, 0.0 ], [ 106.128312705000042, -1.864870019999955, 0.0 ], [ 106.128187783000044, -1.864911659999962, 0.0 ], [ 106.128039067000088, -1.864941403999978, 0.0 ], [ 106.127830864000089, -1.864899762999926, 0.0 ], [ 106.127705942000034, -1.864953300999957, 0.0 ], [ 106.127543, -1.865005, 0.0 ], [ 106.127421017000074, -1.864989986999944, 0.0 ], [ 106.127289536000035, -1.864875967999978, 0.0 ], [ 106.127117025000075, -1.864745097999958, 0.0 ], [ 106.126950463000071, -1.864643970999964, 0.0 ], [ 106.126873131000082, -1.864542843999971, 0.0 ], [ 106.126873131000082, -1.86441197299996, 0.0 ], [ 106.126772004000088, -1.864293, 0.0 ], [ 106.126664928000082, -1.864025310999978, 0.0 ], [ 106.12651621200007, -1.863638648999938, 0.0 ], [ 106.126474571000074, -1.863472085999945, 0.0 ], [ 106.12645077600007, -1.863234139999975, 0.0 ], [ 106.126480520000086, -1.862990245999924, 0.0 ], [ 106.126492417000065, -1.862609531999965, 0.0 ], [ 106.126468622000061, -1.86228235599998, 0.0 ], [ 106.126557852000076, -1.861877847999949, 0.0 ], [ 106.126641133000078, -1.861586363999947, 0.0 ], [ 106.126728, -1.861382, 0.0 ], [ 106.12687, -1.861198, 0.0 ], [ 106.127083, -1.861024, 0.0 ], [ 106.127178632000039, -1.860933896999938, 0.0 ], [ 106.127283588000068, -1.86074165499997, 0.0 ], [ 106.127485842000056, -1.860527502999958, 0.0 ], [ 106.127628610000045, -1.860414478999928, 0.0 ], [ 106.127896299000042, -1.860188429999937, 0.0 ], [ 106.128068810000059, -1.860039713999925, 0.0 ], [ 106.128407883000079, -1.859956432999979, 0.0 ], [ 106.128657, -1.859898, 0.0 ], [ 106.128799, -1.859806, 0.0 ], [ 106.128931, -1.859694, 0.0 ], [ 106.128978954000047, -1.859599513999967, 0.0 ], [ 106.129068184000062, -1.859563821999927, 0.0 ], [ 106.129163362000043, -1.859432950999974, 0.0 ], [ 106.129187157000047, -1.859272337999926, 0.0 ], [ 106.129234746000066, -1.859195004999947, 0.0 ], [ 106.129383462000078, -1.85918905699998, 0.0 ], [ 106.129520281000055, -1.859081980999974, 0.0 ], [ 106.129722535000042, -1.858927315999949, 0.0 ], [ 106.129853406000052, -1.858861880999939, 0.0 ], [ 106.129972379000037, -1.858909469999958, 0.0 ], [ 106.130097300000045, -1.858891623999966, 0.0 ], [ 106.130257914000083, -1.858778599999937, 0.0 ], [ 106.130448271000034, -1.858713163999937, 0.0 ], [ 106.130519655000057, -1.858725061999962, 0.0 ], [ 106.130626730000074, -1.858790496999973, 0.0 ], [ 106.13069811400004, -1.858867828999962, 0.0 ], [ 106.13073380600008, -1.858968955999956, 0.0 ], [ 106.130763549000051, -1.859064134999926, 0.0 ], [ 106.130834933000074, -1.85918905699998, 0.0 ], [ 106.130918214000076, -1.859391310999968, 0.0 ], [ 106.130924163000088, -1.859545975999936, 0.0 ], [ 106.130936060000067, -1.859694691999948, 0.0 ], [ 106.130995547000055, -1.859849356999973, 0.0 ], [ 106.131007444000034, -1.860117045999971, 0.0 ], [ 106.13094200900008, -1.860283608999964, 0.0 ], [ 106.13094200900008, -1.860420427999941, 0.0 ], [ 106.130888471000048, -1.860575092999966, 0.0 ], [ 106.130888471000048, -1.860658373999968, 0.0 ], [ 106.130870625000057, -1.860801140999968, 0.0 ], [ 106.130751652000072, -1.860896319999938, 0.0 ], [ 106.130573193000032, -1.860943908999957, 0.0 ], [ 106.130448271000034, -1.860967703999961, 0.0 ], [ 106.130448271000034, -1.860854678999942, 0.0 ], [ 106.130448271000034, -1.860700013999974, 0.0 ], [ 106.130329298000049, -1.860592938999957, 0.0 ], [ 106.130192479000073, -1.860688116999938, 0.0 ], [ 106.130168684000068, -1.860836832999951, 0.0 ], [ 106.130204376000052, -1.860908216999974, 0.0 ], [ 106.130144890000054, -1.861033138999971, 0.0 ], [ 106.129960481000069, -1.861158060999969, 0.0 ], [ 106.129865303000088, -1.861354365999944, 0.0 ], [ 106.129811765000056, -1.86146144199995, 0.0 ], [ 106.129847457000039, -1.861544722999952, 0.0 ], [ 106.129817714000069, -1.861622054999941, 0.0 ], [ 106.129716587000075, -1.861669644999949, 0.0 ], [ 106.129633305000084, -1.861628003999954, 0.0 ], [ 106.129573819000086, -1.861693438999964, 0.0 ], [ 106.129573819000086, -1.861770771999943, 0.0 ], [ 106.129668997000067, -1.861907590999976, 0.0 ], [ 106.129728484000054, -1.861978974999943, 0.0 ], [ 106.129728484000054, -1.862097947999928, 0.0 ], [ 106.129621408000048, -1.862163382999938, 0.0 ], [ 106.129550024000082, -1.862234766999961, 0.0 ], [ 106.129585716000065, -1.862383482999974, 0.0 ], [ 106.129645203000052, -1.86249055899998, 0.0 ], [ 106.129805816000044, -1.86249055899998, 0.0 ], [ 106.129936687000054, -1.862389431999929, 0.0 ], [ 106.130061608000062, -1.862329944999942, 0.0 ], [ 106.130138941000041, -1.862365636999925, 0.0 ], [ 106.130109198000071, -1.862448917999927, 0.0 ], [ 106.129972379000037, -1.862621428999944, 0.0 ], [ 106.129782022000086, -1.862710658999958, 0.0 ], [ 106.129663049000044, -1.862805836999939, 0.0 ], [ 106.129645203000052, -1.862912912999946, 0.0 ], [ 106.129686843000059, -1.863019988999952, 0.0 ], [ 106.129633305000084, -1.863150858999973, 0.0 ], [ 106.129579192000051, -1.863217704999954, 0.0 ], [ 106.12956192200005, -1.863293626999962, 0.0 ], [ 106.12963925400004, -1.86341854899996, 0.0 ], [ 106.12970468900005, -1.863466137999978, 0.0 ], [ 106.129743554000072, -1.863480017999962, 0.0 ], [ 106.129768, -1.863514940999949, 0.0 ], [ 106.129768, -1.863651, 0.0 ], [ 106.129651151000076, -1.863811159999955, 0.0 ], [ 106.129627357000061, -1.863888491999944, 0.0 ], [ 106.129728484000054, -1.864037207999957, 0.0 ], [ 106.129865303000088, -1.864126437999971, 0.0 ], [ 106.129996173000052, -1.864156180999942, 0.0 ], [ 106.130192479000073, -1.864019361999965, 0.0 ], [ 106.130299555000079, -1.86399556799995, 0.0 ], [ 106.13039473300006, -1.86390038899998, 0.0 ], [ 106.130501809000066, -1.863710031999972, 0.0 ], [ 106.130638628000042, -1.863644596999961, 0.0 ], [ 106.130757601000084, -1.86351372699994, 0.0 ], [ 106.130924163000088, -1.863472085999945, 0.0 ], [ 106.131043136000073, -1.863454239999953, 0.0 ], [ 106.131162109000059, -1.863293626999962, 0.0 ], [ 106.131394107000062, -1.863180601999943, 0.0 ], [ 106.131649899000081, -1.863109218999966, 0.0 ], [ 106.131953280000062, -1.863103269999954, 0.0 ], [ 106.131965177000041, -1.862764196999933, 0.0 ], [ 106.131739128000049, -1.862710658999958, 0.0 ], [ 106.131596361000049, -1.862508404999971, 0.0 ], [ 106.131495234000056, -1.862442968999972, 0.0 ], [ 106.131316774000084, -1.862508404999971, 0.0 ], [ 106.131287031000056, -1.862603582999952, 0.0 ], [ 106.131156161000035, -1.862740401999929, 0.0 ], [ 106.131066931000078, -1.862841528999979, 0.0 ], [ 106.130930112000044, -1.862895066999954, 0.0 ], [ 106.130781395000042, -1.862817734999965, 0.0 ], [ 106.130811139000059, -1.862657120999927, 0.0 ], [ 106.130876574000069, -1.862621428999944, 0.0 ], [ 106.130890527000076, -1.862560033999955, 0.0 ], [ 106.130874, -1.862556, 0.0 ], [ 106.130888471000048, -1.862502455999959, 0.0 ], [ 106.130811139000059, -1.862407277999978, 0.0 ], [ 106.130793293000067, -1.862306149999938, 0.0 ], [ 106.13073380600008, -1.862228817999949, 0.0 ], [ 106.130780943000048, -1.862126686999943, 0.0 ], [ 106.130727858000057, -1.86207415299998, 0.0 ], [ 106.130757601000084, -1.861996820999934, 0.0 ], [ 106.130858728000078, -1.861990871999978, 0.0 ], [ 106.130959855000071, -1.86197302599993, 0.0 ], [ 106.130912266000053, -1.861848103999932, 0.0 ], [ 106.130924163000088, -1.861633952999966, 0.0 ], [ 106.131108571000084, -1.861467389999973, 0.0 ], [ 106.131263236000052, -1.861306776999925, 0.0 ], [ 106.131382209000037, -1.861277033999954, 0.0 ], [ 106.131465490000039, -1.861336519999952, 0.0 ], [ 106.131572566000045, -1.861336519999952, 0.0 ], [ 106.131673693000039, -1.861294879999946, 0.0 ], [ 106.131780769000045, -1.861360314999956, 0.0 ], [ 106.131768872000066, -1.861520927999948, 0.0 ], [ 106.131685591000064, -1.861639900999933, 0.0 ], [ 106.131544936000068, -1.861641673999941, 0.0 ], [ 106.131519028000071, -1.861663695999937, 0.0 ], [ 106.131495234000056, -1.86173507999996, 0.0 ], [ 106.131548772000087, -1.861788617999935, 0.0 ], [ 106.13166179600006, -1.861836206999953, 0.0 ], [ 106.131786718000058, -1.861830257999941, 0.0 ], [ 106.131840256000032, -1.861758873999975, 0.0 ], [ 106.131917588000078, -1.861699387999977, 0.0 ], [ 106.132060356000068, -1.86173507999996, 0.0 ], [ 106.132191226000089, -1.861877847999949, 0.0 ], [ 106.132369686000061, -1.861978974999943, 0.0 ], [ 106.132452967000063, -1.861919487999955, 0.0 ], [ 106.132476761000078, -1.861812411999949, 0.0 ], [ 106.132363737000048, -1.861705336999933, 0.0 ], [ 106.132185277000076, -1.861586363999947, 0.0 ], [ 106.132078202000059, -1.861437646999946, 0.0 ], [ 106.132042510000076, -1.861312725999937, 0.0 ], [ 106.132001591000062, -1.861174423999955, 0.0 ], [ 106.132042, -1.861032, 0.0 ], [ 106.132028874000071, -1.860971449999965, 0.0 ], [ 106.131947331000049, -1.860991497999976, 0.0 ], [ 106.131840256000032, -1.86104503599995, 0.0 ], [ 106.131697488000043, -1.861068830999955, 0.0 ], [ 106.13166179600006, -1.860991497999976, 0.0 ], [ 106.131596361000049, -1.860926062999965, 0.0 ], [ 106.131578515000058, -1.860854678999942, 0.0 ], [ 106.131649899000081, -1.860789243999932, 0.0 ], [ 106.131751026000074, -1.86074165499997, 0.0 ], [ 106.131899742000087, -1.860640527999976, 0.0 ], [ 106.132096048000051, -1.860545348999949, 0.0 ], [ 106.132215021000036, -1.860426375999964, 0.0 ], [ 106.132226918000072, -1.860313351999935, 0.0 ], [ 106.132298302000038, -1.860206275999928, 0.0 ], [ 106.132464864000042, -1.860033764999969, 0.0 ], [ 106.132696862000046, -1.859825561999969, 0.0 ], [ 106.132750399000088, -1.859706588999927, 0.0 ], [ 106.132922910000048, -1.85963520599995, 0.0 ], [ 106.133059729000081, -1.859647102999929, 0.0 ], [ 106.133214394000049, -1.859688742999936, 0.0 ], [ 106.133321470000055, -1.859664948999978, 0.0 ], [ 106.133369059000074, -1.859641153999974, 0.0 ], [ 106.133244138000066, -1.859206902999972, 0.0 ], [ 106.133154908000051, -1.859224747999974, 0.0 ], [ 106.132911013000069, -1.858338398999933, 0.0 ], [ 106.133000243000083, -1.858314604999975, 0.0 ], [ 106.132887218000064, -1.85785655799998, 0.0 ], [ 106.132911013000069, -1.857624560999966, 0.0 ], [ 106.132881270000041, -1.857505587999981, 0.0 ], [ 106.133000243000083, -1.857380665999926, 0.0 ], [ 106.133101370000077, -1.857463946999928, 0.0 ], [ 106.133446392000053, -1.85716651499996, 0.0 ], [ 106.133499930000085, -1.857071335999933, 0.0 ], [ 106.133434494000085, -1.857041592999963, 0.0 ], [ 106.133386905000066, -1.857077284999946, 0.0 ], [ 106.133339316000047, -1.857130822999977, 0.0 ], [ 106.133267932000081, -1.85710107999995, 0.0 ], [ 106.133273881000036, -1.856999951999967, 0.0 ], [ 106.133351213000083, -1.856946414999925, 0.0 ], [ 106.133511827000063, -1.856940465999969, 0.0 ], [ 106.133642697000084, -1.856940465999969, 0.0 ], [ 106.133809260000078, -1.856839338999976, 0.0 ], [ 106.133969873000069, -1.856708467999965, 0.0 ], [ 106.134071, -1.856577597999944, 0.0 ], [ 106.134142384000086, -1.85641103599994, 0.0 ], [ 106.134374382000033, -1.856244473999936, 0.0 ], [ 106.134618276000083, -1.856155243999979, 0.0 ], [ 106.134772941000051, -1.856030321999924, 0.0 ], [ 106.134850274000087, -1.855935143999943, 0.0 ], [ 106.134874068000045, -1.855810221999945, 0.0 ], [ 106.134897863000049, -1.855679351999925, 0.0 ], [ 106.135022785000046, -1.855554429999927, 0.0 ], [ 106.135207193000042, -1.855512788999931, 0.0 ], [ 106.13533211500004, -1.855429507999929, 0.0 ], [ 106.135290474000044, -1.855328380999936, 0.0 ], [ 106.135165552000046, -1.855340277999971, 0.0 ], [ 106.134862171000066, -1.855292688999953, 0.0 ], [ 106.134778890000064, -1.855227253999942, 0.0 ], [ 106.134799710000038, -1.855176689999951, 0.0 ], [ 106.13482053000007, -1.855126126999949, 0.0 ], [ 106.135058477000086, -1.855001204999951, 0.0 ], [ 106.135225039000034, -1.854894128999945, 0.0 ], [ 106.135373755000046, -1.854882231999966, 0.0 ], [ 106.135576009000033, -1.85487033499993, 0.0 ], [ 106.135754469000062, -1.85490602699997, 0.0 ], [ 106.13594482600007, -1.855036896999934, 0.0 ], [ 106.136188721000053, -1.85522130499993, 0.0 ], [ 106.136556752000047, -1.855528970999956, 0.0 ], [ 106.136603181000055, -1.855555804999938, 0.0 ], [ 106.136713303000079, -1.85562502099998, 0.0 ], [ 106.136957796000047, -1.855766948999928, 0.0 ], [ 106.13708796800006, -1.855826898999965, 0.0 ], [ 106.137252825000076, -1.855905062999966, 0.0 ], [ 106.137408417000074, -1.855987003999928, 0.0 ], [ 106.137545052000064, -1.856074085999978, 0.0 ], [ 106.137648466000087, -1.856140077999953, 0.0 ], [ 106.137711379000052, -1.856186747999971, 0.0 ], [ 106.137812846000088, -1.856244663999973, 0.0 ], [ 106.137899187000073, -1.856294293999952, 0.0 ], [ 106.138045533000081, -1.856396991999929, 0.0 ], [ 106.138213809000035, -1.85652125699994, 0.0 ], [ 106.138348895000036, -1.856631568999944, 0.0 ], [ 106.138477894000061, -1.85671270499995, 0.0 ], [ 106.138624, -1.85679276999997, 0.0 ], [ 106.138758935000055, -1.856876253999928, 0.0 ], [ 106.138876460000063, -1.856966468999929, 0.0 ], [ 106.139017868000053, -1.857079625999972, 0.0 ], [ 106.139146866000033, -1.857171877999974, 0.0 ], [ 106.139246420000063, -1.857246564999969, 0.0 ], [ 106.139339628000073, -1.857321716999934, 0.0 ], [ 106.139456951000057, -1.857418299999949, 0.0 ], [ 106.139588159000084, -1.85752228299998, 0.0 ], [ 106.139658327000063, -1.857599122999943, 0.0 ], [ 106.139724318000049, -1.857693468999969, 0.0 ], [ 106.139819711000086, -1.857812037999963, 0.0 ], [ 106.139936544000079, -1.85790177399997, 0.0 ], [ 106.140038377000053, -1.857983170999944, 0.0 ], [ 106.140156817000047, -1.858069115999967, 0.0 ], [ 106.140257515000087, -1.858147428999928, 0.0 ], [ 106.140350322000074, -1.858240581999951, 0.0 ], [ 106.140442854000071, -1.858342418999939, 0.0 ], [ 106.140538086000049, -1.858433235999939, 0.0 ], [ 106.140631993000056, -1.858504642999947, 0.0 ], [ 106.140741663000085, -1.858554728999934, 0.0 ], [ 106.140847232000056, -1.858587711999974, 0.0 ], [ 106.140917638000076, -1.858628152999927, 0.0 ], [ 106.14098193500007, -1.858688624999957, 0.0 ], [ 106.141060690000074, -1.858781406999981, 0.0 ], [ 106.141172228000073, -1.85891358799995, 0.0 ], [ 106.141292320000048, -1.859066512999959, 0.0 ], [ 106.141420011000037, -1.859194195999976, 0.0 ], [ 106.14155336500005, -1.85936524899995, 0.0 ], [ 106.141669039000078, -1.85952492499996, 0.0 ], [ 106.141738581000084, -1.859634138999979, 0.0 ], [ 106.141820142000086, -1.859756451999942, 0.0 ], [ 106.141920634000087, -1.859891678999929, 0.0 ], [ 106.142022892000057, -1.860017225999968, 0.0 ], [ 106.14210541500006, -1.86011257399997, 0.0 ], [ 106.142218453000055, -1.860198766999929, 0.0 ], [ 106.142335112000069, -1.860283310999932, 0.0 ], [ 106.142409594000071, -1.860343694999926, 0.0 ], [ 106.142464266000047, -1.860394023999959, 0.0 ], [ 106.142561131000036, -1.860494246999963, 0.0 ], [ 106.142657058000054, -1.860590671999944, 0.0 ], [ 106.142739806000066, -1.860685069999931, 0.0 ], [ 106.142836315000068, -1.860803927999939, 0.0 ], [ 106.142929732000084, -1.86092494899998, 0.0 ], [ 106.142999542000041, -1.861016161999942, 0.0 ], [ 106.143057639000062, -1.861095714999976, 0.0 ], [ 106.143084262000059, -1.861130811999942, 0.0 ], [ 106.143137918000036, -1.861167889999933, 0.0 ], [ 106.143206601000088, -1.861212293999927, 0.0 ], [ 106.143365839000069, -1.861274223999942, 0.0 ], [ 106.143488603000037, -1.861346515999969, 0.0 ], [ 106.143576230000065, -1.861395927999979, 0.0 ], [ 106.14364901600004, -1.861488243999929, 0.0 ], [ 106.143703024000047, -1.861595830999931, 0.0 ], [ 106.143714678000038, -1.861685742999953, 0.0 ], [ 106.143721336000056, -1.861735470999974, 0.0 ], [ 106.143751882000061, -1.861776851999934, 0.0 ], [ 106.143810373000065, -1.861825133999957, 0.0 ], [ 106.14389363500004, -1.861893778999956, 0.0 ], [ 106.143992298000057, -1.861965507999969, 0.0 ], [ 106.144099028000085, -1.862043753999956, 0.0 ], [ 106.144208840000033, -1.862131223999938, 0.0 ], [ 106.144297977000065, -1.86222298499996, 0.0 ], [ 106.144399272000044, -1.862305005999929, 0.0 ], [ 106.144519291000051, -1.862413734999961, 0.0 ], [ 106.144612338000059, -1.862516917999926, 0.0 ], [ 106.144709618000036, -1.862605716999951, 0.0 ], [ 106.144797124000036, -1.862675444999979, 0.0 ], [ 106.14489939200007, -1.862762539999949, 0.0 ], [ 106.145027662000075, -1.86286722899996, 0.0 ], [ 106.145155223000074, -1.862976105999962, 0.0 ], [ 106.145272547000047, -1.863059436999947, 0.0 ], [ 106.145399119000047, -1.86317997499998, 0.0 ], [ 106.145475454000064, -1.863269998999954, 0.0 ], [ 106.145580782000081, -1.863361324999971, 0.0 ], [ 106.145669385000076, -1.863432498999941, 0.0 ], [ 106.145761613000047, -1.863519654999948, 0.0 ], [ 106.145864647000053, -1.863622713999973, 0.0 ], [ 106.145937623000066, -1.863703305999934, 0.0 ], [ 106.146029407000071, -1.863799786999948, 0.0 ], [ 106.146137638000084, -1.863903249999964, 0.0 ], [ 106.146247660000085, -1.863996679999957, 0.0 ], [ 106.146343951000063, -1.864071042999967, 0.0 ], [ 106.146426057000042, -1.864132135999967, 0.0 ], [ 106.146532554000032, -1.864209304999974, 0.0 ], [ 106.146617941000045, -1.864283981999961, 0.0 ], [ 106.146695107000085, -1.86440715699996, 0.0 ], [ 106.146794182000065, -1.864530941999931, 0.0 ], [ 106.146890306000046, -1.864653162999957, 0.0 ], [ 106.146981946000039, -1.864776418999952, 0.0 ], [ 106.147061810000082, -1.864873613999976, 0.0 ], [ 106.147147567000047, -1.864963540999952, 0.0 ], [ 106.147273067000071, -1.865081012999951, 0.0 ], [ 106.14740861100006, -1.865202412999963, 0.0 ], [ 106.147541502000081, -1.86532301799997, 0.0 ], [ 106.147661515000038, -1.865435427999955, 0.0 ], [ 106.14783170700008, -1.865587007999977, 0.0 ], [ 106.147947403000046, -1.865681753999979, 0.0 ], [ 106.148048145000075, -1.865756818999955, 0.0 ], [ 106.148151906000066, -1.865843595999934, 0.0 ], [ 106.148251153000047, -1.865929542999936, 0.0 ], [ 106.148846434000063, -1.86638936199995, 0.0 ], [ 106.149293602000057, -1.866666512999927, 0.0 ], [ 106.149834929000065, -1.867112661999954, 0.0 ], [ 106.150411949000045, -1.867469580999966, 0.0 ], [ 106.151113890000033, -1.867868140999974, 0.0 ], [ 106.151601679000066, -1.868100137999932, 0.0 ], [ 106.151959961000045, -1.868173170999967, 0.0 ], [ 106.152011180000045, -1.868208197999934, 0.0 ], [ 106.152048094000065, -1.868212975999938, 0.0 ], [ 106.15207743600007, -1.868184210999971, 0.0 ], [ 106.152129207000087, -1.868128809999973, 0.0 ], [ 106.152168287000052, -1.868090747999929, 0.0 ], [ 106.152227262000054, -1.868080306999957, 0.0 ], [ 106.152301398000077, -1.868119288999935, 0.0 ], [ 106.152348112000084, -1.868180612999936, 0.0 ], [ 106.152371220000077, -1.868228067999951, 0.0 ], [ 106.152401204000057, -1.868260927999927, 0.0 ], [ 106.152487702000087, -1.868315332999941, 0.0 ], [ 106.152567176000048, -1.868365111999935, 0.0 ], [ 106.152671307000048, -1.868425429999945, 0.0 ], [ 106.15274585700007, -1.868464637999978, 0.0 ], [ 106.152866909000068, -1.868543532999979, 0.0 ], [ 106.153050240000084, -1.868661263999968, 0.0 ], [ 106.153206688000068, -1.868759239999974, 0.0 ], [ 106.153371164000077, -1.868856269999981, 0.0 ], [ 106.153534057000059, -1.868967211999973, 0.0 ], [ 106.153645649000055, -1.869055339999932, 0.0 ], [ 106.153743615000053, -1.869145646999925, 0.0 ], [ 106.153859988000079, -1.869217417999948, 0.0 ], [ 106.153999088000035, -1.869262995999975, 0.0 ], [ 106.15411253700006, -1.869303253999931, 0.0 ], [ 106.154216124000072, -1.869329425999979, 0.0 ], [ 106.154316918000063, -1.869359652999947, 0.0 ], [ 106.154389581000032, -1.869387499999959, 0.0 ], [ 106.154592624000088, -1.869500080999956, 0.0 ], [ 106.154766489000053, -1.869590273999961, 0.0 ], [ 106.154920107000066, -1.869677234999926, 0.0 ], [ 106.155051634000074, -1.869758600999944, 0.0 ], [ 106.155212953000046, -1.869853967999973, 0.0 ], [ 106.155358463000084, -1.869940932999953, 0.0 ], [ 106.155655983000088, -1.870074942999963, 0.0 ], [ 106.156170397000039, -1.870264979999945, 0.0 ], [ 106.156767149000075, -1.870443518999934, 0.0 ], [ 106.157173053000065, -1.870584058999953, 0.0 ], [ 106.157293573000061, -1.87060575199996, 0.0 ], [ 106.157357678000039, -1.87059151699998, 0.0 ], [ 106.157416359000081, -1.870558923999965, 0.0 ], [ 106.157506857000044, -1.870515228999977, 0.0 ], [ 106.157607635000033, -1.870494655999948, 0.0 ], [ 106.157686486000046, -1.870497950999948, 0.0 ], [ 106.15781002600005, -1.870503964999955, 0.0 ], [ 106.157925294000052, -1.870507976999932, 0.0 ], [ 106.158006309000086, -1.870521870999937, 0.0 ], [ 106.158055259000037, -1.870551434999925, 0.0 ], [ 106.158092841000041, -1.870573561999947, 0.0 ], [ 106.158126552000056, -1.870587279999938, 0.0 ], [ 106.158168395000075, -1.870594062999942, 0.0 ], [ 106.158224329000063, -1.870595454999943, 0.0 ], [ 106.158297431000051, -1.870592294999938, 0.0 ], [ 106.158375067000065, -1.870581225999956, 0.0 ], [ 106.158442167000032, -1.870568743999968, 0.0 ], [ 106.158552643000064, -1.870544419999931, 0.0 ], [ 106.15866843200007, -1.870507067999938, 0.0 ], [ 106.158796642000084, -1.870450375999951, 0.0 ], [ 106.158879199000069, -1.870403873999976, 0.0 ], [ 106.158986086000084, -1.870321652999962, 0.0 ], [ 106.159088584000074, -1.870222646999935, 0.0 ], [ 106.159160058000055, -1.870136749999972, 0.0 ], [ 106.159197763000066, -1.870057712999937, 0.0 ], [ 106.159205492000069, -1.869998795999948, 0.0 ], [ 106.159187698000039, -1.869952956999953, 0.0 ], [ 106.159155591000058, -1.869917745999942, 0.0 ], [ 106.159135495000044, -1.869884617999958, 0.0 ], [ 106.159135653000078, -1.869852425999966, 0.0 ], [ 106.159166529000061, -1.869818538999937, 0.0 ], [ 106.159245395000084, -1.869763679999949, 0.0 ], [ 106.159308392000071, -1.869717760999947, 0.0 ], [ 106.159324720000086, -1.869681884999977, 0.0 ], [ 106.15936337800008, -1.86957592899995, 0.0 ], [ 106.159400670000082, -1.869457617999956, 0.0 ], [ 106.159425072000033, -1.869380616999933, 0.0 ], [ 106.159463171000084, -1.869313329999954, 0.0 ], [ 106.159510589000035, -1.869242011999972, 0.0 ], [ 106.15956151000006, -1.869192852999959, 0.0 ], [ 106.159608830000082, -1.869189953999978, 0.0 ], [ 106.159642959000053, -1.869209993999959, 0.0 ], [ 106.159667659000036, -1.869232111999963, 0.0 ], [ 106.15972395600005, -1.869238677999931, 0.0 ], [ 106.159752343000036, -1.869234705999929, 0.0 ], [ 106.159818553000036, -1.869208855999943, 0.0 ], [ 106.159890596000082, -1.869180938999932, 0.0 ], [ 106.159968179000089, -1.869143556999973, 0.0 ], [ 106.160015236000049, -1.86911045599993, 0.0 ], [ 106.160031153000034, -1.869077954999966, 0.0 ], [ 106.160052394000047, -1.869033843999944, 0.0 ], [ 106.160082519000071, -1.868979931999945, 0.0 ], [ 106.160135231000083, -1.868934552999974, 0.0 ], [ 106.160213058000068, -1.868885764999959, 0.0 ], [ 106.160255335000045, -1.868855352999958, 0.0 ], [ 106.160313923000047, -1.868804370999953, 0.0 ], [ 106.160385055000063, -1.868731589999925, 0.0 ], [ 106.160425079000049, -1.868680076999965, 0.0 ], [ 106.160457973000064, -1.868654528999969, 0.0 ], [ 106.16049965600007, -1.868637694999961, 0.0 ], [ 106.160573964000037, -1.868623616999969, 0.0 ], [ 106.160649106000051, -1.868618826999978, 0.0 ], [ 106.160703941000065, -1.868616184999951, 0.0 ], [ 106.160767693000082, -1.868599490999941, 0.0 ], [ 106.16083573800006, -1.868588508999949, 0.0 ], [ 106.160874277000062, -1.868590075999975, 0.0 ], [ 106.16089788000005, -1.868611207999948, 0.0 ], [ 106.160917530000063, -1.868663567999931, 0.0 ], [ 106.160959525000067, -1.868752943999937, 0.0 ], [ 106.161028401000067, -1.86883076099997, 0.0 ], [ 106.161098266000067, -1.868882480999957, 0.0 ], [ 106.161141644000054, -1.868900116999953, 0.0 ], [ 106.161199435000071, -1.868894090999959, 0.0 ], [ 106.161235591000036, -1.86888017299998, 0.0 ], [ 106.161268067000037, -1.868862006999962, 0.0 ], [ 106.161330003000046, -1.868843259999949, 0.0 ], [ 106.161429801000054, -1.868835377999972, 0.0 ], [ 106.161562970000034, -1.868831137999962, 0.0 ], [ 106.161640379000062, -1.868830190999972, 0.0 ], [ 106.161706048000042, -1.868815619999964, 0.0 ], [ 106.161781413000085, -1.86879597799998, 0.0 ], [ 106.161905966000063, -1.868798137999931, 0.0 ], [ 106.161945769000056, -1.868806912999958, 0.0 ], [ 106.161984640000071, -1.868820382999957, 0.0 ], [ 106.162035396000078, -1.868847981999977, 0.0 ], [ 106.162117573000046, -1.86887999299995, 0.0 ], [ 106.162139848000038, -1.868905314999949, 0.0 ], [ 106.162133137000069, -1.868938433999972, 0.0 ], [ 106.162109625000085, -1.868973536999931, 0.0 ], [ 106.162072145000081, -1.868998064999971, 0.0 ], [ 106.162022794000052, -1.869015890999947, 0.0 ], [ 106.161980368000059, -1.869035808999968, 0.0 ], [ 106.161935922000055, -1.869061120999959, 0.0 ], [ 106.161906629000043, -1.869081446999928, 0.0 ], [ 106.161874143000034, -1.869112339999958, 0.0 ], [ 106.16185186000007, -1.869143099999974, 0.0 ], [ 106.161835568000072, -1.869180920999952, 0.0 ], [ 106.161820491000071, -1.86924642799994, 0.0 ], [ 106.161807582000051, -1.869314782999936, 0.0 ], [ 106.161806780000063, -1.869366613999944, 0.0 ], [ 106.161810622000075, -1.869412669999974, 0.0 ], [ 106.161830981000037, -1.869478126999979, 0.0 ], [ 106.161854376000065, -1.869538560999956, 0.0 ], [ 106.161883299000067, -1.869598702999951, 0.0 ], [ 106.161921867000046, -1.86965629599996, 0.0 ], [ 106.16197485400005, -1.869727953999927, 0.0 ], [ 106.162028901000042, -1.869798181999954, 0.0 ], [ 106.162063947000036, -1.869845357999964, 0.0 ], [ 106.162122787000044, -1.869905044999939, 0.0 ], [ 106.162175965000074, -1.869951673999935, 0.0 ], [ 106.162232238000058, -1.869990232999953, 0.0 ], [ 106.162290065000036, -1.870025950999946, 0.0 ], [ 106.162328663000039, -1.870047697999951, 0.0 ], [ 106.162393414000064, -1.870086467999954, 0.0 ], [ 106.162489036000068, -1.870139879999954, 0.0 ], [ 106.162598247000062, -1.870188317999975, 0.0 ], [ 106.162682347000043, -1.870217604999937, 0.0 ], [ 106.162754183000061, -1.870244647999925, 0.0 ], [ 106.162834392000036, -1.87027797199994, 0.0 ], [ 106.162921581000035, -1.870302597999967, 0.0 ], [ 106.163007231000051, -1.870311667999943, 0.0 ], [ 106.163053069000057, -1.87032488899996, 0.0 ], [ 106.163123174000077, -1.87035715199994, 0.0 ], [ 106.163226725000072, -1.870411246999936, 0.0 ], [ 106.163398535000056, -1.870520471999953, 0.0 ], [ 106.16349947100008, -1.870588841999961, 0.0 ], [ 106.163596806000044, -1.870676552999953, 0.0 ], [ 106.163767307000057, -1.870804140999951, 0.0 ], [ 106.163915392000035, -1.870898004999958, 0.0 ], [ 106.164019641000039, -1.870973454999955, 0.0 ], [ 106.164134122000064, -1.871051656999953, 0.0 ], [ 106.16428466800005, -1.87115552399996, 0.0 ], [ 106.164396036000085, -1.871230814999933, 0.0 ], [ 106.164508233000049, -1.87129392199995, 0.0 ], [ 106.164623554000059, -1.871338846999947, 0.0 ], [ 106.164725978000035, -1.871373112999947, 0.0 ], [ 106.164902768000047, -1.871426787999951, 0.0 ], [ 106.165119101000073, -1.871450603999961, 0.0 ], [ 106.165337639000086, -1.871503753999946, 0.0 ], [ 106.165522149000083, -1.87158136599993, 0.0 ], [ 106.165618923000068, -1.871636983999963, 0.0 ], [ 106.165750873000036, -1.871718972999929, 0.0 ], [ 106.165888069000061, -1.871808104999957, 0.0 ], [ 106.166023728000084, -1.871884889999933, 0.0 ], [ 106.166148073000045, -1.871938689999979, 0.0 ], [ 106.166290791000051, -1.871991455999932, 0.0 ], [ 106.166383065000048, -1.87198445599995, 0.0 ], [ 106.166492725000069, -1.871908211999937, 0.0 ], [ 106.16659237500005, -1.871842259999937, 0.0 ], [ 106.16671815400008, -1.871821171999954, 0.0 ], [ 106.166820064000035, -1.871866546999968, 0.0 ], [ 106.166865447000077, -1.87192592699995, 0.0 ], [ 106.166906398000037, -1.872026084999959, 0.0 ], [ 106.166969988000062, -1.872172151999962, 0.0 ], [ 106.167045431000076, -1.872256819999961, 0.0 ], [ 106.16711286900005, -1.872294068999963, 0.0 ], [ 106.167171247000056, -1.872292400999925, 0.0 ], [ 106.167308840000032, -1.872274715999936, 0.0 ], [ 106.167367812000066, -1.872264834999953, 0.0 ], [ 106.167601, -1.87217, 0.0 ], [ 106.167846, -1.872139, 0.0 ], [ 106.168333, -1.872272, 0.0 ], [ 106.168496, -1.872374, 0.0 ], [ 106.168640734000064, -1.872517445999961, 0.0 ], [ 106.168668705000073, -1.872658737999927, 0.0 ], [ 106.168665557000054, -1.872697416999927, 0.0 ], [ 106.168718520000084, -1.872772014999953, 0.0 ], [ 106.168870801000082, -1.872875399999941, 0.0 ], [ 106.168960840000068, -1.87292823699994, 0.0 ], [ 106.169040394000035, -1.872975119999978, 0.0 ], [ 106.169171859000073, -1.873030677999964, 0.0 ], [ 106.169279510000081, -1.873058012999934, 0.0 ], [ 106.16937921300007, -1.873070102999975, 0.0 ], [ 106.169471584000064, -1.873073595999927, 0.0 ], [ 106.169541827000046, -1.873069821999934, 0.0 ], [ 106.169639523000058, -1.873051529999941, 0.0 ], [ 106.16961090500007, -1.87307339399996, 0.0 ], [ 106.16976278900006, -1.87307866499998, 0.0 ], [ 106.169916043000057, -1.87306386299997, 0.0 ], [ 106.170071441000061, -1.87304103699995, 0.0 ], [ 106.170250371000066, -1.873000673999968, 0.0 ], [ 106.170369042000061, -1.872959076999962, 0.0 ], [ 106.170451813000057, -1.872923101999959, 0.0 ], [ 106.170524287000035, -1.872882294999954, 0.0 ], [ 106.17058819500005, -1.872842651999974, 0.0 ], [ 106.170700828000065, -1.87279032999993, 0.0 ], [ 106.170818392000058, -1.872732695999957, 0.0 ], [ 106.170909491000089, -1.872688990999961, 0.0 ], [ 106.170980133000057, -1.872651188999953, 0.0 ], [ 106.171020119000048, -1.872610348999956, 0.0 ], [ 106.171049077000077, -1.872559584999976, 0.0 ], [ 106.171081374000039, -1.872514924999962, 0.0 ], [ 106.171114680000073, -1.872487060999958, 0.0 ], [ 106.171172046000038, -1.872465666999972, 0.0 ], [ 106.171229434000054, -1.872462118999977, 0.0 ], [ 106.171303427000055, -1.872474867999927, 0.0 ], [ 106.171368751000045, -1.872496767999962, 0.0 ], [ 106.171434804000057, -1.872547295999937, 0.0 ], [ 106.171476841000072, -1.872630303999927, 0.0 ], [ 106.171511470000041, -1.872713216999955, 0.0 ], [ 106.171580668000047, -1.872800402999928, 0.0 ], [ 106.171619548000081, -1.872855037999955, 0.0 ], [ 106.17162400400008, -1.872945343999959, 0.0 ], [ 106.17161765600008, -1.873065270999973, 0.0 ], [ 106.17163101500006, -1.873160218999942, 0.0 ], [ 106.171678192000059, -1.873200194999924, 0.0 ], [ 106.171749456000043, -1.873205637999945, 0.0 ], [ 106.171795977000045, -1.87321858599995, 0.0 ], [ 106.171818849000033, -1.873275962999969, 0.0 ], [ 106.171818746000042, -1.873364399999957, 0.0 ], [ 106.171790248000036, -1.873457494999968, 0.0 ], [ 106.171757398000068, -1.873549579999974, 0.0 ], [ 106.171765934000064, -1.873584244999961, 0.0 ], [ 106.171801824000056, -1.873602944999959, 0.0 ], [ 106.171868089000043, -1.873605993999945, 0.0 ], [ 106.17189822000006, -1.873603467999942, 0.0 ], [ 106.171948932000078, -1.873592117999976, 0.0 ], [ 106.171997632000057, -1.873582379999959, 0.0 ], [ 106.172064757000044, -1.873581755999965, 0.0 ], [ 106.172155951000036, -1.87358581899997, 0.0 ], [ 106.172229001000062, -1.873614126999939, 0.0 ], [ 106.172299187000078, -1.873659730999975, 0.0 ], [ 106.172369599000035, -1.873748942999953, 0.0 ], [ 106.172431532000076, -1.873890342999971, 0.0 ], [ 106.172443629000043, -1.873979412999972, 0.0 ], [ 106.172445174000075, -1.874086001999956, 0.0 ], [ 106.172434367000051, -1.874178044999951, 0.0 ], [ 106.17240765400004, -1.874252306999949, 0.0 ], [ 106.172371708000071, -1.874338985999941, 0.0 ], [ 106.172318273000087, -1.874405269999954, 0.0 ], [ 106.172230956000078, -1.874471268999969, 0.0 ], [ 106.172096110000041, -1.874510778999934, 0.0 ], [ 106.171946822000052, -1.874514949999934, 0.0 ], [ 106.171790417000068, -1.87450948299994, 0.0 ], [ 106.17166988300005, -1.874522173999935, 0.0 ], [ 106.171611147000078, -1.874553926999965, 0.0 ], [ 106.17156716900007, -1.874618204999933, 0.0 ], [ 106.171528592000072, -1.874683220999941, 0.0 ], [ 106.17148211500006, -1.874748884999974, 0.0 ], [ 106.171381152000038, -1.875000003999958, 0.0 ], [ 106.171380563000071, -1.875080147999938, 0.0 ], [ 106.171441513000048, -1.875242270999934, 0.0 ], [ 106.171464229000037, -1.875336688999937, 0.0 ], [ 106.171466876000068, -1.875422653999976, 0.0 ], [ 106.171478576000084, -1.875496889999965, 0.0 ], [ 106.171509723000042, -1.875616700999956, 0.0 ], [ 106.171545412000057, -1.875750837999931, 0.0 ], [ 106.171562956000059, -1.875853073999963, 0.0 ], [ 106.17159149400004, -1.875942277999968, 0.0 ], [ 106.171664049000071, -1.876035358999957, 0.0 ], [ 106.171712626000044, -1.876087428999938, 0.0 ], [ 106.171767673000033, -1.87613102499995, 0.0 ], [ 106.171794239000064, -1.876173990999973, 0.0 ], [ 106.171816298000067, -1.87625212699993, 0.0 ], [ 106.171865561000061, -1.87635955199994, 0.0 ], [ 106.171946538000043, -1.876465653999958, 0.0 ], [ 106.172028801000067, -1.87655807799996, 0.0 ], [ 106.172142167000061, -1.876703232999944, 0.0 ], [ 106.172183646000065, -1.876784612999927, 0.0 ], [ 106.172224479000079, -1.876869899999974, 0.0 ], [ 106.172273731000075, -1.876960392999933, 0.0 ], [ 106.172341754000058, -1.877051523999967, 0.0 ], [ 106.172458977000076, -1.877157599999975, 0.0 ], [ 106.172560649000047, -1.877236334999964, 0.0 ], [ 106.172638993000078, -1.877276008999957, 0.0 ], [ 106.172748413000079, -1.877326732999961, 0.0 ], [ 106.172835158000055, -1.87734556099997, 0.0 ], [ 106.172936130000039, -1.877346795999927, 0.0 ], [ 106.173009916000069, -1.877345442999967, 0.0 ], [ 106.173090174000038, -1.877342132999956, 0.0 ], [ 106.173206856000036, -1.877307444999929, 0.0 ], [ 106.173263563000035, -1.87727100099994, 0.0 ], [ 106.173342982000065, -1.877344883999967, 0.0 ], [ 106.173428304000083, -1.877427798999975, 0.0 ], [ 106.173495112000069, -1.87750282099995, 0.0 ], [ 106.173546768000051, -1.87757333899998, 0.0 ], [ 106.173591122000062, -1.877638787999956, 0.0 ], [ 106.173631555000043, -1.877703099999962, 0.0 ], [ 106.173662722000074, -1.877756419999969, 0.0 ], [ 106.173692484000071, -1.877806917999976, 0.0 ], [ 106.173729835000074, -1.877872081999953, 0.0 ], [ 106.173764937000044, -1.877935836999939, 0.0 ], [ 106.173811283000077, -1.878036840999926, 0.0 ], [ 106.173863525000058, -1.878149410999924, 0.0 ], [ 106.173900328000059, -1.878242516999933, 0.0 ], [ 106.173909329000082, -1.878272703999926, 0.0 ], [ 106.173919725000076, -1.878305720999947, 0.0 ], [ 106.173928169000078, -1.878350019999971, 0.0 ], [ 106.173932968000088, -1.87838811499995, 0.0 ], [ 106.173933267000052, -1.878418027999942, 0.0 ], [ 106.173930483000049, -1.878450483999927, 0.0 ], [ 106.173924619000047, -1.878485764999937, 0.0 ], [ 106.173915107000084, -1.878525280999952, 0.0 ], [ 106.173911481000061, -1.878560559999926, 0.0 ], [ 106.173916834000067, -1.878594703999966, 0.0 ], [ 106.173886497000069, -1.878625341999964, 0.0 ], [ 106.173852343000078, -1.87866209799995, 0.0 ], [ 106.173829849000072, -1.878699234999942, 0.0 ], [ 106.173822118000032, -1.878753556999925, 0.0 ], [ 106.173829534000049, -1.878807859999938, 0.0 ], [ 106.173845874000051, -1.878855526999928, 0.0 ], [ 106.173854045000041, -1.878882485999952, 0.0 ], [ 106.173883984000042, -1.878928569999971, 0.0 ], [ 106.173938773000089, -1.878976598999941, 0.0 ], [ 106.174008308000055, -1.879003904999934, 0.0 ], [ 106.174069280000083, -1.879010502999961, 0.0 ], [ 106.17413104600007, -1.879034295999929, 0.0 ], [ 106.174197887000048, -1.879105762999927, 0.0 ], [ 106.174276791000068, -1.879202620999934, 0.0 ], [ 106.17437745400008, -1.87931899299997, 0.0 ], [ 106.174497510000037, -1.879412692999949, 0.0 ], [ 106.17459345900005, -1.879442323999967, 0.0 ], [ 106.174700648000055, -1.879451242999949, 0.0 ], [ 106.174764330000073, -1.879436744999964, 0.0 ], [ 106.174836545000062, -1.879411296999933, 0.0 ], [ 106.174873437000088, -1.879408530999967, 0.0 ], [ 106.174936348000074, -1.879411618999939, 0.0 ], [ 106.174988020000058, -1.879436593999969, 0.0 ], [ 106.175059900000065, -1.879488509999931, 0.0 ], [ 106.175104586000089, -1.879526777999956, 0.0 ], [ 106.175151601000039, -1.879565821999961, 0.0 ], [ 106.175213761000066, -1.879600947999961, 0.0 ], [ 106.175252219000072, -1.879614597999932, 0.0 ], [ 106.175298442000042, -1.879625113999964, 0.0 ], [ 106.175332235000042, -1.879641109999966, 0.0 ], [ 106.175397125000075, -1.879684836999957, 0.0 ], [ 106.175437532000046, -1.87972349599994, 0.0 ], [ 106.175506301000041, -1.879760959999942, 0.0 ], [ 106.175555237000083, -1.879768352999974, 0.0 ], [ 106.175618533000033, -1.87975423599994, 0.0 ], [ 106.175690362000068, -1.879730352999957, 0.0 ], [ 106.175787814000046, -1.879697072999932, 0.0 ], [ 106.175865079000062, -1.879667324999957, 0.0 ], [ 106.17591787200007, -1.879635638999957, 0.0 ], [ 106.175979205000033, -1.879604725999968, 0.0 ], [ 106.176063700000043, -1.87958128799994, 0.0 ], [ 106.176172542000074, -1.879598706999957, 0.0 ], [ 106.176249125000083, -1.879613615999972, 0.0 ], [ 106.176305791000061, -1.879632481999977, 0.0 ], [ 106.17636445800008, -1.879674249999937, 0.0 ], [ 106.176400733000037, -1.879716882999958, 0.0 ], [ 106.176426022000044, -1.879785247999962, 0.0 ], [ 106.176449081000044, -1.879907343999946, 0.0 ], [ 106.176442016000067, -1.879989407999972, 0.0 ], [ 106.176414573000045, -1.88008646399993, 0.0 ], [ 106.176377133000074, -1.88023790799997, 0.0 ], [ 106.176352302000055, -1.880368502999943, 0.0 ], [ 106.176322568000046, -1.880428112999937, 0.0 ], [ 106.176287339000055, -1.880497170999945, 0.0 ], [ 106.176273464000076, -1.880559375999951, 0.0 ], [ 106.176272213000061, -1.880624176999959, 0.0 ], [ 106.176278072000059, -1.880673994999938, 0.0 ], [ 106.176297862000069, -1.880746596999927, 0.0 ], [ 106.176306641000053, -1.880808460999958, 0.0 ], [ 106.176273350000088, -1.880871329999934, 0.0 ], [ 106.176211919000082, -1.880959617999963, 0.0 ], [ 106.176156713000069, -1.881092385999978, 0.0 ], [ 106.176129292000041, -1.881155097999965, 0.0 ], [ 106.176100206000058, -1.881189353999957, 0.0 ], [ 106.17607918200008, -1.881167025999957, 0.0 ], [ 106.176074678000077, -1.881153207999944, 0.0 ], [ 106.176074389000064, -1.881137966999972, 0.0 ], [ 106.17607633700004, -1.881107201999953, 0.0 ], [ 106.176065383000036, -1.881086323999966, 0.0 ], [ 106.176040128000068, -1.88106827799993, 0.0 ], [ 106.176013479000062, -1.881063501999961, 0.0 ], [ 106.176001418000055, -1.88106774299996, 0.0 ], [ 106.176005359000044, -1.881086364999931, 0.0 ], [ 106.176017714000068, -1.881104980999964, 0.0 ], [ 106.176007912000046, -1.88112700399995, 0.0 ], [ 106.175972310000077, -1.881162023999934, 0.0 ], [ 106.175958010000045, -1.881165696999972, 0.0 ], [ 106.175925738000046, -1.881140038999945, 0.0 ], [ 106.175877472000082, -1.881099431999928, 0.0 ], [ 106.175844941000037, -1.881102564999935, 0.0 ], [ 106.175807937000059, -1.881139838999957, 0.0 ], [ 106.175759998000046, -1.881170353999948, 0.0 ], [ 106.175727739000081, -1.881164731999945, 0.0 ], [ 106.175667436000083, -1.881164772999966, 0.0 ], [ 106.175591437000037, -1.881177523999952, 0.0 ], [ 106.175520759000051, -1.881188859999952, 0.0 ], [ 106.175486007000075, -1.881217945999936, 0.0 ], [ 106.175490791000072, -1.881247014999929, 0.0 ], [ 106.175522516000058, -1.881288193999978, 0.0 ], [ 106.175555350000081, -1.881321476999972, 0.0 ], [ 106.17559071900007, -1.881366317999948, 0.0 ], [ 106.175619630000085, -1.881394519999958, 0.0 ], [ 106.175639278000062, -1.881415391999951, 0.0 ], [ 106.175666204000038, -1.881419045999962, 0.0 ], [ 106.175705743000037, -1.881408290999957, 0.0 ], [ 106.175743890000035, -1.881414479999933, 0.0 ], [ 106.175772249000033, -1.881450577999942, 0.0 ], [ 106.175761884000053, -1.881476264999947, 0.0 ], [ 106.175718148000044, -1.881501693999951, 0.0 ], [ 106.175644692000049, -1.881539841999938, 0.0 ], [ 106.175614426000038, -1.881583894999949, 0.0 ], [ 106.175622600000054, -1.88164033299995, 0.0 ], [ 106.175642813000081, -1.881673614999954, 0.0 ], [ 106.175656580000066, -1.881706909999934, 0.0 ], [ 106.175680720000059, -1.881737086999976, 0.0 ], [ 106.175699253000062, -1.881771509999965, 0.0 ], [ 106.175703780000049, -1.881820323999932, 0.0 ], [ 106.175687545000073, -1.881873675999941, 0.0 ], [ 106.175655314000039, -1.881910384999969, 0.0 ], [ 106.175593896000066, -1.881922845999952, 0.0 ], [ 106.175533586000086, -1.881911878999972, 0.0 ], [ 106.17546795700008, -1.881918417999941, 0.0 ], [ 106.175381608000066, -1.88196757399993, 0.0 ], [ 106.17532189700006, -1.882018982999966, 0.0 ], [ 106.175251824000043, -1.882087321999961, 0.0 ], [ 106.175208115000032, -1.882154803999924, 0.0 ], [ 106.17517113200006, -1.882207887999925, 0.0 ], [ 106.175118421000036, -1.882240657999944, 0.0 ], [ 106.175085052000043, -1.882255921999956, 0.0 ], [ 106.175077379000072, -1.882260739999936, 0.0 ], [ 106.175033542000051, -1.882297067999957, 0.0 ], [ 106.174972485000069, -1.882338355999934, 0.0 ], [ 106.174917579000066, -1.882368920999966, 0.0 ], [ 106.174887259000059, -1.882399044999943, 0.0 ], [ 106.174867204000066, -1.882440720999966, 0.0 ], [ 106.174863160000086, -1.882523216999971, 0.0 ], [ 106.174861994000082, -1.882621385999926, 0.0 ], [ 106.174852237000039, -1.882738122999967, 0.0 ], [ 106.174844920000055, -1.882832578999967, 0.0 ], [ 106.174843773000077, -1.882958797999947, 0.0 ], [ 106.174853686000063, -1.883061906999956, 0.0 ], [ 106.17487753100005, -1.883176549999973, 0.0 ], [ 106.174910821000083, -1.883299036999972, 0.0 ], [ 106.174951038000074, -1.883361701999945, 0.0 ], [ 106.174983862000033, -1.883405811999978, 0.0 ], [ 106.174987553000051, -1.883413235999967, 0.0 ], [ 106.175011803000075, -1.883501482999975, 0.0 ], [ 106.175006943000085, -1.883600477999948, 0.0 ], [ 106.174979940000071, -1.883671031999938, 0.0 ], [ 106.174934476000033, -1.883732516999942, 0.0 ], [ 106.174887778000084, -1.883777919999943, 0.0 ], [ 106.174827554000046, -1.883828695999966, 0.0 ], [ 106.174800939000079, -1.88387450099998, 0.0 ], [ 106.174794423000037, -1.883942968999975, 0.0 ], [ 106.174810068000056, -1.884041950999972, 0.0 ], [ 106.174842569000077, -1.884220527999958, 0.0 ], [ 106.174909919000072, -1.884394133999933, 0.0 ], [ 106.175003894000042, -1.884550390999948, 0.0 ], [ 106.17506463400008, -1.884652642999924, 0.0 ], [ 106.17510569600006, -1.884756970999945, 0.0 ], [ 106.175145083000075, -1.884815096999944, 0.0 ], [ 106.175174666000032, -1.884905818999925, 0.0 ], [ 106.175191561000076, -1.885044806999929, 0.0 ], [ 106.175248625000052, -1.885161090999929, 0.0 ], [ 106.175338070000066, -1.885291779999932, 0.0 ], [ 106.175422196000056, -1.885426596999935, 0.0 ], [ 106.175469426000063, -1.885557730999949, 0.0 ], [ 106.175503530000071, -1.885674020999943, 0.0 ], [ 106.175482300000056, -1.88580107699994, 0.0 ], [ 106.175405717000046, -1.885907546999931, 0.0 ], [ 106.175345920000041, -1.885991726999976, 0.0 ], [ 106.175300485000037, -1.88608456299994, 0.0 ], [ 106.175287839000077, -1.88618067799996, 0.0 ], [ 106.175323998000067, -1.886305215999926, 0.0 ], [ 106.175408944000083, -1.886442510999927, 0.0 ], [ 106.175525478000054, -1.886618136999971, 0.0 ], [ 106.175600155000041, -1.88671089099995, 0.0 ], [ 106.175698601000079, -1.886805283999934, 0.0 ], [ 106.175812639000071, -1.886931008999966, 0.0 ], [ 106.175869276000071, -1.88702830699998, 0.0 ], [ 106.175948895000033, -1.887156948999973, 0.0 ], [ 106.176046530000065, -1.887275258999978, 0.0 ], [ 106.176128166000069, -1.887356872999931, 0.0 ], [ 106.17622336800008, -1.887505702999931, 0.0 ], [ 106.176339901000063, -1.887678858999948, 0.0 ], [ 106.176457642000059, -1.887803757999961, 0.0 ], [ 106.17665085200008, -1.888009035999971, 0.0 ], [ 106.176781722000044, -1.888153716999966, 0.0 ], [ 106.176899023000033, -1.888251398999955, 0.0 ], [ 106.177020416000062, -1.888326382999935, 0.0 ], [ 106.177135253000074, -1.888411266999981, 0.0 ], [ 106.177265284000043, -1.888536573999943, 0.0 ], [ 106.177369467000062, -1.888632608999956, 0.0 ], [ 106.177517556000055, -1.888781818999973, 0.0 ], [ 106.177744395000047, -1.888999447999936, 0.0 ], [ 106.177910955000073, -1.889198140999952, 0.0 ], [ 106.178085287000044, -1.889363007999975, 0.0 ], [ 106.17820548900005, -1.889498215999936, 0.0 ], [ 106.178360564000059, -1.889675053999952, 0.0 ], [ 106.178468858000087, -1.889788408999948, 0.0 ], [ 106.178621475000057, -1.889959476999934, 0.0 ], [ 106.178910208000048, -1.890177887999926, 0.0 ], [ 106.179103399000041, -1.890339439999934, 0.0 ], [ 106.179259281000043, -1.890501017999952, 0.0 ], [ 106.179408619000071, -1.890688586999943, 0.0 ], [ 106.179533341000081, -1.890846893999935, 0.0 ], [ 106.179626083000073, -1.890986245999954, 0.0 ], [ 106.179745056000058, -1.891123923999942, 0.0 ], [ 106.179828739000072, -1.891214608999974, 0.0 ], [ 106.179973953000058, -1.891353101999925, 0.0 ], [ 106.180060089000051, -1.891427693999958, 0.0 ], [ 106.180137220000063, -1.891520037999953, 0.0 ], [ 106.180234833000043, -1.89160452699997, 0.0 ], [ 106.180343099000083, -1.891660958999978, 0.0 ], [ 106.180429208000078, -1.89169678199994, 0.0 ], [ 106.180610844000057, -1.891748631999974, 0.0 ], [ 106.180728080000051, -1.891750197999954, 0.0 ], [ 106.180934705000084, -1.891772741999944, 0.0 ], [ 106.181175769000049, -1.891820426999971, 0.0 ], [ 106.18133240800006, -1.891876408999963, 0.0 ], [ 106.181474280000089, -1.891937774999974, 0.0 ], [ 106.181552597000064, -1.891963291999957, 0.0 ], [ 106.181612450000046, -1.891976031999945, 0.0 ], [ 106.181671894000033, -1.891982594999945, 0.0 ], [ 106.181714118000059, -1.891981742999974, 0.0 ], [ 106.18174607900005, -1.891959034999957, 0.0 ], [ 106.181743594000068, -1.89192603999993, 0.0 ], [ 106.181707079000034, -1.891875329999948, 0.0 ], [ 106.181687368000041, -1.891826262999928, 0.0 ], [ 106.181710302000056, -1.89178829399998, 0.0 ], [ 106.181782429000066, -1.891767214999959, 0.0 ], [ 106.181847625000046, -1.891784074999975, 0.0 ], [ 106.181913635000058, -1.891808777999927, 0.0 ], [ 106.182060024000066, -1.891862297999978, 0.0 ], [ 106.182152278000046, -1.89189152299997, 0.0 ], [ 106.182241647000069, -1.891908783999952, 0.0 ], [ 106.182343332000073, -1.891939241999978, 0.0 ], [ 106.182460602000049, -1.891977105999956, 0.0 ], [ 106.182553254000084, -1.891996842999959, 0.0 ], [ 106.182683651000048, -1.892052019999937, 0.0 ], [ 106.182803007000075, -1.892145981999931, 0.0 ], [ 106.182849378000071, -1.892215245999978, 0.0 ], [ 106.182889213000067, -1.892323282999939, 0.0 ], [ 106.182909363000078, -1.892423906999966, 0.0 ], [ 106.182905326000082, -1.892513827999949, 0.0 ], [ 106.182914808000078, -1.892590127999938, 0.0 ], [ 106.182973907000076, -1.89269732799994, 0.0 ], [ 106.183029296000086, -1.892768647999958, 0.0 ], [ 106.183111715000052, -1.892798286999948, 0.0 ], [ 106.18322977300005, -1.892792434999933, 0.0 ], [ 106.183403144000067, -1.892746944999942, 0.0 ], [ 106.183626545000038, -1.892730292999943, 0.0 ], [ 106.18371140000005, -1.892732296999952, 0.0 ], [ 106.183815523000078, -1.892738819999977, 0.0 ], [ 106.183950002000074, -1.892768015999934, 0.0 ], [ 106.184035286000039, -1.892793112999925, 0.0 ], [ 106.184060707000071, -1.892803822999952, 0.0 ], [ 106.184075062000034, -1.892815363999944, 0.0 ], [ 106.184156276000067, -1.892882947999965, 0.0 ], [ 106.184235051000087, -1.892986833999942, 0.0 ], [ 106.184290469000075, -1.893100222999976, 0.0 ], [ 106.184306912000068, -1.893168268999943, 0.0 ], [ 106.184297939000032, -1.89323262299996, 0.0 ], [ 106.184247163000066, -1.893321753999942, 0.0 ], [ 106.184195579000061, -1.893412114999933, 0.0 ], [ 106.184155082000075, -1.893547432999981, 0.0 ], [ 106.184150235000061, -1.89365137599998, 0.0 ], [ 106.184186800000077, -1.893763131999947, 0.0 ], [ 106.184238137000079, -1.893903334999948, 0.0 ], [ 106.184239446000049, -1.894030365999924, 0.0 ], [ 106.184188692000077, -1.894140119999975, 0.0 ], [ 106.184190803000035, -1.894230443999959, 0.0 ], [ 106.184261784000057, -1.894320730999937, 0.0 ], [ 106.184333997000067, -1.894424619999938, 0.0 ], [ 106.184374262000063, -1.894556164999926, 0.0 ], [ 106.184377654000059, -1.89472032499998, 0.0 ], [ 106.184383903000082, -1.894866745999934, 0.0 ], [ 106.184467234000067, -1.895034559999942, 0.0 ], [ 106.184565289000034, -1.895159063999927, 0.0 ], [ 106.184653908000087, -1.895262941999931, 0.0 ], [ 106.18476707800005, -1.895314005999978, 0.0 ], [ 106.184941339000034, -1.895374109999977, 0.0 ], [ 106.185064326000088, -1.895385575999967, 0.0 ], [ 106.185159017000046, -1.895375605999959, 0.0 ], [ 106.185226232000048, -1.895360300999926, 0.0 ], [ 106.185345527000038, -1.895363926999948, 0.0 ], [ 106.185457480000082, -1.895422426999971, 0.0 ], [ 106.185565753000049, -1.895503189999943, 0.0 ], [ 106.185641244000067, -1.895589755999936, 0.0 ], [ 106.185681886000054, -1.89568088599998, 0.0 ], [ 106.185734853000042, -1.895812014999933, 0.0 ], [ 106.185802975000058, -1.895914667999932, 0.0 ], [ 106.18583254400005, -1.895997962999957, 0.0 ], [ 106.185831773000075, -1.896066843999961, 0.0 ], [ 106.185785905000046, -1.896128337999926, 0.0 ], [ 106.185675272000083, -1.896198939999977, 0.0 ], [ 106.185558920000062, -1.896308322999971, 0.0 ], [ 106.185490529000049, -1.896404068999971, 0.0 ], [ 106.185370092000085, -1.896520464999981, 0.0 ], [ 106.185338154000078, -1.896576169999946, 0.0 ], [ 106.185355007000055, -1.896638434999943, 0.0 ], [ 106.185437842000056, -1.896684164999954, 0.0 ], [ 106.185570271000074, -1.896712529999945, 0.0 ], [ 106.185729760000072, -1.896755728999949, 0.0 ], [ 106.185814243000038, -1.896805166999968, 0.0 ], [ 106.185833947000049, -1.896856303999925, 0.0 ], [ 106.185817603000032, -1.896934266999949, 0.0 ], [ 106.185747154000069, -1.897018463999927, 0.0 ], [ 106.185607437000044, -1.897113010999931, 0.0 ], [ 106.185495181000078, -1.89721620499995, 0.0 ], [ 106.185438677000036, -1.897316057999944, 0.0 ], [ 106.185414574000049, -1.897433219999925, 0.0 ], [ 106.185410137000076, -1.89754458799996, 0.0 ], [ 106.185420429000033, -1.897608919999925, 0.0 ], [ 106.185445482000034, -1.897672427999964, 0.0 ], [ 106.185458273000052, -1.89778913899994, 0.0 ], [ 106.185474328000055, -1.897895962999939, 0.0 ], [ 106.185491322000075, -1.897938865999947, 0.0 ], [ 106.185517446000063, -1.898004818999937, 0.0 ], [ 106.18556426400005, -1.898135951999961, 0.0 ], [ 106.185574583000061, -1.898239883999963, 0.0 ], [ 106.185611190000088, -1.898411854999949, 0.0 ], [ 106.185657196000079, -1.898552060999975, 0.0 ], [ 106.185716690000049, -1.898631626999929, 0.0 ], [ 106.185830713000087, -1.89872064399998, 0.0 ], [ 106.185941450000087, -1.898802237999973, 0.0 ], [ 106.186045213000057, -1.898873107999975, 0.0 ], [ 106.186155537000047, -1.898955931999978, 0.0 ] ] ] ] } },
{ "type": "Feature", "properties": { "OBJECTID": 59001.0, "NAMOBJ": "Kenanga", "FCODE": "BA03070040", "REMARK": null, "METADATA": "TASWIL1000020221227_DATA_BATAS_DESAKELURAHAN", "SRS_ID": "4326", "KDBBPS": null, "KDCBPS": null, "KDCPUM": "19.01.01", "KDEBPS": null, "KDEPUM": "19.01.01.1005", "KDPBPS": null, "KDPKAB": "19.01", "KDPPUM": "19", "LUASWH": 0.0, "TIPADM": 2.0, "WADMKC": "Sungailiat", "WADMKD": "Kenanga", "WADMKK": "Bangka", "WADMPR": "Kepulauan Bangka Belitung", "WIADKC": null, "WIADKK": null, "WIADPR": null, "WIADKD": "0", "UUPP": "Hasil Delineasi Batas Desa 2019", "LUAS": 12.13330855 }, "geometry": { "type": "MultiPolygon", "coordinates": [ [ [ [ 106.133135014000061, -1.91307803899997, 0.0 ], [ 106.13282078800006, -1.914009782999926, 0.0 ], [ 106.132752996000079, -1.915095418999954, 0.0 ], [ 106.132840607000048, -1.916524545999948, 0.0 ], [ 106.133179589000065, -1.916635638999935, 0.0 ], [ 106.133693446000052, -1.916755917999978, 0.0 ], [ 106.133901893000086, -1.91687927299995, 0.0 ], [ 106.134144523000089, -1.917084494999926, 0.0 ], [ 106.133953237000071, -1.91745465799994, 0.0 ], [ 106.133835417000057, -1.917695979999962, 0.0 ], [ 106.133373521000067, -1.918270672999938, 0.0 ], [ 106.132481829000085, -1.919619160999957, 0.0 ], [ 106.132067370000073, -1.920182334999936, 0.0 ], [ 106.13151969900008, -1.920730280999976, 0.0 ], [ 106.131009993000077, -1.921136521999927, 0.0 ], [ 106.130889920000072, -1.921176879999962, 0.0 ], [ 106.130866578000052, -1.921184726999968, 0.0 ], [ 106.13079311100006, -1.921209420999958, 0.0 ], [ 106.130759786000056, -1.921357042999944, 0.0 ], [ 106.130591662000086, -1.921600138999963, 0.0 ], [ 106.130370903000085, -1.921724490999964, 0.0 ], [ 106.130280218000053, -1.921775576999948, 0.0 ], [ 106.129961490000085, -1.922086552999929, 0.0 ], [ 106.129770717000042, -1.922403517999953, 0.0 ], [ 106.129711959000076, -1.922501143999966, 0.0 ], [ 106.12967111100005, -1.922569009999961, 0.0 ], [ 106.129750233000038, -1.923345693999977, 0.0 ], [ 106.129769183000064, -1.924079610999968, 0.0 ], [ 106.129950367000049, -1.924701742999957, 0.0 ], [ 106.130112326000074, -1.925027120999971, 0.0 ], [ 106.130331279000075, -1.925208863999956, 0.0 ], [ 106.130683883000074, -1.926070208999931, 0.0 ], [ 106.130897655000069, -1.926332560999924, 0.0 ], [ 106.13078026900007, -1.927706081999929, 0.0 ], [ 106.13041860800007, -1.927783972999976, 0.0 ], [ 106.129476591000071, -1.92766015199993, 0.0 ], [ 106.129172136000079, -1.927669928999933, 0.0 ], [ 106.129010514000072, -1.92786149899996, 0.0 ], [ 106.128935468000066, -1.928235680999933, 0.0 ], [ 106.128849778000074, -1.929393303999973, 0.0 ], [ 106.128888454000048, -1.930331444999979, 0.0 ], [ 106.128831760000082, -1.930925014999957, 0.0 ], [ 106.128622895000035, -1.93161441899997, 0.0 ], [ 106.128470839000045, -1.931882567999935, 0.0 ], [ 106.127919795000082, -1.933089148999954, 0.0 ], [ 106.127700471000082, -1.933451997999953, 0.0 ], [ 106.127606106000087, -1.933529721999946, 0.0 ], [ 106.12731113500007, -1.933501199999967, 0.0 ], [ 106.126892364000071, -1.933300442999951, 0.0 ], [ 106.126416405000043, -1.932946555999933, 0.0 ], [ 106.126162624000074, -1.932629887999951, 0.0 ], [ 106.126045194000085, -1.932726621999961, 0.0 ], [ 106.125874272000033, -1.933243683999933, 0.0 ], [ 106.125456056000075, -1.933885363999934, 0.0 ], [ 106.125094656000044, -1.934115358999975, 0.0 ], [ 106.124885444000085, -1.934278241999948, 0.0 ], [ 106.124629067000058, -1.935063408999952, 0.0 ], [ 106.124287030000062, -1.935800769999958, 0.0 ], [ 106.124059073000069, -1.93639445499997, 0.0 ], [ 106.124049828000068, -1.936806105999949, 0.0 ], [ 106.124268980000068, -1.937284615999943, 0.0 ], [ 106.124507140000048, -1.93773439499995, 0.0 ], [ 106.124864770000045, -1.938997807999954, 0.0 ], [ 106.124917355000036, -1.939233903999934, 0.0 ], [ 106.123074500000087, -1.940524961999927, 0.0 ], [ 106.122404776000053, -1.94067857999994, 0.0 ], [ 106.121546022000075, -1.941785806999974, 0.0 ], [ 106.121091121000063, -1.942748542999936, 0.0 ], [ 106.121318827000039, -1.94353784499998, 0.0 ], [ 106.120435630000088, -1.94413579899998, 0.0 ], [ 106.118656595000061, -1.944433751999952, 0.0 ], [ 106.11875092300005, -1.943189179999933, 0.0 ], [ 106.117923088000055, -1.943093998999927, 0.0 ], [ 106.117409093000049, -1.942778428999929, 0.0 ], [ 106.117068681000035, -1.942511449999927, 0.0 ], [ 106.117019252000034, -1.943171186999962, 0.0 ], [ 106.116620071000057, -1.943832, 0.0 ], [ 106.116791531000047, -1.94412865399994, 0.0 ], [ 106.116021330000081, -1.944866298999955, 0.0 ], [ 106.11605966500008, -1.945287491999977, 0.0 ], [ 106.117276279000066, -1.94530199899998, 0.0 ], [ 106.117478589000086, -1.946936563999941, 0.0 ], [ 106.116698246000055, -1.946914435999929, 0.0 ], [ 106.115974001000041, -1.946893896999939, 0.0 ], [ 106.113821605000055, -1.946832859999972, 0.0 ], [ 106.112524425000061, -1.946796073999963, 0.0 ], [ 106.111868602000072, -1.946777475999966, 0.0 ], [ 106.111501524000062, -1.946666940999933, 0.0 ], [ 106.111149245000036, -1.946560861999956, 0.0 ], [ 106.110911159000068, -1.946307417999947, 0.0 ], [ 106.107864497000037, -1.94306423699993, 0.0 ], [ 106.106453100000067, -1.941561798999942, 0.0 ], [ 106.104056679000053, -1.941665602999933, 0.0 ], [ 106.102778398000055, -1.941720973999963, 0.0 ], [ 106.102576806000059, -1.941729706999979, 0.0 ], [ 106.097656145000087, -1.941942851999954, 0.0 ], [ 106.093355123000038, -1.942129158999933, 0.0 ], [ 106.091672835000054, -1.94220202899993, 0.0 ], [ 106.091107534000059, -1.942226515999948, 0.0 ], [ 106.090127320000079, -1.942268976999969, 0.0 ], [ 106.088902795000081, -1.939375188999975, 0.0 ], [ 106.088527203000069, -1.937769763999938, 0.0 ], [ 106.088443913000049, -1.93682747899993, 0.0 ], [ 106.088406237000072, -1.936091966999925, 0.0 ], [ 106.088749543000063, -1.935618567999938, 0.0 ], [ 106.089185987000064, -1.935347727999954, 0.0 ], [ 106.089536672000065, -1.935048422999955, 0.0 ], [ 106.089726302000088, -1.934641124999928, 0.0 ], [ 106.089997678000088, -1.93405824599995, 0.0 ], [ 106.090146383000047, -1.933409139999981, 0.0 ], [ 106.090147516000059, -1.933409112999925, 0.0 ], [ 106.090868184000044, -1.93332759499998, 0.0 ], [ 106.091400986000053, -1.933298530999934, 0.0 ], [ 106.092067016000044, -1.933307672999945, 0.0 ], [ 106.092685351000057, -1.933125381999957, 0.0 ], [ 106.093703250000033, -1.932866243999968, 0.0 ], [ 106.094920632000083, -1.932099597999979, 0.0 ], [ 106.095709855000052, -1.931333227999971, 0.0 ], [ 106.096451559000059, -1.930653047999954, 0.0 ], [ 106.097126708000076, -1.93004949699997, 0.0 ], [ 106.097406186000057, -1.929656812999951, 0.0 ], [ 106.098000005000074, -1.929824916999962, 0.0 ], [ 106.098350054000036, -1.929686835999973, 0.0 ], [ 106.09967447300005, -1.929670655999928, 0.0 ], [ 106.100743845000068, -1.929361651999955, 0.0 ], [ 106.101378059000069, -1.928138572999956, 0.0 ], [ 106.102623214000062, -1.927543747999948, 0.0 ], [ 106.107505425000056, -1.91447883799998, 0.0 ], [ 106.108063033000064, -1.909173199999941, 0.0 ], [ 106.108162904000039, -1.909125269999947, 0.0 ], [ 106.108372238000072, -1.90914906699993, 0.0 ], [ 106.108940545000053, -1.909358145999931, 0.0 ], [ 106.109290424000051, -1.909215483999958, 0.0 ], [ 106.109794527000076, -1.908961466999926, 0.0 ], [ 106.110156020000034, -1.90887507399998, 0.0 ], [ 106.11057599600008, -1.908651716999941, 0.0 ], [ 106.110702863000085, -1.908506150999926, 0.0 ], [ 106.111059614000055, -1.90844369399997, 0.0 ], [ 106.111454374000061, -1.90830462699995, 0.0 ], [ 106.111765199000047, -1.908138041999962, 0.0 ], [ 106.112638471000082, -1.907901974999959, 0.0 ], [ 106.113128633000088, -1.907867956999951, 0.0 ], [ 106.113322677000042, -1.907787415999962, 0.0 ], [ 106.113413928000057, -1.907651417999944, 0.0 ], [ 106.113522286000034, -1.907484773999954, 0.0 ], [ 106.113598377000073, -1.907448347999946, 0.0 ], [ 106.113741084000083, -1.907432936999953, 0.0 ], [ 106.113904708000064, -1.907394538999938, 0.0 ], [ 106.113994111000068, -1.907344698999964, 0.0 ], [ 106.114034772000082, -1.907252003999929, 0.0 ], [ 106.114084133000063, -1.907075825999925, 0.0 ], [ 106.114049689000069, -1.906773335999958, 0.0 ], [ 106.114080089000083, -1.90670438899997, 0.0 ], [ 106.114233910000053, -1.906641054999966, 0.0 ], [ 106.114367245000039, -1.906623552999974, 0.0 ], [ 106.114476720000084, -1.906714424999961, 0.0 ], [ 106.114495935000036, -1.907001607999973, 0.0 ], [ 106.114557951000052, -1.90726961699994, 0.0 ], [ 106.114748344000077, -1.907432234999931, 0.0 ], [ 106.115048137000088, -1.907570852999925, 0.0 ], [ 106.115390808000086, -1.907805169999961, 0.0 ], [ 106.115619200000083, -1.907876820999945, 0.0 ], [ 106.11588101600006, -1.908139910999978, 0.0 ], [ 106.11651863700007, -1.908378822999964, 0.0 ], [ 106.116984895000087, -1.90845989099995, 0.0 ], [ 106.11740360400006, -1.908574494999925, 0.0 ], [ 106.117608228000051, -1.908674878999932, 0.0 ], [ 106.11789841600006, -1.908670859999972, 0.0 ], [ 106.118035421000059, -1.908666942999957, 0.0 ], [ 106.118408479000038, -1.908812209999951, 0.0 ], [ 106.118808201000036, -1.908991922999974, 0.0 ], [ 106.119112851000068, -1.909282747999953, 0.0 ], [ 106.119295811000086, -1.909719163999966, 0.0 ], [ 106.119509169000082, -1.910082803999956, 0.0 ], [ 106.119596978000061, -1.910511622999934, 0.0 ], [ 106.120309104000057, -1.911200423999958, 0.0 ], [ 106.120940502000053, -1.910644766999951, 0.0 ], [ 106.121382033000089, -1.910740206999947, 0.0 ], [ 106.121725281000067, -1.91084230499996, 0.0 ], [ 106.126063383000087, -1.911139198999933, 0.0 ], [ 106.128908381000088, -1.911434085999929, 0.0 ], [ 106.130211966000047, -1.911605539999925, 0.0 ], [ 106.131182696000053, -1.912006966999968, 0.0 ], [ 106.13235344900005, -1.912743319999947, 0.0 ], [ 106.133135014000061, -1.91307803899997, 0.0 ] ] ] ] } },
{ "type": "Feature", "properties": { "OBJECTID": 59009.0, "NAMOBJ": "Kudai", "FCODE": "BA03070040", "REMARK": null, "METADATA": "TASWIL1000020221227_DATA_BATAS_DESAKELURAHAN", "SRS_ID": "4326", "KDBBPS": null, "KDCBPS": null, "KDCPUM": "19.01.01", "KDEBPS": null, "KDEPUM": "19.01.01.1003", "KDPBPS": null, "KDPKAB": "19.01", "KDPPUM": "19", "LUASWH": 0.0, "TIPADM": 2.0, "WADMKC": "Sungailiat", "WADMKD": "Kudai", "WADMKK": "Bangka", "WADMPR": "Kepulauan Bangka Belitung", "WIADKC": null, "WIADKK": null, "WIADPR": null, "WIADKD": "0", "UUPP": "Hasil Delineasi Batas Desa 2019", "LUAS": 6.08621141 }, "geometry": { "type": "MultiPolygon", "coordinates": [ [ [ [ 106.107907653000041, -1.839382694999927, 0.0 ], [ 106.108682026000054, -1.839757428999974, 0.0 ], [ 106.109903897000038, -1.840181712999936, 0.0 ], [ 106.110532153000065, -1.840709759999925, 0.0 ], [ 106.111491391000072, -1.841065281999931, 0.0 ], [ 106.111674274000052, -1.841409802999976, 0.0 ], [ 106.111657850000086, -1.841822634999971, 0.0 ], [ 106.111667071000056, -1.841847104999943, 0.0 ], [ 106.111667019000038, -1.841847125999948, 0.0 ], [ 106.111587473000043, -1.841879666999944, 0.0 ], [ 106.111608813000032, -1.842130414999929, 0.0 ], [ 106.111794486000065, -1.842564951999975, 0.0 ], [ 106.111901562000071, -1.842550674999927, 0.0 ], [ 106.112408387000073, -1.842786241999931, 0.0 ], [ 106.112386972000081, -1.843214544999967, 0.0 ], [ 106.112422664000064, -1.843892690999951, 0.0 ], [ 106.112451218000047, -1.844428069999935, 0.0 ], [ 106.11248690900004, -1.844727881999972, 0.0 ], [ 106.112444079000056, -1.844992001999969, 0.0 ], [ 106.112429802000065, -1.845256122999956, 0.0 ], [ 106.11237983400008, -1.845577349999928, 0.0 ], [ 106.112351280000041, -1.845777224999949, 0.0 ], [ 106.112415526000063, -1.845955683999932, 0.0 ], [ 106.112715338000044, -1.846391125999958, 0.0 ], [ 106.11297232000004, -1.84671235299993, 0.0 ], [ 106.112701061000053, -1.84689795099996, 0.0 ], [ 106.112624587000084, -1.846894696999925, 0.0 ], [ 106.112365557000032, -1.84689795099996, 0.0 ], [ 106.112322727000048, -1.847140655999965, 0.0 ], [ 106.112287035000065, -1.847297699999956, 0.0 ], [ 106.112494048000087, -1.847490436999976, 0.0 ], [ 106.112772445000076, -1.847618926999928, 0.0 ], [ 106.112850967000043, -1.847754556999973, 0.0 ], [ 106.112858105000043, -1.847861631999933, 0.0 ], [ 106.112993735000089, -1.848004399999979, 0.0 ], [ 106.113179333000062, -1.848032953999962, 0.0 ], [ 106.113279270000078, -1.848147167999969, 0.0 ], [ 106.11323804500006, -1.848443223999936, 0.0 ], [ 106.11330782400006, -1.848582608999948, 0.0 ], [ 106.11345773000005, -1.84863971599998, 0.0 ], [ 106.113461824000069, -1.848637526999937, 0.0 ], [ 106.113461861000076, -1.848637506999978, 0.0 ], [ 106.113460040000064, -1.848668949999933, 0.0 ], [ 106.113574973000084, -1.848971014999961, 0.0 ], [ 106.113551030000053, -1.84905084299993, 0.0 ], [ 106.113322864000054, -1.849326692999966, 0.0 ], [ 106.113230699000042, -1.84958843499993, 0.0 ], [ 106.113179747000061, -1.849762718999955, 0.0 ], [ 106.113108365000073, -1.849964973999931, 0.0 ], [ 106.113039955000033, -1.850155330999939, 0.0 ], [ 106.112956674000088, -1.850333789999979, 0.0 ], [ 106.112760366000089, -1.85049440399996, 0.0 ], [ 106.112572985000043, -1.850607427999932, 0.0 ], [ 106.112480782000034, -1.850663938999958, 0.0 ], [ 106.112949126000046, -1.851075374999937, 0.0 ], [ 106.112881635000065, -1.851213844999961, 0.0 ], [ 106.112793238000052, -1.85135175399995, 0.0 ], [ 106.112673426000072, -1.85145522199997, 0.0 ], [ 106.112672678000081, -1.85163044899997, 0.0 ], [ 106.112833494000085, -1.851825601999963, 0.0 ], [ 106.112671033000083, -1.852016283999944, 0.0 ], [ 106.112543069000083, -1.851942419999943, 0.0 ], [ 106.112470805000044, -1.852011390999962, 0.0 ], [ 106.112272980000057, -1.852122564999945, 0.0 ], [ 106.112203686000043, -1.852206533999947, 0.0 ], [ 106.112097161000065, -1.852126505999934, 0.0 ], [ 106.112051433000033, -1.852028503999975, 0.0 ], [ 106.111915795000073, -1.851853940999945, 0.0 ], [ 106.11181537300007, -1.851855569999941, 0.0 ], [ 106.11179409600004, -1.851910724999925, 0.0 ], [ 106.111775849000082, -1.851941371999942, 0.0 ], [ 106.111772046000056, -1.851989713999956, 0.0 ], [ 106.110277369000073, -1.852190232999931, 0.0 ], [ 106.10991983200006, -1.852377904999969, 0.0 ], [ 106.109504149000088, -1.852638745999968, 0.0 ], [ 106.109113120000075, -1.852641863999963, 0.0 ], [ 106.108696353000084, -1.852567454999928, 0.0 ], [ 106.108467961000088, -1.852481439999963, 0.0 ], [ 106.108185366000043, -1.852441409999926, 0.0 ], [ 106.105864866000047, -1.852442869999948, 0.0 ], [ 106.105560469000068, -1.852509217999966, 0.0 ], [ 106.104428205000033, -1.853224525999963, 0.0 ], [ 106.103565136000043, -1.853134611999963, 0.0 ], [ 106.099857975000077, -1.854041719999941, 0.0 ], [ 106.099704522000081, -1.854385209999975, 0.0 ], [ 106.099625198000069, -1.854558819999966, 0.0 ], [ 106.099282882000068, -1.854874949999953, 0.0 ], [ 106.098959076000085, -1.855106937999949, 0.0 ], [ 106.098511259000077, -1.855525281999974, 0.0 ], [ 106.097523395000053, -1.855909957999927, 0.0 ], [ 106.097233329000062, -1.856101602999956, 0.0 ], [ 106.097057365000069, -1.85633306099993, 0.0 ], [ 106.096609191000084, -1.856585313999972, 0.0 ], [ 106.095621189000042, -1.856940265999924, 0.0 ], [ 106.095435741000074, -1.857069619999947, 0.0 ], [ 106.094940320000035, -1.857199168999955, 0.0 ], [ 106.094379752000066, -1.857945559999962, 0.0 ], [ 106.094061406000037, -1.858236210999962, 0.0 ], [ 106.093985264000082, -1.858398012999942, 0.0 ], [ 106.093885325000088, -1.85872637999995, 0.0 ], [ 106.093785387000082, -1.858954807999964, 0.0 ], [ 106.093595031000063, -1.859088057999941, 0.0 ], [ 106.092206377000082, -1.859917536999944, 0.0 ], [ 106.092070748000083, -1.860074582999971, 0.0 ], [ 106.09200650300005, -1.860153103999949, 0.0 ], [ 106.092106440000066, -1.860545714999944, 0.0 ], [ 106.092423093000036, -1.861340284999926, 0.0 ], [ 106.092593889000057, -1.861680467999975, 0.0 ], [ 106.092134876000046, -1.861617619999947, 0.0 ], [ 106.091238689000079, -1.861494913999934, 0.0 ], [ 106.091026164000084, -1.861465813999928, 0.0 ], [ 106.090552396000078, -1.861400947999925, 0.0 ], [ 106.089137831000073, -1.861207263999972, 0.0 ], [ 106.088418275000038, -1.861182217999954, 0.0 ], [ 106.087101358000041, -1.861136378999959, 0.0 ], [ 106.086807494000084, -1.861126149999961, 0.0 ], [ 106.086097961000064, -1.861101450999968, 0.0 ], [ 106.084209035000072, -1.86173576799996, 0.0 ], [ 106.084135614000047, -1.861751562999928, 0.0 ], [ 106.083660714000075, -1.861853724999946, 0.0 ], [ 106.082840133000047, -1.862030253999933, 0.0 ], [ 106.082274606000055, -1.863396488999967, 0.0 ], [ 106.081986874000052, -1.863306210999951, 0.0 ], [ 106.08190604300006, -1.863432898999974, 0.0 ], [ 106.081330798000067, -1.863605120999978, 0.0 ], [ 106.080251991000068, -1.863569603999963, 0.0 ], [ 106.077331732000061, -1.865950398999928, 0.0 ], [ 106.075364468000032, -1.863218984999946, 0.0 ], [ 106.074750398000049, -1.862366381999948, 0.0 ], [ 106.074290590000032, -1.861727965999933, 0.0 ], [ 106.073094291000075, -1.860661314999959, 0.0 ], [ 106.074216075000038, -1.858996095999942, 0.0 ], [ 106.074683054000047, -1.858302893999962, 0.0 ], [ 106.074780171000043, -1.858158729999957, 0.0 ], [ 106.075530338000078, -1.857215824999969, 0.0 ], [ 106.07638184700005, -1.856145537999964, 0.0 ], [ 106.079551620000075, -1.850137313999937, 0.0 ], [ 106.080351792000044, -1.847576974999924, 0.0 ], [ 106.082503551000059, -1.840691899999968, 0.0 ], [ 106.084215555000071, -1.840340366999953, 0.0 ], [ 106.089470641000048, -1.839261320999981, 0.0 ], [ 106.094975856000076, -1.846509578999928, 0.0 ], [ 106.095259916000089, -1.846602974999939, 0.0 ], [ 106.096464538000077, -1.846814751999943, 0.0 ], [ 106.098896494000087, -1.847042997999949, 0.0 ], [ 106.099695661000055, -1.847008036999966, 0.0 ], [ 106.10155650300004, -1.846805839999945, 0.0 ], [ 106.103862528000036, -1.846482741999978, 0.0 ], [ 106.104650292000088, -1.846470761999967, 0.0 ], [ 106.105489529000067, -1.846619577999945, 0.0 ], [ 106.106037642000047, -1.846780064999962, 0.0 ], [ 106.10662577100004, -1.847032430999946, 0.0 ], [ 106.107910595000078, -1.847709405999979, 0.0 ], [ 106.108803064000085, -1.848165331999951, 0.0 ], [ 106.108904030000076, -1.847967257999926, 0.0 ], [ 106.108943790000069, -1.847645574999945, 0.0 ], [ 106.109074977000034, -1.847473174999948, 0.0 ], [ 106.109696819000078, -1.846858184999974, 0.0 ], [ 106.10996493500005, -1.84656507699998, 0.0 ], [ 106.110010464000084, -1.846341035999956, 0.0 ], [ 106.109947439000052, -1.845967720999965, 0.0 ], [ 106.109861648000049, -1.845703555999933, 0.0 ], [ 106.10957624200006, -1.845732453999972, 0.0 ], [ 106.109342224000045, -1.845778551999956, 0.0 ], [ 106.109171046000085, -1.845899280999959, 0.0 ], [ 106.108936558000039, -1.845985278999933, 0.0 ], [ 106.109007943000051, -1.845125909999979, 0.0 ], [ 106.108270425000057, -1.844538413999942, 0.0 ], [ 106.107907653000041, -1.839382694999927, 0.0 ] ] ] ] } },
{ "type": "Feature", "properties": { "OBJECTID": 59013.0, "NAMOBJ": "Lubuk Kelik", "FCODE": "BA03070040", "REMARK": null, "METADATA": "TASWIL1000020221227_DATA_BATAS_DESAKELURAHAN", "SRS_ID": "4326", "KDBBPS": null, "KDCBPS": null, "KDCPUM": "19.01.01", "KDEBPS": null, "KDEPUM": "19.01.01.1012", "KDPBPS": null, "KDPKAB": "19.01", "KDPPUM": "19", "LUASWH": 0.0, "TIPADM": 2.0, "WADMKC": "Sungailiat", "WADMKD": "Lubuk Kelik", "WADMKK": "Bangka", "WADMPR": "Kepulauan Bangka Belitung", "WIADKC": null, "WIADKK": null, "WIADPR": null, "WIADKD": "0", "UUPP": "Hasil Delineasi Batas Desa 2019", "LUAS": 11.19982563 }, "geometry": { "type": "MultiPolygon", "coordinates": [ [ [ [ 106.103719102000071, -1.897991298999955, 0.0 ], [ 106.104013344000066, -1.898204740999972, 0.0 ], [ 106.104247602000044, -1.898526249999975, 0.0 ], [ 106.104316318000087, -1.898859352999978, 0.0 ], [ 106.104385037000043, -1.899198200999933, 0.0 ], [ 106.104402348000065, -1.899491129999944, 0.0 ], [ 106.104408280000087, -1.899841504999927, 0.0 ], [ 106.104430659000059, -1.900116539999942, 0.0 ], [ 106.105922575000079, -1.899455256999943, 0.0 ], [ 106.106030868000062, -1.900106464999965, 0.0 ], [ 106.10647530600005, -1.900621346999969, 0.0 ], [ 106.106689415000062, -1.900675775999957, 0.0 ], [ 106.107000648000053, -1.900853636999955, 0.0 ], [ 106.107532787000082, -1.90103718499995, 0.0 ], [ 106.107542198000033, -1.90169750299998, 0.0 ], [ 106.109776321000083, -1.902842108999948, 0.0 ], [ 106.110033178000037, -1.902880851999953, 0.0 ], [ 106.110229968000056, -1.90254600399993, 0.0 ], [ 106.110311422000052, -1.902184169999941, 0.0 ], [ 106.110680230000071, -1.902527659999976, 0.0 ], [ 106.111331306000068, -1.903506469999968, 0.0 ], [ 106.111507373000052, -1.903650743999947, 0.0 ], [ 106.111818640000081, -1.903812495999944, 0.0 ], [ 106.112275410000052, -1.90393473599994, 0.0 ], [ 106.112591374000033, -1.904068554999981, 0.0 ], [ 106.112808417000053, -1.904248389999964, 0.0 ], [ 106.113132141000051, -1.904612214999929, 0.0 ], [ 106.113897765000047, -1.905647534999957, 0.0 ], [ 106.114233910000053, -1.906641054999966, 0.0 ], [ 106.114080089000083, -1.90670438899997, 0.0 ], [ 106.114049689000069, -1.906773335999958, 0.0 ], [ 106.114084133000063, -1.907075825999925, 0.0 ], [ 106.114034772000082, -1.907252003999929, 0.0 ], [ 106.113994111000068, -1.907344698999964, 0.0 ], [ 106.113904708000064, -1.907394538999938, 0.0 ], [ 106.113741084000083, -1.907432936999953, 0.0 ], [ 106.113598377000073, -1.907448347999946, 0.0 ], [ 106.113522286000034, -1.907484773999954, 0.0 ], [ 106.113413928000057, -1.907651417999944, 0.0 ], [ 106.113322677000042, -1.907787415999962, 0.0 ], [ 106.113128633000088, -1.907867956999951, 0.0 ], [ 106.112638471000082, -1.907901974999959, 0.0 ], [ 106.111765199000047, -1.908138041999962, 0.0 ], [ 106.111454374000061, -1.90830462699995, 0.0 ], [ 106.111059614000055, -1.90844369399997, 0.0 ], [ 106.110702863000085, -1.908506150999926, 0.0 ], [ 106.11057599600008, -1.908651716999941, 0.0 ], [ 106.110156020000034, -1.90887507399998, 0.0 ], [ 106.109794527000076, -1.908961466999926, 0.0 ], [ 106.109290424000051, -1.909215483999958, 0.0 ], [ 106.108940545000053, -1.909358145999931, 0.0 ], [ 106.108372238000072, -1.90914906699993, 0.0 ], [ 106.108162904000039, -1.909125269999947, 0.0 ], [ 106.108063033000064, -1.909173199999941, 0.0 ], [ 106.107505425000056, -1.91447883799998, 0.0 ], [ 106.102623214000062, -1.927543747999948, 0.0 ], [ 106.101378059000069, -1.928138572999956, 0.0 ], [ 106.100743845000068, -1.929361651999955, 0.0 ], [ 106.09967447300005, -1.929670655999928, 0.0 ], [ 106.098350054000036, -1.929686835999973, 0.0 ], [ 106.098000005000074, -1.929824916999962, 0.0 ], [ 106.097406186000057, -1.929656812999951, 0.0 ], [ 106.097126708000076, -1.93004949699997, 0.0 ], [ 106.096451559000059, -1.930653047999954, 0.0 ], [ 106.095709855000052, -1.931333227999971, 0.0 ], [ 106.094920632000083, -1.932099597999979, 0.0 ], [ 106.093703250000033, -1.932866243999968, 0.0 ], [ 106.092685351000057, -1.933125381999957, 0.0 ], [ 106.092067016000044, -1.933307672999945, 0.0 ], [ 106.091400986000053, -1.933298530999934, 0.0 ], [ 106.090868184000044, -1.93332759499998, 0.0 ], [ 106.090147516000059, -1.933409112999925, 0.0 ], [ 106.090146383000047, -1.933409139999981, 0.0 ], [ 106.088252915000055, -1.93337388499998, 0.0 ], [ 106.088059094000073, -1.933370277999927, 0.0 ], [ 106.086316512000053, -1.932473988999959, 0.0 ], [ 106.085581554000044, -1.932549132999952, 0.0 ], [ 106.08383985200004, -1.933058840999934, 0.0 ], [ 106.08185681100008, -1.931266868999955, 0.0 ], [ 106.076629698000033, -1.931129510999938, 0.0 ], [ 106.075645686000087, -1.93110365299998, 0.0 ], [ 106.075639800000033, -1.931103496999981, 0.0 ], [ 106.075480844000083, -1.93027451599994, 0.0 ], [ 106.075620771000047, -1.925966553999956, 0.0 ], [ 106.075666683000065, -1.925423588999934, 0.0 ], [ 106.075673776000087, -1.925382739999975, 0.0 ], [ 106.076275323000061, -1.921918594999966, 0.0 ], [ 106.076288572000067, -1.919758977999948, 0.0 ], [ 106.076294185000052, -1.918844218999936, 0.0 ], [ 106.07631512100005, -1.915432443999975, 0.0 ], [ 106.07631770200004, -1.915011977999939, 0.0 ], [ 106.076733491000084, -1.913988442999937, 0.0 ], [ 106.077044940000064, -1.913498073999961, 0.0 ], [ 106.077328305000037, -1.913051917999951, 0.0 ], [ 106.078476948000059, -1.911243393999939, 0.0 ], [ 106.080113900000072, -1.908666029999949, 0.0 ], [ 106.079955982000058, -1.908131582999943, 0.0 ], [ 106.078937949000078, -1.906259450999926, 0.0 ], [ 106.078819799000087, -1.905413366999937, 0.0 ], [ 106.079327801000034, -1.905867896999951, 0.0 ], [ 106.07948409800008, -1.904757297999936, 0.0 ], [ 106.083095322000077, -1.903980143999945, 0.0 ], [ 106.083086072000071, -1.904401371999938, 0.0 ], [ 106.083226638000042, -1.904767461999938, 0.0 ], [ 106.084223142000042, -1.904541859999938, 0.0 ], [ 106.084424029000047, -1.90342031299997, 0.0 ], [ 106.084465994000084, -1.902056097999946, 0.0 ], [ 106.084499199000049, -1.90190290399994, 0.0 ], [ 106.085202388000084, -1.900490403999925, 0.0 ], [ 106.085485100000085, -1.900356538999972, 0.0 ], [ 106.088358334000077, -1.90299424899996, 0.0 ], [ 106.102567898000075, -1.897223167999925, 0.0 ], [ 106.103719102000071, -1.897991298999955, 0.0 ] ] ] ] } },
{ "type": "Feature", "properties": { "OBJECTID": 59017.0, "NAMOBJ": "Matras", "FCODE": "BA03070040", "REMARK": null, "METADATA": "TASWIL1000020221227_DATA_BATAS_DESAKELURAHAN", "SRS_ID": "4326", "KDBBPS": null, "KDCBPS": null, "KDCPUM": "19.01.01", "KDEBPS": null, "KDEPUM": "19.01.01.1009", "KDPBPS": null, "KDPKAB": "19.01", "KDPPUM": "19", "LUASWH": 0.0, "TIPADM": 2.0, "WADMKC": "Sungailiat", "WADMKD": "Matras", "WADMKK": "Bangka", "WADMPR": "Kepulauan Bangka Belitung", "WIADKC": null, "WIADKK": null, "WIADPR": null, "WIADKD": "0", "UUPP": "Hasil Delineasi Batas Desa 2019", "LUAS": 11.65575652 }, "geometry": { "type": "MultiPolygon", "coordinates": [ [ [ [ 106.118318434000059, -1.799892583999963, 0.0 ], [ 106.118472397000062, -1.799893329999975, 0.0 ], [ 106.118625068000085, -1.799840898999946, 0.0 ], [ 106.118768508000073, -1.799789304999933, 0.0 ], [ 106.118882153000072, -1.799731406999967, 0.0 ], [ 106.118981936000068, -1.79962792799995, 0.0 ], [ 106.119033891000072, -1.799519404999955, 0.0 ], [ 106.119056069000067, -1.799431595999977, 0.0 ], [ 106.119066985000075, -1.799304055999926, 0.0 ], [ 106.119143082000051, -1.79917361899993, 0.0 ], [ 106.119232179000051, -1.799045976999935, 0.0 ], [ 106.119323607000069, -1.79893703099998, 0.0 ], [ 106.119431772000041, -1.798855644999946, 0.0 ], [ 106.119603577000078, -1.798779828999955, 0.0 ], [ 106.119753556000035, -1.798720378999974, 0.0 ], [ 106.119920296000032, -1.798713266999926, 0.0 ], [ 106.120122754000079, -1.798945428999957, 0.0 ], [ 106.120168106000051, -1.799210379999977, 0.0 ], [ 106.120165127000064, -1.799440860999937, 0.0 ], [ 106.120182419000059, -1.799685439999962, 0.0 ], [ 106.120269034000046, -1.799909587999935, 0.0 ], [ 106.120375874000047, -1.800086695999937, 0.0 ], [ 106.120501371000046, -1.800182255999971, 0.0 ], [ 106.120683710000037, -1.800237021999976, 0.0 ], [ 106.120842666000044, -1.800274552999952, 0.0 ], [ 106.121010202000036, -1.800334809999924, 0.0 ], [ 106.121326563000082, -1.800416149999933, 0.0 ], [ 106.121527593000053, -1.800459136999962, 0.0 ], [ 106.121762111000066, -1.800491138999973, 0.0 ], [ 106.122002082000051, -1.800503527999979, 0.0 ], [ 106.122116377000054, -1.800533191999932, 0.0 ], [ 106.122245079000038, -1.800555567999936, 0.0 ], [ 106.122402123000086, -1.800598397999977, 0.0 ], [ 106.122744766000039, -1.800705473999926, 0.0 ], [ 106.122994609000045, -1.80078399599995, 0.0 ], [ 106.123215899000058, -1.800712612999973, 0.0 ], [ 106.123529988000087, -1.800598397999977, 0.0 ], [ 106.12371558600006, -1.800455630999977, 0.0 ], [ 106.123972568000056, -1.80030572499993, 0.0 ], [ 106.124151027000039, -1.800291447999939, 0.0 ], [ 106.124308072000076, -1.800477045999969, 0.0 ], [ 106.124365179000051, -1.800605536999967, 0.0 ], [ 106.124272380000036, -1.800691196999935, 0.0 ], [ 106.124127, -1.800692, 0.0 ], [ 106.124079644000062, -1.800819687999933, 0.0 ], [ 106.124029675000088, -1.80094104099993, 0.0 ], [ 106.124072505000072, -1.801040977999946, 0.0 ], [ 106.124303, -1.801221, 0.0 ], [ 106.124379456000042, -1.801440727999932, 0.0 ], [ 106.124472255000057, -1.801612048999971, 0.0 ], [ 106.124664991000088, -1.801683432999937, 0.0 ], [ 106.124971941000069, -1.801576356999931, 0.0 ], [ 106.125214646000074, -1.80141217399995, 0.0 ], [ 106.125471628000071, -1.801276544999951, 0.0 ], [ 106.12576430200005, -1.801133776999961, 0.0 ], [ 106.125907070000039, -1.801105223999969, 0.0 ], [ 106.125964177000071, -1.801240852999968, 0.0 ], [ 106.126028422000047, -1.801355066999974, 0.0 ], [ 106.126121221000062, -1.801383620999957, 0.0 ], [ 106.126263989000051, -1.801297959999943, 0.0 ], [ 106.126356788000066, -1.801148053999952, 0.0 ], [ 106.126506928000083, -1.80102947499995, 0.0 ], [ 106.126706568000088, -1.800926763999939, 0.0 ], [ 106.126813644000038, -1.80093390199994, 0.0 ], [ 106.12687789000006, -1.801090946999977, 0.0 ], [ 106.126827921000086, -1.801312236999934, 0.0 ], [ 106.126777952000054, -1.801526387999957, 0.0 ], [ 106.126655, -1.801748, 0.0 ], [ 106.126528109000049, -1.801861891999977, 0.0 ], [ 106.126378203000058, -1.801933275999943, 0.0 ], [ 106.126285404000043, -1.801983244999974, 0.0 ], [ 106.126256850000061, -1.80219739599994, 0.0 ], [ 106.126285404000043, -1.802354440999977, 0.0 ], [ 106.126304, -1.802483, 0.0 ], [ 106.126385341000059, -1.802654252999957, 0.0 ], [ 106.126520970000058, -1.802711359999932, 0.0 ], [ 106.126749399000062, -1.802661390999958, 0.0 ], [ 106.126892166000061, -1.802618560999974, 0.0 ], [ 106.127049211000042, -1.802582868999934, 0.0 ], [ 106.127142010000057, -1.802561453999942, 0.0 ], [ 106.127191978000042, -1.802654252999957, 0.0 ], [ 106.127227670000082, -1.802761328999964, 0.0 ], [ 106.127349023000079, -1.802761328999964, 0.0 ], [ 106.127556036000044, -1.802697082999941, 0.0 ], [ 106.127648835000059, -1.802639975999966, 0.0 ], [ 106.12766311200005, -1.802518623999958, 0.0 ], [ 106.127659719000064, -1.802440590999936, 0.0 ], [ 106.127704789000063, -1.802390319999972, 0.0 ], [ 106.127896, -1.802365, 0.0 ], [ 106.128048584000055, -1.802290194999955, 0.0 ], [ 106.128155660000061, -1.802297333999945, 0.0 ], [ 106.128191352000044, -1.802404408999962, 0.0 ], [ 106.128075598000066, -1.802529082999968, 0.0 ], [ 106.128055723000045, -1.802611422999973, 0.0 ], [ 106.127970062000088, -1.802661390999958, 0.0 ], [ 106.127834433000032, -1.802675667999949, 0.0 ], [ 106.127741634000074, -1.802732774999924, 0.0 ], [ 106.127727357000083, -1.802854127999979, 0.0 ], [ 106.127791603000048, -1.803054001999953, 0.0 ], [ 106.127784464000058, -1.803225322999936, 0.0 ], [ 106.127777326000057, -1.803453751999939, 0.0 ], [ 106.127784464000058, -1.803675041999952, 0.0 ], [ 106.127855848000081, -1.803860639999925, 0.0 ], [ 106.127920094000046, -1.803967714999942, 0.0 ], [ 106.128005754000071, -1.804046236999966, 0.0 ], [ 106.128255598000067, -1.804053375999956, 0.0 ], [ 106.128355535000082, -1.804139035999981, 0.0 ], [ 106.128526856000065, -1.804124759999979, 0.0 ], [ 106.128762423000069, -1.804031960999964, 0.0 ], [ 106.128976574000035, -1.803981991999933, 0.0 ], [ 106.129133619000072, -1.803867777999926, 0.0 ], [ 106.129183587000057, -1.803703594999945, 0.0 ], [ 106.129176449000056, -1.803553688999955, 0.0 ], [ 106.129226418000087, -1.803396644999964, 0.0 ], [ 106.129376324000077, -1.803396644999964, 0.0 ], [ 106.129461984000045, -1.803482304999932, 0.0 ], [ 106.129461984000045, -1.803625072999978, 0.0 ], [ 106.12955478300006, -1.803717871999936, 0.0 ], [ 106.129654721000065, -1.803782116999969, 0.0 ], [ 106.12971182800004, -1.80395343899994, 0.0 ], [ 106.129818903000057, -1.804089067999939, 0.0 ], [ 106.129847457000039, -1.80428894299996, 0.0 ], [ 106.129776073000073, -1.804424571999959, 0.0 ], [ 106.129590475000043, -1.804403156999967, 0.0 ], [ 106.129447708000043, -1.804274665999969, 0.0 ], [ 106.129283525000062, -1.804260388999978, 0.0 ], [ 106.129162172000065, -1.804160451999962, 0.0 ], [ 106.129012266000075, -1.804110482999931, 0.0 ], [ 106.128719592000039, -1.804260388999978, 0.0 ], [ 106.128455472000041, -1.804503093999926, 0.0 ], [ 106.128087271000084, -1.804672737999965, 0.0 ], [ 106.128013371000065, -1.804761674999952, 0.0 ], [ 106.127961295000034, -1.804848343999936, 0.0 ], [ 106.127939186000049, -1.804914380999946, 0.0 ], [ 106.127931748000037, -1.804982334999977, 0.0 ], [ 106.127924585000073, -1.805086570999947, 0.0 ], [ 106.127926135000052, -1.805208737999976, 0.0 ], [ 106.127930845000037, -1.805339224999955, 0.0 ], [ 106.127945293000039, -1.805430890999958, 0.0 ], [ 106.127974659000074, -1.805527803999951, 0.0 ], [ 106.128015522000055, -1.805610390999959, 0.0 ], [ 106.128048573000058, -1.805663909999964, 0.0 ], [ 106.128107190000037, -1.80571774799995, 0.0 ], [ 106.12815977300005, -1.805752648999942, 0.0 ], [ 106.128212468000072, -1.805750806999924, 0.0 ], [ 106.128237457000068, -1.805734427999937, 0.0 ], [ 106.128250131000073, -1.805716989999951, 0.0 ], [ 106.128289088000088, -1.80561419299994, 0.0 ], [ 106.128297450000048, -1.805540057999963, 0.0 ], [ 106.128363479000086, -1.805557166999961, 0.0 ], [ 106.128403835000086, -1.805575811999972, 0.0 ], [ 106.12843795200007, -1.805624201999933, 0.0 ], [ 106.12846647300006, -1.805693001999941, 0.0 ], [ 106.12849606900005, -1.805755070999965, 0.0 ], [ 106.128533637000032, -1.805800853999926, 0.0 ], [ 106.128567308000072, -1.805823627999928, 0.0 ], [ 106.128585446000045, -1.805849666999961, 0.0 ], [ 106.128589133000048, -1.805880491999972, 0.0 ], [ 106.128584422000074, -1.805938240999978, 0.0 ], [ 106.128569363000054, -1.806007284999964, 0.0 ], [ 106.128554516000065, -1.806071553999971, 0.0 ], [ 106.128536423000071, -1.806119975999934, 0.0 ], [ 106.128504300000088, -1.806158203999928, 0.0 ], [ 106.128476482000053, -1.806178844999977, 0.0 ], [ 106.128444565000052, -1.806201442999964, 0.0 ], [ 106.12840811500007, -1.806219483999939, 0.0 ], [ 106.128367990000072, -1.806224935999978, 0.0 ], [ 106.128343604000065, -1.806215182999949, 0.0 ], [ 106.128327408000075, -1.806190226999945, 0.0 ], [ 106.128325449000045, -1.806161789999976, 0.0 ], [ 106.128325206000056, -1.806118588999936, 0.0 ], [ 106.128321094000057, -1.806097966999971, 0.0 ], [ 106.128306417000033, -1.806087121999951, 0.0 ], [ 106.128263048000065, -1.806081287999973, 0.0 ], [ 106.128179552000063, -1.806077648999974, 0.0 ], [ 106.128075123000087, -1.806064037999931, 0.0 ], [ 106.128034769000067, -1.806050168999946, 0.0 ], [ 106.128015778000076, -1.80604019499998, 0.0 ], [ 106.127976725000053, -1.806036093999978, 0.0 ], [ 106.127895598000066, -1.806026158999941, 0.0 ], [ 106.127853529000049, -1.806027487999927, 0.0 ], [ 106.127829375000033, -1.806043132999946, 0.0 ], [ 106.12781278500006, -1.80608048299996, 0.0 ], [ 106.127797495000038, -1.806125647999977, 0.0 ], [ 106.127782636000063, -1.806170377999933, 0.0 ], [ 106.127763893000065, -1.80621359099996, 0.0 ], [ 106.127731984000036, -1.806248127999936, 0.0 ], [ 106.127690998000048, -1.80625770599994, 0.0 ], [ 106.127645907000044, -1.806258384999978, 0.0 ], [ 106.127599514000053, -1.806246256999941, 0.0 ], [ 106.127571882000041, -1.806219788999954, 0.0 ], [ 106.127541859000075, -1.806164449999926, 0.0 ], [ 106.127530618000037, -1.806128636999972, 0.0 ], [ 106.127529950000053, -1.806093902999976, 0.0 ], [ 106.127523669000084, -1.806054395999979, 0.0 ], [ 106.12750466500006, -1.806025534999947, 0.0 ], [ 106.127473584000086, -1.806002758999966, 0.0 ], [ 106.127395453000076, -1.805952659999946, 0.0 ], [ 106.127339341000038, -1.80592338799994, 0.0 ], [ 106.127278265000086, -1.805892164999932, 0.0 ], [ 106.127230573000077, -1.805872872999942, 0.0 ], [ 106.127185911000083, -1.805869210999958, 0.0 ], [ 106.127153341000053, -1.805880736999939, 0.0 ], [ 106.127128543000083, -1.805902026999945, 0.0 ], [ 106.127090579000082, -1.805914424999969, 0.0 ], [ 106.127034474000084, -1.80589557299993, 0.0 ], [ 106.127000378000048, -1.805883654999946, 0.0 ], [ 106.126990670000055, -1.805883877999975, 0.0 ], [ 106.126936740000076, -1.805895199999952, 0.0 ], [ 106.126867932000039, -1.805918688999952, 0.0 ], [ 106.12682004800007, -1.805938039999944, 0.0 ], [ 106.126798250000036, -1.805941513999926, 0.0 ], [ 106.126780379000081, -1.80594042499996, 0.0 ], [ 106.126731602000064, -1.805940455999973, 0.0 ], [ 106.126696698000046, -1.805942693999953, 0.0 ], [ 106.126660432000051, -1.805952756999943, 0.0 ], [ 106.126641070000062, -1.805970461999948, 0.0 ], [ 106.126625886000056, -1.805998511999974, 0.0 ], [ 106.126613217000056, -1.806036555999981, 0.0 ], [ 106.126595842000086, -1.806083720999936, 0.0 ], [ 106.126585574000046, -1.806123943999978, 0.0 ], [ 106.12658388300008, -1.80615084599998, 0.0 ], [ 106.126581416000079, -1.806173958999977, 0.0 ], [ 106.126575522000053, -1.806193391999955, 0.0 ], [ 106.126561896000055, -1.806211509999969, 0.0 ], [ 106.126518127000054, -1.806241087999979, 0.0 ], [ 106.12646512300006, -1.806267931999969, 0.0 ], [ 106.126427738000075, -1.806300663999934, 0.0 ], [ 106.126391671000079, -1.806326718999969, 0.0 ], [ 106.126342692000037, -1.806348141999933, 0.0 ], [ 106.126284859000066, -1.806371479999939, 0.0 ], [ 106.126241537000055, -1.806396860999939, 0.0 ], [ 106.126206096000033, -1.806448297999964, 0.0 ], [ 106.126182087000075, -1.806525, 0.0 ], [ 106.126173243000039, -1.806613994999964, 0.0 ], [ 106.126185712000051, -1.806762323999976, 0.0 ], [ 106.126209071000062, -1.806827680999959, 0.0 ], [ 106.126231571000062, -1.806913516999941, 0.0 ], [ 106.126244006000036, -1.806976230999965, 0.0 ], [ 106.126232155000082, -1.807044594999979, 0.0 ], [ 106.126202084000056, -1.807101590999935, 0.0 ], [ 106.12617814500004, -1.807144218999952, 0.0 ], [ 106.126179193000041, -1.807210521999934, 0.0 ], [ 106.126211948000048, -1.807280793999951, 0.0 ], [ 106.126259915000048, -1.807352131999949, 0.0 ], [ 106.126293747000034, -1.807388925999931, 0.0 ], [ 106.126331361000041, -1.807421013999942, 0.0 ], [ 106.126381986000069, -1.807458936999979, 0.0 ], [ 106.12640065100004, -1.807493931999943, 0.0 ], [ 106.126392852000038, -1.807543550999981, 0.0 ], [ 106.126366510000082, -1.807581585999969, 0.0 ], [ 106.126327832000072, -1.807675998999969, 0.0 ], [ 106.126305162000051, -1.807779420999964, 0.0 ], [ 106.126297714000088, -1.807831255999929, 0.0 ], [ 106.126290030000064, -1.807891856999959, 0.0 ], [ 106.126292155000044, -1.80795696499996, 0.0 ], [ 106.126276701000052, -1.808041657999979, 0.0 ], [ 106.126262957000051, -1.808130022999933, 0.0 ], [ 106.126267576000032, -1.808200519999957, 0.0 ], [ 106.126286050000033, -1.808303771999931, 0.0 ], [ 106.126299419000077, -1.808394542999963, 0.0 ], [ 106.126310649000061, -1.80847100699998, 0.0 ], [ 106.126319056000057, -1.808546232999959, 0.0 ], [ 106.126319384000055, -1.808568185999945, 0.0 ], [ 106.126321101000087, -1.808626997999966, 0.0 ], [ 106.126322337000033, -1.808677516999978, 0.0 ], [ 106.126324404000059, -1.808721312999978, 0.0 ], [ 106.126327314000036, -1.808759871999939, 0.0 ], [ 106.126315640000087, -1.80878071099994, 0.0 ], [ 106.126263196000082, -1.808810521999931, 0.0 ], [ 106.126160472000038, -1.80886579099996, 0.0 ], [ 106.126115447000075, -1.808886052999981, 0.0 ], [ 106.126091616000053, -1.808886022999957, 0.0 ], [ 106.126065790000041, -1.808871629999942, 0.0 ], [ 106.126041501000088, -1.80885908099998, 0.0 ], [ 106.126010654000083, -1.808865811999965, 0.0 ], [ 106.125974983000049, -1.80889416399998, 0.0 ], [ 106.125940986000046, -1.808924523999963, 0.0 ], [ 106.12590675000007, -1.808947339999975, 0.0 ], [ 106.125890035000054, -1.80897054299993, 0.0 ], [ 106.125890060000074, -1.808996711999953, 0.0 ], [ 106.125893916000052, -1.809024604999934, 0.0 ], [ 106.125883848000058, -1.809054886999945, 0.0 ], [ 106.125852992000034, -1.809076280999932, 0.0 ], [ 106.125811704000057, -1.80907826899994, 0.0 ], [ 106.125781436000068, -1.809076668999978, 0.0 ], [ 106.125748463000036, -1.809077946999935, 0.0 ], [ 106.125736662000065, -1.809080974999972, 0.0 ], [ 106.125715332000084, -1.809084868999946, 0.0 ], [ 106.12567533400005, -1.809077042999945, 0.0 ], [ 106.125637107000045, -1.809086193999974, 0.0 ], [ 106.125587166000059, -1.809121908999941, 0.0 ], [ 106.125552639000034, -1.809139306999953, 0.0 ], [ 106.125508004000039, -1.809149890999947, 0.0 ], [ 106.125478693000048, -1.809142147999978, 0.0 ], [ 106.125453311000058, -1.809119386999953, 0.0 ], [ 106.125427054000056, -1.809078110999963, 0.0 ], [ 106.125394639000035, -1.809035671999936, 0.0 ], [ 106.125348978000034, -1.809001046999924, 0.0 ], [ 106.12529552500007, -1.808968534999963, 0.0 ], [ 106.125247865000063, -1.808942242999933, 0.0 ], [ 106.125191949000055, -1.808926221999968, 0.0 ], [ 106.125141473000042, -1.808925402999932, 0.0 ], [ 106.125085584000033, -1.808937920999938, 0.0 ], [ 106.124999999000067, -1.808968641999968, 0.0 ], [ 106.124960875000056, -1.808954279999966, 0.0 ], [ 106.124833508000052, -1.808932830999936, 0.0 ], [ 106.124704136000048, -1.808953924999969, 0.0 ], [ 106.12462725000006, -1.809013943999958, 0.0 ], [ 106.124569743000052, -1.809100092999927, 0.0 ], [ 106.12445623900004, -1.809254451999948, 0.0 ], [ 106.124355467000044, -1.809400599999947, 0.0 ], [ 106.124249092000071, -1.809543158999929, 0.0 ], [ 106.124108616000058, -1.809735462999924, 0.0 ], [ 106.123944195000036, -1.809934963999979, 0.0 ], [ 106.123794537000038, -1.810107789999961, 0.0 ], [ 106.123630631000083, -1.810295494999934, 0.0 ], [ 106.123520690000078, -1.810441647999937, 0.0 ], [ 106.123398017000056, -1.810598572999936, 0.0 ], [ 106.123260594000044, -1.810786777999965, 0.0 ], [ 106.123140474000081, -1.810942678999936, 0.0 ], [ 106.122926101000076, -1.811086843999931, 0.0 ], [ 106.122739718000048, -1.811182814999938, 0.0 ], [ 106.122515640000074, -1.811274186999981, 0.0 ], [ 106.122334346000059, -1.811371176999955, 0.0 ], [ 106.122188255000083, -1.811541955999928, 0.0 ], [ 106.122124189000033, -1.811734212999966, 0.0 ], [ 106.122060118000036, -1.811919811999928, 0.0 ], [ 106.122042903000079, -1.812094607999938, 0.0 ], [ 106.122033831000067, -1.812253515999942, 0.0 ], [ 106.121982469000045, -1.812389889999963, 0.0 ], [ 106.121885280000072, -1.812559616999977, 0.0 ], [ 106.12170304600005, -1.812780132999933, 0.0 ], [ 106.121542699000088, -1.812966813999935, 0.0 ], [ 106.121362469000076, -1.813128387999939, 0.0 ], [ 106.12125147900008, -1.813221236999937, 0.0 ], [ 106.121106337000072, -1.813284373999977, 0.0 ], [ 106.120880181000075, -1.813315775999968, 0.0 ], [ 106.12074517800005, -1.813302535999981, 0.0 ], [ 106.120564286000047, -1.813221148999958, 0.0 ], [ 106.120390548000046, -1.813165898999955, 0.0 ], [ 106.120158742000058, -1.813116319999949, 0.0 ], [ 106.120066539000049, -1.813120483999967, 0.0 ], [ 106.119950427000049, -1.813172838999947, 0.0 ], [ 106.119881702000043, -1.813246177999929, 0.0 ], [ 106.119814017000067, -1.81335693699998, 0.0 ], [ 106.119759077000083, -1.813480504999973, 0.0 ], [ 106.119699083000057, -1.813658918999977, 0.0 ], [ 106.11964314800008, -1.813831179999966, 0.0 ], [ 106.119606558000044, -1.813972673999956, 0.0 ], [ 106.119572023000046, -1.814137739999978, 0.0 ], [ 106.119542103000072, -1.814352018999955, 0.0 ], [ 106.119523379000043, -1.814558601999977, 0.0 ], [ 106.11949807700006, -1.814828227999953, 0.0 ], [ 106.119458511000062, -1.815100430999962, 0.0 ], [ 106.119448477000049, -1.815360313999975, 0.0 ], [ 106.119441488000064, -1.815586880999945, 0.0 ], [ 106.119438052000078, -1.81580268099998, 0.0 ], [ 106.119437159000086, -1.816003608999949, 0.0 ], [ 106.119438260000038, -1.816142004999961, 0.0 ], [ 106.119456223000043, -1.816348564999942, 0.0 ], [ 106.119488904000036, -1.816486940999937, 0.0 ], [ 106.119554719000064, -1.816652458999954, 0.0 ], [ 106.119596559000058, -1.816759052999942, 0.0 ], [ 106.119625708000058, -1.816942024999946, 0.0 ], [ 106.119637494000074, -1.81706042299993, 0.0 ], [ 106.119659975000047, -1.817159329999924, 0.0 ], [ 106.119667155000059, -1.817242362999934, 0.0 ], [ 106.119667724000067, -1.81733462699998, 0.0 ], [ 106.119638718000033, -1.817384367999978, 0.0 ], [ 106.119598518000032, -1.817458719999934, 0.0 ], [ 106.119580751000058, -1.817555091999964, 0.0 ], [ 106.11950958500006, -1.817809884999974, 0.0 ], [ 106.119459353000082, -1.818132333999927, 0.0 ], [ 106.119423291000032, -1.818299968999952, 0.0 ], [ 106.119378716000085, -1.818713646999925, 0.0 ], [ 106.119352917000072, -1.819007369999952, 0.0 ], [ 106.119309290000047, -1.819298028999981, 0.0 ], [ 106.119295172000079, -1.819537923999974, 0.0 ], [ 106.11928617500007, -1.819818302999977, 0.0 ], [ 106.119285826000066, -1.820068953999964, 0.0 ], [ 106.119290073000059, -1.820351387999949, 0.0 ], [ 106.119292769000083, -1.820598444999973, 0.0 ], [ 106.119295946000079, -1.820793735999928, 0.0 ], [ 106.119306819000087, -1.82107872499995, 0.0 ], [ 106.119315642000061, -1.821331929999928, 0.0 ], [ 106.119336670000052, -1.82156770499995, 0.0 ], [ 106.119372, -1.82186087499997, 0.0 ], [ 106.119391484000062, -1.822071531999939, 0.0 ], [ 106.119409448000056, -1.822278598999958, 0.0 ], [ 106.119426873000066, -1.822459017999961, 0.0 ], [ 106.11945247400007, -1.822661466999932, 0.0 ], [ 106.119508640000049, -1.822878767999953, 0.0 ], [ 106.119542926000065, -1.823124783999958, 0.0 ], [ 106.119567979000067, -1.823284692999948, 0.0 ], [ 106.119593068000086, -1.823486634999938, 0.0 ], [ 106.119626824000079, -1.823704971999973, 0.0 ], [ 106.119640696000033, -1.823895126999957, 0.0 ], [ 106.119651478000037, -1.824032493999937, 0.0 ], [ 106.119708096000068, -1.824152401999925, 0.0 ], [ 106.119843149000076, -1.824244580999959, 0.0 ], [ 106.119901750000054, -1.824285031999977, 0.0 ], [ 106.119899740000051, -1.824319378999974, 0.0 ], [ 106.119899815000053, -1.824440343999925, 0.0 ], [ 106.119899900000064, -1.824577717999944, 0.0 ], [ 106.11990204500006, -1.82476122199995, 0.0 ], [ 106.119906755000045, -1.824963683999954, 0.0 ], [ 106.119916557000067, -1.825157947999969, 0.0 ], [ 106.11995237900004, -1.825417286999937, 0.0 ], [ 106.119973888000061, -1.825601800999948, 0.0 ], [ 106.120002536000072, -1.825802710999938, 0.0 ], [ 106.120046474000048, -1.826015405999954, 0.0 ], [ 106.120122524000067, -1.826244995999957, 0.0 ], [ 106.120188885000061, -1.826477657999931, 0.0 ], [ 106.120238420000078, -1.82667035999998, 0.0 ], [ 106.120288951000077, -1.826831273999971, 0.0 ], [ 106.120355263000079, -1.82696860599998, 0.0 ], [ 106.120400692000032, -1.827121834999957, 0.0 ], [ 106.120462957000086, -1.82731606599998, 0.0 ], [ 106.120530809000059, -1.82747338799993, 0.0 ], [ 106.12061549200007, -1.827664519999928, 0.0 ], [ 106.120678222000038, -1.827781863999974, 0.0 ], [ 106.120778156000085, -1.827936596999962, 0.0 ], [ 106.12085415100006, -1.82807597599998, 0.0 ], [ 106.12091537200007, -1.828224065999962, 0.0 ], [ 106.120972041000073, -1.828425472999925, 0.0 ], [ 106.12100373700008, -1.828611518999935, 0.0 ], [ 106.121046125000078, -1.828789362999942, 0.0 ], [ 106.121105818000046, -1.82893796999997, 0.0 ], [ 106.121193015000074, -1.829079385999933, 0.0 ], [ 106.121299050000061, -1.829200284999956, 0.0 ], [ 106.121370942000055, -1.829305836999936, 0.0 ], [ 106.121414332000086, -1.829446248999943, 0.0 ], [ 106.121420536000073, -1.829593360999979, 0.0 ], [ 106.121422144000064, -1.829720991999977, 0.0 ], [ 106.121420191000084, -1.829862970999955, 0.0 ], [ 106.121406018000073, -1.830013170999962, 0.0 ], [ 106.121399982000071, -1.830136699999969, 0.0 ], [ 106.121403636000082, -1.830273555999952, 0.0 ], [ 106.12143224600004, -1.830412448999937, 0.0 ], [ 106.121480235000035, -1.830574902999956, 0.0 ], [ 106.121522111000047, -1.830738391999944, 0.0 ], [ 106.121550718000037, -1.830872671999941, 0.0 ], [ 106.121625663000088, -1.830972061999944, 0.0 ], [ 106.121697512000082, -1.831008405999967, 0.0 ], [ 106.12172860700008, -1.831036581999967, 0.0 ], [ 106.121783202000074, -1.831183653999972, 0.0 ], [ 106.121821993000083, -1.831301012999972, 0.0 ], [ 106.121805719000065, -1.831353820999936, 0.0 ], [ 106.121752767000032, -1.831391781999969, 0.0 ], [ 106.121669270000041, -1.831461547999936, 0.0 ], [ 106.121607681000057, -1.831546161999938, 0.0 ], [ 106.121565467000039, -1.831649216999949, 0.0 ], [ 106.121563990000084, -1.83173020199996, 0.0 ], [ 106.121568658000058, -1.83186449699997, 0.0 ], [ 106.121594212000048, -1.832004414999972, 0.0 ], [ 106.121670221000045, -1.832180690999962, 0.0 ], [ 106.121754880000083, -1.832331334999935, 0.0 ], [ 106.121773765000057, -1.832386165999935, 0.0 ], [ 106.121726414000079, -1.832425669999964, 0.0 ], [ 106.121727473000078, -1.832493835999969, 0.0 ], [ 106.121761677000052, -1.832607099999962, 0.0 ], [ 106.121827970000083, -1.832729560999951, 0.0 ], [ 106.121910567000043, -1.832846376999953, 0.0 ], [ 106.121962040000085, -1.832873000999939, 0.0 ], [ 106.121967399000084, -1.83288525699993, 0.0 ], [ 106.122202249000054, -1.832771090999927, 0.0 ], [ 106.122387847000084, -1.833342160999962, 0.0 ], [ 106.122730489000048, -1.834134521999943, 0.0 ], [ 106.12308740800006, -1.834784114999934, 0.0 ], [ 106.123480019000056, -1.835348046999968, 0.0 ], [ 106.123929737000083, -1.836040469999944, 0.0 ], [ 106.124293795000085, -1.836597263999977, 0.0 ], [ 106.124593607000065, -1.837032704999956, 0.0 ], [ 106.124907696000037, -1.837396762999958, 0.0 ], [ 106.12560725700007, -1.838460381999937, 0.0 ], [ 106.126149775000044, -1.838967206999939, 0.0 ], [ 106.126777952000054, -1.839573969999947, 0.0 ], [ 106.127127733000066, -1.839952303999951, 0.0 ], [ 106.127370438000071, -1.840266392999979, 0.0 ], [ 106.127598866000085, -1.840716110999949, 0.0 ], [ 106.127777326000057, -1.841001645999938, 0.0 ], [ 106.127884402000063, -1.841265766999925, 0.0 ], [ 106.127941509000038, -1.841558439999972, 0.0 ], [ 106.127834433000032, -1.84168693099997, 0.0 ], [ 106.127684527000042, -1.841708345999962, 0.0 ], [ 106.127606005000075, -1.841622685999937, 0.0 ], [ 106.127606005000075, -1.841522747999932, 0.0 ], [ 106.12765597300006, -1.84150847199993, 0.0 ], [ 106.127741634000074, -1.841465640999957, 0.0 ], [ 106.127784464000058, -1.841337149999958, 0.0 ], [ 106.127727357000083, -1.841101583999944, 0.0 ], [ 106.127577451000036, -1.84090884699998, 0.0 ], [ 106.127384715000062, -1.840601896999942, 0.0 ], [ 106.127184840000041, -1.840394883999977, 0.0 ], [ 106.127013519000059, -1.840287807999971, 0.0 ], [ 106.126892166000061, -1.840287807999971, 0.0 ], [ 106.12657807800008, -1.84028066999997, 0.0 ], [ 106.126285404000043, -1.840230700999939, 0.0 ], [ 106.126071252000088, -1.840002272999925, 0.0 ], [ 106.125871378000056, -1.839830951999943, 0.0 ], [ 106.125700056000085, -1.839688183999954, 0.0 ], [ 106.125657226000044, -1.839452616999949, 0.0 ], [ 106.125521597000045, -1.839259880999975, 0.0 ], [ 106.125450213000079, -1.83916708199996, 0.0 ], [ 106.12527889200004, -1.839002898999979, 0.0 ], [ 106.125207508000074, -1.838817300999949, 0.0 ], [ 106.125114709000059, -1.838567457999943, 0.0 ], [ 106.124793482000086, -1.838203399999941, 0.0 ], [ 106.124557915000082, -1.837967833999926, 0.0 ], [ 106.124436563000074, -1.837803650999945, 0.0 ], [ 106.124279518000037, -1.837867895999977, 0.0 ], [ 106.124272380000036, -1.838017801999968, 0.0 ], [ 106.124343764000059, -1.838139154999965, 0.0 ], [ 106.124450839000076, -1.838310475999947, 0.0 ], [ 106.124507946000051, -1.838467519999938, 0.0 ], [ 106.124479393000058, -1.838617425999928, 0.0 ], [ 106.124415148000082, -1.838717363999933, 0.0 ], [ 106.124443701000075, -1.838874407999924, 0.0 ], [ 106.124636437000049, -1.83901717599997, 0.0 ], [ 106.124814897000078, -1.839131389999977, 0.0 ], [ 106.124893419000045, -1.839217050999935, 0.0 ], [ 106.124857727000062, -1.839338402999942, 0.0 ], [ 106.124943388000077, -1.839481170999932, 0.0 ], [ 106.125193231000083, -1.839673906999963, 0.0 ], [ 106.125321722000081, -1.839852366999935, 0.0 ], [ 106.125378829000056, -1.840023687999974, 0.0 ], [ 106.125564427000086, -1.840259254999978, 0.0 ], [ 106.125757164000049, -1.840444851999962, 0.0 ], [ 106.12576430200005, -1.84058048199995, 0.0 ], [ 106.125778579000041, -1.840737525999941, 0.0 ], [ 106.125885654000058, -1.840887431999931, 0.0 ], [ 106.125985592000063, -1.841073029999961, 0.0 ], [ 106.126035560000048, -1.841172967999967, 0.0 ], [ 106.126028422000047, -1.841258627999935, 0.0 ], [ 106.12596878100004, -1.841296581999927, 0.0 ], [ 106.125757164000049, -1.841437087999964, 0.0 ], [ 106.125578704000077, -1.841594131999955, 0.0 ], [ 106.125307445000033, -1.84169406999996, 0.0 ], [ 106.125143263000041, -1.841722622999953, 0.0 ], [ 106.124952302000054, -1.841496298999971, 0.0 ], [ 106.124872004000053, -1.841251489999934, 0.0 ], [ 106.124807759000078, -1.841008784999929, 0.0 ], [ 106.124422286000083, -1.840566204999959, 0.0 ], [ 106.124072505000072, -1.840373468999928, 0.0 ], [ 106.124001121000049, -1.840266392999979, 0.0 ], [ 106.124036813000032, -1.840166455999963, 0.0 ], [ 106.124115335000056, -1.840080794999949, 0.0 ], [ 106.124058228000081, -1.839959441999952, 0.0 ], [ 106.123751278000043, -1.839845227999945, 0.0 ], [ 106.123437189000072, -1.83978812099997, 0.0 ], [ 106.123358667000048, -1.840066517999958, 0.0 ], [ 106.123215899000058, -1.840680418999966, 0.0 ], [ 106.123058855000068, -1.841030199999977, 0.0 ], [ 106.122824578000063, -1.84130576299998, 0.0 ], [ 106.122623413000042, -1.841736899999944, 0.0 ], [ 106.122565912000084, -1.841801587999953, 0.0 ], [ 106.122530614000084, -1.841972465999959, 0.0 ], [ 106.122423539000067, -1.842079541999965, 0.0 ], [ 106.122240761000057, -1.842156190999958, 0.0 ], [ 106.121681147000061, -1.842629197999941, 0.0 ], [ 106.121516964000079, -1.84280765699998, 0.0 ], [ 106.121395611000082, -1.842857625999955, 0.0 ], [ 106.12119573700005, -1.842821933999971, 0.0 ], [ 106.120960170000046, -1.842750549999948, 0.0 ], [ 106.120717465000041, -1.842800518999979, 0.0 ], [ 106.12056042100005, -1.842864763999955, 0.0 ], [ 106.12040337600007, -1.842943286999969, 0.0 ], [ 106.12025347000008, -1.842943286999969, 0.0 ], [ 106.120132118000072, -1.842800518999979, 0.0 ], [ 106.120025042000066, -1.842400768999937, 0.0 ], [ 106.119846582000037, -1.841908220999926, 0.0 ], [ 106.119646708000062, -1.84153702499998, 0.0 ], [ 106.119639569000071, -1.841344288999949, 0.0 ], [ 106.119589601000087, -1.841108721999944, 0.0 ], [ 106.119582462000039, -1.840937400999962, 0.0 ], [ 106.119696676000046, -1.840708972999948, 0.0 ], [ 106.119732368000086, -1.840559066999958, 0.0 ], [ 106.119603877000088, -1.840459128999953, 0.0 ], [ 106.11929692700005, -1.840566204999959, 0.0 ], [ 106.118940008000038, -1.840409160999968, 0.0 ], [ 106.118775825000057, -1.840209285999947, 0.0 ], [ 106.118568812000035, -1.840180731999965, 0.0 ], [ 106.118368937000071, -1.840302084999962, 0.0 ], [ 106.118240446000073, -1.84042343699997, 0.0 ], [ 106.11812, -1.840689, 0.0 ], [ 106.117979180000077, -1.84085190899998, 0.0 ], [ 106.117683652000039, -1.840937400999962, 0.0 ], [ 106.117148274000044, -1.841008784999929, 0.0 ], [ 106.116498681000053, -1.841108721999944, 0.0 ], [ 106.115101594000066, -1.841398187999971, 0.0 ], [ 106.114392858000087, -1.841394256999934, 0.0 ], [ 106.11360763600004, -1.841401395999981, 0.0 ], [ 106.113036565000073, -1.841451363999965, 0.0 ], [ 106.11282241300006, -1.841572716999963, 0.0 ], [ 106.112622539000085, -1.842001019999941, 0.0 ], [ 106.112315588000058, -1.842222309999954, 0.0 ], [ 106.111994361000086, -1.842215170999964, 0.0 ], [ 106.111830178000048, -1.84199388199994, 0.0 ], [ 106.11174451800008, -1.841815421999968, 0.0 ], [ 106.111667071000056, -1.841847104999943, 0.0 ], [ 106.111657850000086, -1.841822634999971, 0.0 ], [ 106.111674274000052, -1.841409802999976, 0.0 ], [ 106.111491391000072, -1.841065281999931, 0.0 ], [ 106.110532153000065, -1.840709759999925, 0.0 ], [ 106.109903897000038, -1.840181712999936, 0.0 ], [ 106.108682026000054, -1.839757428999974, 0.0 ], [ 106.107907653000041, -1.839382694999927, 0.0 ], [ 106.107997075000071, -1.838980732999971, 0.0 ], [ 106.108359859000075, -1.83779326299998, 0.0 ], [ 106.108327495000083, -1.837499542999979, 0.0 ], [ 106.108250096000063, -1.837347655999963, 0.0 ], [ 106.107919459000072, -1.837089031999938, 0.0 ], [ 106.107896878000076, -1.836951276999969, 0.0 ], [ 106.108079235000048, -1.836445699999956, 0.0 ], [ 106.107584392000035, -1.836262202999933, 0.0 ], [ 106.106971564000048, -1.836063460999981, 0.0 ], [ 106.106826561000048, -1.836078886999928, 0.0 ], [ 106.106747110000072, -1.836189966999939, 0.0 ], [ 106.106465788000037, -1.836206559999937, 0.0 ], [ 106.106309532000068, -1.836301288999948, 0.0 ], [ 106.105868051000073, -1.836255612999935, 0.0 ], [ 106.10504605400007, -1.836286757999972, 0.0 ], [ 106.104532280000058, -1.836264101999973, 0.0 ], [ 106.103782584000044, -1.836283713999933, 0.0 ], [ 106.103025251000076, -1.836261207999939, 0.0 ], [ 106.102199367000082, -1.836162159999958, 0.0 ], [ 106.101963453000053, -1.836075728999958, 0.0 ], [ 106.101546860000042, -1.835800697999957, 0.0 ], [ 106.101194599000053, -1.835408412999925, 0.0 ], [ 106.100648022000087, -1.834640978999971, 0.0 ], [ 106.100259467000058, -1.834015129999955, 0.0 ], [ 106.099939022000058, -1.833200499999975, 0.0 ], [ 106.099865497000053, -1.832653256999947, 0.0 ], [ 106.099806011000055, -1.832534283999962, 0.0 ], [ 106.099722730000053, -1.832468849999941, 0.0 ], [ 106.099704883000072, -1.832332028999929, 0.0 ], [ 106.099740576000045, -1.832248748999973, 0.0 ], [ 106.100115341000048, -1.83193941899998, 0.0 ], [ 106.100156980000065, -1.831832343999963, 0.0 ], [ 106.100128428000062, -1.831725267999957, 0.0 ], [ 106.09993184700005, -1.831646531999979, 0.0 ], [ 106.099835754000082, -1.831568222999977, 0.0 ], [ 106.099850030000084, -1.831439731999978, 0.0 ], [ 106.099929309000061, -1.831096822999939, 0.0 ], [ 106.099928664000061, -1.830957210999941, 0.0 ], [ 106.099110409000048, -1.830632076999962, 0.0 ], [ 106.099280846000056, -1.82995477399993, 0.0 ], [ 106.099360362000084, -1.829294172999937, 0.0 ], [ 106.099331530000086, -1.828817443999981, 0.0 ], [ 106.098609378000049, -1.825627612999938, 0.0 ], [ 106.098372635000032, -1.824318138999956, 0.0 ], [ 106.098425672000076, -1.823919859999933, 0.0 ], [ 106.098547261000078, -1.823605782999948, 0.0 ], [ 106.098470759000065, -1.822962510999957, 0.0 ], [ 106.098142716000041, -1.821706703999951, 0.0 ], [ 106.098202841000045, -1.820443000999944, 0.0 ], [ 106.098533244000066, -1.819313156999954, 0.0 ], [ 106.102462826000078, -1.814673673999948, 0.0 ], [ 106.103724051000086, -1.814747060999935, 0.0 ], [ 106.103831127000035, -1.814687572999958, 0.0 ], [ 106.103878716000054, -1.814634035999973, 0.0 ], [ 106.103944151000064, -1.814425833999962, 0.0 ], [ 106.104003637000062, -1.814312807999954, 0.0 ], [ 106.104128560000049, -1.814122449999957, 0.0 ], [ 106.104253481000057, -1.81400347899995, 0.0 ], [ 106.104378402000066, -1.813854761999949, 0.0 ], [ 106.104491428000074, -1.813670353999953, 0.0 ], [ 106.10454496400007, -1.813521636999951, 0.0 ], [ 106.104565722000075, -1.813353174999975, 0.0 ], [ 106.104765065000038, -1.812891079999929, 0.0 ], [ 106.104842398000073, -1.812569852999957, 0.0 ], [ 106.104895936000048, -1.812218882999957, 0.0 ], [ 106.104866192000088, -1.81201662899997, 0.0 ], [ 106.104824552000082, -1.811725143999979, 0.0 ], [ 106.10474127100008, -1.811362276999944, 0.0 ], [ 106.104729374000044, -1.811165971999969, 0.0 ], [ 106.104705578000051, -1.810933973999965, 0.0 ], [ 106.10470557900004, -1.810410492999949, 0.0 ], [ 106.104681783000046, -1.810083314999929, 0.0 ], [ 106.104628247000051, -1.809232657999928, 0.0 ], [ 106.104640144000086, -1.80879245899996, 0.0 ], [ 106.10467940500007, -1.80842046999993, 0.0 ], [ 106.104688922000037, -1.808211076999953, 0.0 ], [ 106.104650851000088, -1.807906506999927, 0.0 ], [ 106.104593743000066, -1.807668559999968, 0.0 ], [ 106.104532081000059, -1.807153864999975, 0.0 ], [ 106.104553104000047, -1.806916022999928, 0.0 ], [ 106.10457234900008, -1.806698288999939, 0.0 ], [ 106.10472651200007, -1.806108822999931, 0.0 ], [ 106.10482520000005, -1.805809139999951, 0.0 ], [ 106.104929722000065, -1.805457212999954, 0.0 ], [ 106.104834070000038, -1.805230961999939, 0.0 ], [ 106.104534258000058, -1.804916871999978, 0.0 ], [ 106.104248722000079, -1.804852626999946, 0.0 ], [ 106.102721109000072, -1.804831210999964, 0.0 ], [ 106.101782679000053, -1.804850631999955, 0.0 ], [ 106.102767320000055, -1.797857828999952, 0.0 ], [ 106.102504499000077, -1.797432665999963, 0.0 ], [ 106.102235822000068, -1.79678950899995, 0.0 ], [ 106.100351054000043, -1.795084703999976, 0.0 ], [ 106.099294875000055, -1.794849842999952, 0.0 ], [ 106.099161288000062, -1.794721960999937, 0.0 ], [ 106.098947449000036, -1.792969869999979, 0.0 ], [ 106.098985084000049, -1.792265257999929, 0.0 ], [ 106.099113857000077, -1.791600523999932, 0.0 ], [ 106.099273175000064, -1.790902175999975, 0.0 ], [ 106.099344141000074, -1.790251151999939, 0.0 ], [ 106.099247942000034, -1.788470590999964, 0.0 ], [ 106.099233376000086, -1.787972791999948, 0.0 ], [ 106.099327992000042, -1.787096781999935, 0.0 ], [ 106.099360782000076, -1.786239960999978, 0.0 ], [ 106.100071321000087, -1.785962224999935, 0.0 ], [ 106.100113270000065, -1.786019230999955, 0.0 ], [ 106.10029141800004, -1.786283253999954, 0.0 ], [ 106.10043956700008, -1.786500257999933, 0.0 ], [ 106.10057091200008, -1.786667819999934, 0.0 ], [ 106.100716656000088, -1.786861306999924, 0.0 ], [ 106.100886398000057, -1.787093973999959, 0.0 ], [ 106.101115507000088, -1.787388122999971, 0.0 ], [ 106.101347607000037, -1.787678643999925, 0.0 ], [ 106.10154190600008, -1.787892000999932, 0.0 ], [ 106.101687634000086, -1.788058350999961, 0.0 ], [ 106.101853753000057, -1.788260264999963, 0.0 ], [ 106.10196349000006, -1.788370554999972, 0.0 ], [ 106.102117048000082, -1.788599015999978, 0.0 ], [ 106.10229399900004, -1.788860025999952, 0.0 ], [ 106.102505110000038, -1.789136085999928, 0.0 ], [ 106.102733613000055, -1.789423595999949, 0.0 ], [ 106.102950115000056, -1.789679752999973, 0.0 ], [ 106.103154612000083, -1.789914812999939, 0.0 ], [ 106.103303358000062, -1.79010709399995, 0.0 ], [ 106.103459278000059, -1.790283686999942, 0.0 ], [ 106.103599601000042, -1.790431947999934, 0.0 ], [ 106.103729161000047, -1.790618207999955, 0.0 ], [ 106.103948052000078, -1.790871349999975, 0.0 ], [ 106.104225114000087, -1.791184157999965, 0.0 ], [ 106.104439798000044, -1.791406547999941, 0.0 ], [ 106.104602302000046, -1.79155962699997, 0.0 ], [ 106.104683254000065, -1.791633390999948, 0.0 ], [ 106.104782189000048, -1.791723539999964, 0.0 ], [ 106.105002855000066, -1.791937486999927, 0.0 ], [ 106.105182149000086, -1.792117682999958, 0.0 ], [ 106.10539620600008, -1.792298463999941, 0.0 ], [ 106.105629430000079, -1.792452095999977, 0.0 ], [ 106.105874023000069, -1.792585820999932, 0.0 ], [ 106.106073047000052, -1.792687615999967, 0.0 ], [ 106.106158766000078, -1.792724342999975, 0.0 ], [ 106.106270907000066, -1.79284126999994, 0.0 ], [ 106.106330899000056, -1.792939521999926, 0.0 ], [ 106.10649520700008, -1.793117926999969, 0.0 ], [ 106.106712843000082, -1.793270961999951, 0.0 ], [ 106.106931686000053, -1.793426411999974, 0.0 ], [ 106.107181720000085, -1.793639128999928, 0.0 ], [ 106.107393372000047, -1.79381267399998, 0.0 ], [ 106.107597818000045, -1.793960298999934, 0.0 ], [ 106.107847248000041, -1.794154317999926, 0.0 ], [ 106.108087676000082, -1.794342318999952, 0.0 ], [ 106.10824776000004, -1.794462227999929, 0.0 ], [ 106.108452809000084, -1.794611055999951, 0.0 ], [ 106.108708229000058, -1.794810498999936, 0.0 ], [ 106.108912082000074, -1.794959326999958, 0.0 ], [ 106.109155490000035, -1.79512561599995, 0.0 ], [ 106.109401892000051, -1.795276823999927, 0.0 ], [ 106.109639899000058, -1.795415979999973, 0.0 ], [ 106.109871915000042, -1.795562375999964, 0.0 ], [ 106.110087146000069, -1.795706374999952, 0.0 ], [ 106.110259828000039, -1.795846167999969, 0.0 ], [ 106.110472089000041, -1.796029363999935, 0.0 ], [ 106.110719101000086, -1.796193234999976, 0.0 ], [ 106.110877361000064, -1.796269120999966, 0.0 ], [ 106.111051167000085, -1.796290125999974, 0.0 ], [ 106.111262769000064, -1.796365372999958, 0.0 ], [ 106.111490596000067, -1.796526243999949, 0.0 ], [ 106.111664494000081, -1.796699810999939, 0.0 ], [ 106.11179340700005, -1.796796817999962, 0.0 ], [ 106.111955874000046, -1.796901645999981, 0.0 ], [ 106.112100357000088, -1.796984776999977, 0.0 ], [ 106.112292807000074, -1.797109486999943, 0.0 ], [ 106.112470868000059, -1.797225159999925, 0.0 ], [ 106.112779615000079, -1.797411308999926, 0.0 ], [ 106.113051817000041, -1.79760833399996, 0.0 ], [ 106.113358795000067, -1.797840922999967, 0.0 ], [ 106.113665777000051, -1.798066265999978, 0.0 ], [ 106.113911592000079, -1.798243406999973, 0.0 ], [ 106.114155022000034, -1.798428988999945, 0.0 ], [ 106.114368458000058, -1.798577203999969, 0.0 ], [ 106.114570503000039, -1.798707940999975, 0.0 ], [ 106.114797700000054, -1.798821774999965, 0.0 ], [ 106.115027283000074, -1.798899424999945, 0.0 ], [ 106.115270020000082, -1.79893545799996, 0.0 ], [ 106.115436628000054, -1.79894620999994, 0.0 ], [ 106.115688367000075, -1.799003339999956, 0.0 ], [ 106.115991101000077, -1.799146678999932, 0.0 ], [ 106.116187724000042, -1.799244854999927, 0.0 ], [ 106.116328598000052, -1.799305065999931, 0.0 ], [ 106.116512618000058, -1.799359225999979, 0.0 ], [ 106.11652239600005, -1.799362514999927, 0.0 ], [ 106.11676316900008, -1.799443501999974, 0.0 ], [ 106.116919022000047, -1.799493454999947, 0.0 ], [ 106.117005559000063, -1.799502084999972, 0.0 ], [ 106.117099550000034, -1.799526512999932, 0.0 ], [ 106.117250182000078, -1.799579182999935, 0.0 ], [ 106.117333686000052, -1.799610790999964, 0.0 ], [ 106.117471733000059, -1.799663467999949, 0.0 ], [ 106.11762992000007, -1.799722889999941, 0.0 ], [ 106.117798601000061, -1.79978652899996, 0.0 ], [ 106.117945875000032, -1.799830761999942, 0.0 ], [ 106.118115792000083, -1.799859357999935, 0.0 ], [ 106.118318434000059, -1.799892583999963, 0.0 ] ] ], [ [ [ 106.121727286000066, -1.817744579999953, 0.0 ], [ 106.121648286000038, -1.817744579999953, 0.0 ], [ 106.12157628600005, -1.81771157999998, 0.0 ], [ 106.121569286000067, -1.817632579999952, 0.0 ], [ 106.121606058000054, -1.817580618999955, 0.0 ], [ 106.121762904000036, -1.81750891799993, 0.0 ], [ 106.122005609000041, -1.81741373899996, 0.0 ], [ 106.122038922000058, -1.81741373899996, 0.0 ], [ 106.122081752000042, -1.817447051999977, 0.0 ], [ 106.122072234000086, -1.817489881999961, 0.0 ], [ 106.122019886000032, -1.81757078399994, 0.0 ], [ 106.121891395000034, -1.817656443999965, 0.0 ], [ 106.12173643400007, -1.817742864999957, 0.0 ], [ 106.121727286000066, -1.817744579999953, 0.0 ] ] ], [ [ [ 106.130322321000051, -1.803917602999945, 0.0 ], [ 106.130208321000055, -1.803921602999935, 0.0 ], [ 106.130122321000044, -1.803848602999949, 0.0 ], [ 106.130110321000075, -1.803770602999975, 0.0 ], [ 106.130120042000044, -1.80372078299996, 0.0 ], [ 106.130180737000046, -1.803654570999925, 0.0 ], [ 106.130241413000078, -1.803636724999933, 0.0 ], [ 106.130327074000036, -1.803636724999933, 0.0 ], [ 106.130387750000068, -1.803643862999934, 0.0 ], [ 106.130459134000034, -1.803690261999975, 0.0 ], [ 106.130487687000084, -1.803733092999948, 0.0 ], [ 106.130484118000084, -1.803800906999925, 0.0 ], [ 106.130466272000035, -1.803836598999965, 0.0 ], [ 106.130430580000052, -1.803865152999947, 0.0 ], [ 106.130377042000077, -1.80389370599994, 0.0 ], [ 106.13033325400005, -1.80391414099995, 0.0 ], [ 106.130322321000051, -1.803917602999945, 0.0 ] ] ], [ [ [ 106.126872097000046, -1.809018182999978, 0.0 ], [ 106.126849366000044, -1.809022370999969, 0.0 ], [ 106.126806176000059, -1.809000814999933, 0.0 ], [ 106.126767925000081, -1.808980955999971, 0.0 ], [ 106.126726226000073, -1.808972260999951, 0.0 ], [ 106.126680541000042, -1.80895798499995, 0.0 ], [ 106.126639138000087, -1.808923719999939, 0.0 ], [ 106.126639138000087, -1.808903732999966, 0.0 ], [ 106.126657698000088, -1.808888027999956, 0.0 ], [ 106.126689107000061, -1.808872323999935, 0.0 ], [ 106.126723371000082, -1.808856619999972, 0.0 ], [ 106.126751925000065, -1.808843769999953, 0.0 ], [ 106.126779050000039, -1.808826637999971, 0.0 ], [ 106.126811887000088, -1.808809505999932, 0.0 ], [ 106.126843296000061, -1.80879237399995, 0.0 ], [ 106.126867566000044, -1.808778096999959, 0.0 ], [ 106.126893265000035, -1.808778096999959, 0.0 ], [ 106.126936095000076, -1.808798084999978, 0.0 ], [ 106.126954655000077, -1.80881949999997, 0.0 ], [ 106.126966076000087, -1.808840914999962, 0.0 ], [ 106.12698606400005, -1.808882317999974, 0.0 ], [ 106.126987491000079, -1.808915153999976, 0.0 ], [ 106.126980353000079, -1.808940851999978, 0.0 ], [ 106.126954655000077, -1.80896940599996, 0.0 ], [ 106.126898975000074, -1.809005097999943, 0.0 ], [ 106.126872097000046, -1.809018182999978, 0.0 ] ] ] ] } },
{ "type": "Feature", "properties": { "OBJECTID": 59026.0, "NAMOBJ": "Parit Padang", "FCODE": "BA03070040", "REMARK": null, "METADATA": "TASWIL1000020221227_DATA_BATAS_DESAKELURAHAN", "SRS_ID": "4326", "KDBBPS": null, "KDCBPS": null, "KDCPUM": "19.01.01", "KDEBPS": null, "KDEPUM": "19.01.01.1006", "KDPBPS": null, "KDPKAB": "19.01", "KDPPUM": "19", "LUASWH": 0.0, "TIPADM": 2.0, "WADMKC": "Sungailiat", "WADMKD": "Parit Padang", "WADMKK": "Bangka", "WADMPR": "Kepulauan Bangka Belitung", "WIADKC": null, "WIADKK": null, "WIADPR": null, "WIADKD": "0", "UUPP": "Hasil Delineasi Batas Desa 2019", "LUAS": 3.93777351 }, "geometry": { "type": "MultiPolygon", "coordinates": [ [ [ [ 106.126980389000039, -1.876782701999957, 0.0 ], [ 106.127363863000085, -1.877164237999978, 0.0 ], [ 106.12775864300005, -1.87750910799997, 0.0 ], [ 106.128004807000082, -1.877826116999927, 0.0 ], [ 106.128132136000033, -1.878188028999944, 0.0 ], [ 106.128323304000048, -1.878399682999941, 0.0 ], [ 106.128686034000054, -1.878451887999972, 0.0 ], [ 106.128908762000037, -1.878601083999968, 0.0 ], [ 106.128931826000041, -1.878957189999937, 0.0 ], [ 106.128989047000061, -1.879169675999947, 0.0 ], [ 106.128983530000085, -1.879468360999965, 0.0 ], [ 106.129015775000084, -1.879736764999961, 0.0 ], [ 106.129034886000056, -1.880138912999939, 0.0 ], [ 106.12900920800007, -1.881000164999932, 0.0 ], [ 106.129063237000082, -1.881219100999942, 0.0 ], [ 106.129147592000038, -1.881371299999955, 0.0 ], [ 106.129156451000085, -1.881753664999962, 0.0 ], [ 106.129159415000061, -1.881902975999935, 0.0 ], [ 106.129119148000086, -1.881948827999963, 0.0 ], [ 106.129097582000043, -1.88201272799995, 0.0 ], [ 106.12909546700007, -1.88211158699994, 0.0 ], [ 106.12913592600006, -1.882147459999942, 0.0 ], [ 106.129116936000059, -1.882209696999951, 0.0 ], [ 106.128998182000032, -1.88248021499993, 0.0 ], [ 106.128998765000063, -1.882612940999934, 0.0 ], [ 106.129023870000083, -1.882760591999954, 0.0 ], [ 106.129044438000051, -1.882995932999961, 0.0 ], [ 106.129064286000073, -1.883135090999929, 0.0 ], [ 106.129086715000085, -1.883296265999945, 0.0 ], [ 106.128953827000032, -1.883484117999956, 0.0 ], [ 106.128856763000044, -1.883633901999929, 0.0 ], [ 106.128710926000053, -1.883782757999938, 0.0 ], [ 106.125258010000039, -1.882500548999928, 0.0 ], [ 106.12416999900006, -1.882121346999952, 0.0 ], [ 106.123487641000054, -1.883478608999951, 0.0 ], [ 106.122912297000084, -1.883488026999942, 0.0 ], [ 106.122948876000066, -1.884455868999964, 0.0 ], [ 106.113375774000076, -1.88618069599994, 0.0 ], [ 106.114859685000056, -1.887093334999975, 0.0 ], [ 106.11460850900005, -1.88794377399995, 0.0 ], [ 106.115723410000044, -1.888187282999979, 0.0 ], [ 106.115652063000084, -1.889082831999929, 0.0 ], [ 106.115822893000086, -1.889118904999975, 0.0 ], [ 106.11576935800008, -1.889471377999939, 0.0 ], [ 106.115355848000036, -1.889998155999933, 0.0 ], [ 106.115088102000072, -1.89087140099997, 0.0 ], [ 106.115133963000062, -1.891708944999948, 0.0 ], [ 106.115222678000066, -1.892420898999944, 0.0 ], [ 106.113668112000084, -1.893498315999977, 0.0 ], [ 106.113535117000083, -1.896402006999949, 0.0 ], [ 106.112736269000038, -1.898365397999953, 0.0 ], [ 106.112107106000053, -1.89857385199997, 0.0 ], [ 106.112125502000083, -1.899225114999979, 0.0 ], [ 106.112448878000066, -1.899983898999949, 0.0 ], [ 106.112398147000079, -1.901088057999971, 0.0 ], [ 106.112137089000043, -1.902002944999936, 0.0 ], [ 106.110680230000071, -1.902527659999976, 0.0 ], [ 106.110311422000052, -1.902184169999941, 0.0 ], [ 106.110229968000056, -1.90254600399993, 0.0 ], [ 106.110033178000037, -1.902880851999953, 0.0 ], [ 106.109776321000083, -1.902842108999948, 0.0 ], [ 106.107542198000033, -1.90169750299998, 0.0 ], [ 106.107532787000082, -1.90103718499995, 0.0 ], [ 106.107000648000053, -1.900853636999955, 0.0 ], [ 106.106689415000062, -1.900675775999957, 0.0 ], [ 106.10647530600005, -1.900621346999969, 0.0 ], [ 106.106030868000062, -1.900106464999965, 0.0 ], [ 106.105922575000079, -1.899455256999943, 0.0 ], [ 106.104430659000059, -1.900116539999942, 0.0 ], [ 106.104408280000087, -1.899841504999927, 0.0 ], [ 106.104402348000065, -1.899491129999944, 0.0 ], [ 106.104385037000043, -1.899198200999933, 0.0 ], [ 106.104316318000087, -1.898859352999978, 0.0 ], [ 106.104247602000044, -1.898526249999975, 0.0 ], [ 106.104013344000066, -1.898204740999972, 0.0 ], [ 106.103719102000071, -1.897991298999955, 0.0 ], [ 106.104506785000069, -1.89691617099993, 0.0 ], [ 106.10522930500008, -1.89601199699996, 0.0 ], [ 106.10543466200005, -1.895770619999951, 0.0 ], [ 106.105803194000089, -1.895502441999952, 0.0 ], [ 106.105415064000056, -1.894870751999974, 0.0 ], [ 106.105029319000039, -1.894336064999948, 0.0 ], [ 106.105088176000038, -1.894311631999926, 0.0 ], [ 106.105077447000042, -1.894196759999943, 0.0 ], [ 106.10515655100005, -1.894109402999959, 0.0 ], [ 106.105188416000033, -1.893947019999928, 0.0 ], [ 106.105252252000071, -1.893789212999934, 0.0 ], [ 106.105284118000043, -1.89362529899995, 0.0 ], [ 106.105352529000072, -1.893479742999943, 0.0 ], [ 106.105999313000041, -1.893174516999977, 0.0 ], [ 106.106181973000048, -1.89314836099993, 0.0 ], [ 106.106484937000062, -1.893150169999956, 0.0 ], [ 106.106536768000069, -1.893307685999957, 0.0 ], [ 106.106683048000036, -1.893524839999941, 0.0 ], [ 106.106803392000074, -1.893656489999955, 0.0 ], [ 106.107033571000045, -1.893538773999978, 0.0 ], [ 106.106952483000043, -1.893258415999981, 0.0 ], [ 106.107470123000041, -1.893059893999975, 0.0 ], [ 106.107809901000053, -1.892880414999979, 0.0 ], [ 106.107928821000087, -1.892865978999964, 0.0 ], [ 106.108813453000039, -1.892544707999946, 0.0 ], [ 106.108896524000045, -1.892262245999973, 0.0 ], [ 106.10973888400008, -1.89250584499996, 0.0 ], [ 106.11059322300008, -1.889325344999975, 0.0 ], [ 106.111200542000063, -1.886807209999972, 0.0 ], [ 106.111190801000077, -1.886453007999933, 0.0 ], [ 106.106575411000051, -1.87552050599993, 0.0 ], [ 106.106600126000046, -1.875486027999955, 0.0 ], [ 106.106527612000036, -1.875303327999973, 0.0 ], [ 106.106545789000052, -1.875241960999972, 0.0 ], [ 106.106605235000075, -1.87521320299993, 0.0 ], [ 106.106609959000082, -1.875158154999951, 0.0 ], [ 106.106666936000067, -1.874985801999969, 0.0 ], [ 106.10668114300006, -1.874882879999973, 0.0 ], [ 106.106676266000079, -1.874693811999975, 0.0 ], [ 106.106818816000043, -1.874430459999928, 0.0 ], [ 106.107586586000082, -1.873623428999963, 0.0 ], [ 106.107971711000062, -1.873302481999929, 0.0 ], [ 106.108385413000065, -1.873034168999936, 0.0 ], [ 106.108656526000061, -1.872966985999938, 0.0 ], [ 106.109060861000046, -1.872933220999926, 0.0 ], [ 106.109417655000073, -1.872947354999951, 0.0 ], [ 106.109841041000038, -1.872951870999941, 0.0 ], [ 106.110102711000081, -1.872994782999967, 0.0 ], [ 106.110264519000054, -1.873099984999953, 0.0 ], [ 106.110564262000082, -1.873171591999949, 0.0 ], [ 106.11092106600006, -1.873200084999951, 0.0 ], [ 106.111396807000062, -1.873247646999971, 0.0 ], [ 106.111625156000059, -1.87325707499997, 0.0 ], [ 106.111910529000056, -1.873170734999974, 0.0 ], [ 106.112452804000043, -1.87311294999995, 0.0 ], [ 106.113142616000061, -1.873160372999962, 0.0 ], [ 106.113584976000084, -1.873078718999977, 0.0 ], [ 106.114027401000044, -1.873097582999947, 0.0 ], [ 106.114650583000071, -1.87309718399996, 0.0 ], [ 106.115623969000069, -1.873162783999931, 0.0 ], [ 106.116055543000073, -1.873262007999926, 0.0 ], [ 106.11602896800008, -1.873886163999941, 0.0 ], [ 106.116493090000063, -1.873898302999976, 0.0 ], [ 106.116569233000064, -1.873917338999945, 0.0 ], [ 106.116692965000084, -1.873988721999979, 0.0 ], [ 106.116835733000073, -1.874079140999925, 0.0 ], [ 106.116902358000061, -1.874112453999942, 0.0 ], [ 106.116973742000084, -1.874126730999933, 0.0 ], [ 106.117206929000076, -1.874093418999962, 0.0 ], [ 106.117492464000065, -1.874012515999937, 0.0 ], [ 106.117606677000083, -1.873884025999928, 0.0 ], [ 106.117673302000071, -1.873731740999972, 0.0 ], [ 106.117863658000033, -1.873351025999966, 0.0 ], [ 106.117920767000044, -1.873151150999945, 0.0 ], [ 106.117916007000076, -1.872989347999976, 0.0 ], [ 106.117854142000056, -1.872870374999934, 0.0 ], [ 106.117695275000074, -1.87272083299996, 0.0 ], [ 106.117171984000038, -1.872706808999965, 0.0 ], [ 106.117142890000082, -1.872600988999977, 0.0 ], [ 106.117301763000057, -1.872539317999951, 0.0 ], [ 106.117468190000068, -1.872502901999951, 0.0 ], [ 106.117920155000036, -1.872265196999933, 0.0 ], [ 106.118265618000066, -1.872116398999935, 0.0 ], [ 106.118484776000059, -1.872038141999951, 0.0 ], [ 106.118706730000042, -1.871993937999946, 0.0 ], [ 106.118979658000057, -1.871964723999952, 0.0 ], [ 106.119504305000078, -1.872017420999953, 0.0 ], [ 106.11966416000007, -1.872040294999977, 0.0 ], [ 106.11977607700004, -1.872087705999945, 0.0 ], [ 106.119938285000046, -1.872223922999979, 0.0 ], [ 106.12011297500004, -1.872236829999963, 0.0 ], [ 106.120581142000049, -1.872345662999976, 0.0 ], [ 106.120689775000073, -1.872615555999971, 0.0 ], [ 106.120809929000075, -1.873046270999964, 0.0 ], [ 106.120813240000075, -1.873167272999979, 0.0 ], [ 106.120893153000054, -1.873155733999965, 0.0 ], [ 106.120953040000074, -1.873075280999956, 0.0 ], [ 106.120973880000065, -1.873032230999968, 0.0 ], [ 106.12105002800007, -1.872983315999932, 0.0 ], [ 106.121125603000053, -1.872969294999962, 0.0 ], [ 106.121264176000068, -1.873106671999949, 0.0 ], [ 106.121538297000086, -1.873281683999949, 0.0 ], [ 106.121760963000042, -1.873336108999979, 0.0 ], [ 106.121860783000045, -1.873209677999967, 0.0 ], [ 106.121992072000069, -1.873198106999951, 0.0 ], [ 106.122121241000059, -1.873288010999943, 0.0 ], [ 106.122283033000087, -1.873471546999951, 0.0 ], [ 106.122306827000045, -1.873585760999958, 0.0 ], [ 106.122283033000087, -1.873757080999951, 0.0 ], [ 106.122297310000079, -1.873852260999968, 0.0 ], [ 106.122501942000042, -1.874047374999975, 0.0 ], [ 106.122644711000078, -1.874123518999966, 0.0 ], [ 106.122792237000056, -1.874118757999952, 0.0 ], [ 106.122887415000037, -1.874156831999926, 0.0 ], [ 106.123077772000045, -1.874347188999934, 0.0 ], [ 106.12328341400007, -1.874602704999973, 0.0 ], [ 106.123324509000042, -1.874898075999965, 0.0 ], [ 106.123429926000085, -1.875063845999932, 0.0 ], [ 106.123553077000054, -1.875252134999926, 0.0 ], [ 106.123729270000069, -1.87553442799998, 0.0 ], [ 106.123790609000082, -1.875822574999972, 0.0 ], [ 106.123981657000058, -1.875941122999961, 0.0 ], [ 106.124119707000034, -1.876089416999946, 0.0 ], [ 106.12440041900004, -1.876206681999975, 0.0 ], [ 106.124633835000054, -1.876440492999961, 0.0 ], [ 106.124902883000061, -1.876660845999936, 0.0 ], [ 106.12496019200006, -1.876980988999946, 0.0 ], [ 106.124971751000032, -1.877203076999933, 0.0 ], [ 106.125032760000067, -1.877386841999964, 0.0 ], [ 106.125204090000068, -1.877505437999957, 0.0 ], [ 106.125402009000084, -1.877539772999967, 0.0 ], [ 106.125578368000049, -1.877585609999926, 0.0 ], [ 106.125711489000082, -1.877461072999949, 0.0 ], [ 106.125819978000038, -1.877467778999971, 0.0 ], [ 106.125848525000038, -1.877509806999967, 0.0 ], [ 106.126051246000088, -1.877615938999952, 0.0 ], [ 106.126171121000084, -1.877610116999961, 0.0 ], [ 106.126231027000074, -1.877555510999969, 0.0 ], [ 106.126248085000043, -1.877452108999933, 0.0 ], [ 106.12627645300006, -1.877179257999956, 0.0 ], [ 106.126324908000072, -1.877072963999979, 0.0 ], [ 106.126510450000069, -1.877098690999958, 0.0 ], [ 106.126676455000052, -1.877068666999946, 0.0 ], [ 106.126838120000059, -1.876948897999966, 0.0 ], [ 106.126980389000039, -1.876782701999957, 0.0 ] ] ] ] } },
{ "type": "Feature", "properties": { "OBJECTID": 59039.0, "NAMOBJ": "Rebo", "FCODE": "BA03070040", "REMARK": null, "METADATA": "TASWIL1000020221227_DATA_BATAS_DESAKELURAHAN", "SRS_ID": "4326", "KDBBPS": null, "KDCBPS": null, "KDCPUM": "19.01.01", "KDEBPS": null, "KDEPUM": "19.01.01.2007", "KDPBPS": null, "KDPKAB": "19.01", "KDPPUM": "19", "LUASWH": 0.0, "TIPADM": 1.0, "WADMKC": "Sungailiat", "WADMKD": "Rebo", "WADMKK": "Bangka", "WADMPR": "Kepulauan Bangka Belitung", "WIADKC": null, "WIADKK": null, "WIADPR": null, "WIADKD": null, "UUPP": "Hasil Delineasi Batas Desa 2019", "LUAS": 27.12782583 }, "geometry": { "type": "MultiPolygon", "coordinates": [ [ [ [ 106.186155537000047, -1.898955931999978, 0.0 ], [ 106.186258901000087, -1.899047841999959, 0.0 ], [ 106.186348764000059, -1.899169049999955, 0.0 ], [ 106.186407447000079, -1.899272124999925, 0.0 ], [ 106.186434163000058, -1.899374806999958, 0.0 ], [ 106.186438774000067, -1.899519165999948, 0.0 ], [ 106.186419198000067, -1.899670144999959, 0.0 ], [ 106.186372543000061, -1.899777001999951, 0.0 ], [ 106.186300044000063, -1.899861190999957, 0.0 ], [ 106.18620253000006, -1.899937980999937, 0.0 ], [ 106.186025102000087, -1.900046989999964, 0.0 ], [ 106.185862819000079, -1.900123407999956, 0.0 ], [ 106.185746841000082, -1.900160608999954, 0.0 ], [ 106.185622699000078, -1.900262164999958, 0.0 ], [ 106.185589552000067, -1.900351283999953, 0.0 ], [ 106.185570373000076, -1.900477505999959, 0.0 ], [ 106.185510605000047, -1.900602940999931, 0.0 ], [ 106.185448764000057, -1.900680935999958, 0.0 ], [ 106.185415223000064, -1.900786137999944, 0.0 ], [ 106.18540545500008, -1.900896270999965, 0.0 ], [ 106.185419079000042, -1.901035675999935, 0.0 ], [ 106.185456086000045, -1.901200635999942, 0.0 ], [ 106.185497999000063, -1.901350740999931, 0.0 ], [ 106.185532095000042, -1.901453425999932, 0.0 ], [ 106.185607995000055, -1.901544522999927, 0.0 ], [ 106.185681872000032, -1.901675636999926, 0.0 ], [ 106.185688547000041, -1.901840210999978, 0.0 ], [ 106.185696041000085, -1.902020034999964, 0.0 ], [ 106.185733032000087, -1.902161485999954, 0.0 ], [ 106.185812241000065, -1.902293835999956, 0.0 ], [ 106.185879929000066, -1.90236555499996, 0.0 ], [ 106.185979173000078, -1.902428178999969, 0.0 ], [ 106.186084555000036, -1.902460279999957, 0.0 ], [ 106.186147338000069, -1.902564175999942, 0.0 ], [ 106.186111767000057, -1.902697427999954, 0.0 ], [ 106.186011428000086, -1.902835256999936, 0.0 ], [ 106.185966815000086, -1.902933049999945, 0.0 ], [ 106.185927952000043, -1.903049388999932, 0.0 ], [ 106.185864529000071, -1.903220188999967, 0.0 ], [ 106.185811322000063, -1.90334355799996, 0.0 ], [ 106.185727763000045, -1.903450024999927, 0.0 ], [ 106.185619178000081, -1.903518987999973, 0.0 ], [ 106.185511402000088, -1.903560715999959, 0.0 ], [ 106.185354437000058, -1.903621047999934, 0.0 ], [ 106.185245026000075, -1.903678045999925, 0.0 ], [ 106.185176212000044, -1.903761409999959, 0.0 ], [ 106.185074627000063, -1.903878615999929, 0.0 ], [ 106.184986172000038, -1.90401726999994, 0.0 ], [ 106.18494237200008, -1.904105155999957, 0.0 ], [ 106.184924792000061, -1.904177348999951, 0.0 ], [ 106.184929787000044, -1.904277566999951, 0.0 ], [ 106.184939264000036, -1.904357990999927, 0.0 ], [ 106.18494012900004, -1.904413672999965, 0.0 ], [ 106.184938938000073, -1.90447431399997, 0.0 ], [ 106.184919298000068, -1.904529593999939, 0.0 ], [ 106.184858251000037, -1.90457252899995, 0.0 ], [ 106.184782819000077, -1.904574642999933, 0.0 ], [ 106.184702473000073, -1.904567688999975, 0.0 ], [ 106.184632786000066, -1.904570214999978, 0.0 ], [ 106.184565985000063, -1.904598717999932, 0.0 ], [ 106.184500010000079, -1.904640426999947, 0.0 ], [ 106.184409190000054, -1.904750307999961, 0.0 ], [ 106.184335067000063, -1.904864609999947, 0.0 ], [ 106.184281033000048, -1.904974772999935, 0.0 ], [ 106.184230691000039, -1.905094015999964, 0.0 ], [ 106.184174195000082, -1.905206649999968, 0.0 ], [ 106.184099232000051, -1.90528878799995, 0.0 ], [ 106.184018526000045, -1.90536143199995, 0.0 ], [ 106.183955019000052, -1.905409324999937, 0.0 ], [ 106.183904226000038, -1.905460095999956, 0.0 ], [ 106.183857142000079, -1.905545505999953, 0.0 ], [ 106.183809268000061, -1.90567257999993, 0.0 ], [ 106.183771636000074, -1.905802939999944, 0.0 ], [ 106.183743865000054, -1.905944851999948, 0.0 ], [ 106.183735741000078, -1.906054567999945, 0.0 ], [ 106.183755905000055, -1.906172105999929, 0.0 ], [ 106.183806399000048, -1.90627601999995, 0.0 ], [ 106.183847855000067, -1.906360545999974, 0.0 ], [ 106.183858602000043, -1.906485507999946, 0.0 ], [ 106.183866465000051, -1.906598930999962, 0.0 ], [ 106.183823931000063, -1.906739197999968, 0.0 ], [ 106.183771528000079, -1.906841119999967, 0.0 ], [ 106.183702329000084, -1.90695293999994, 0.0 ], [ 106.183666714000083, -1.907022260999952, 0.0 ], [ 106.183658552000054, -1.907076709999956, 0.0 ], [ 106.183668837000084, -1.907130322999933, 0.0 ], [ 106.183711501000062, -1.907181028999958, 0.0 ], [ 106.183781631000045, -1.907220579999944, 0.0 ], [ 106.183851745000084, -1.90725146699998, 0.0 ], [ 106.183863644000041, -1.907259291999935, 0.0 ], [ 106.183893598000054, -1.907312890999947, 0.0 ], [ 106.183897735000073, -1.907367747999956, 0.0 ], [ 106.18390028500005, -1.90749395499995, 0.0 ], [ 106.18387451500007, -1.907578120999972, 0.0 ], [ 106.183845038000072, -1.907632584999931, 0.0 ], [ 106.183836486000075, -1.907719623999981, 0.0 ], [ 106.183860329000083, -1.907815704999962, 0.0 ], [ 106.183885374000056, -1.907867245999967, 0.0 ], [ 106.183937883000056, -1.907919182999933, 0.0 ], [ 106.183982596000078, -1.907968647999951, 0.0 ], [ 106.183989211000039, -1.908045365999953, 0.0 ], [ 106.183918776000041, -1.908163789999946, 0.0 ], [ 106.183776203000036, -1.908276076999925, 0.0 ], [ 106.183700394000084, -1.908317791999934, 0.0 ], [ 106.183587699000043, -1.908371073999945, 0.0 ], [ 106.183467202000088, -1.90841364399995, 0.0 ], [ 106.183335641000042, -1.908446315999925, 0.0 ], [ 106.183226183000045, -1.908449693999955, 0.0 ], [ 106.183142135000082, -1.908431189999931, 0.0 ], [ 106.183035936000067, -1.90838877799996, 0.0 ], [ 106.182984261000058, -1.90835870199993, 0.0 ], [ 106.182969495000066, -1.908339743999932, 0.0 ], [ 106.182946497000046, -1.908284484999967, 0.0 ], [ 106.182921460000045, -1.908229650999942, 0.0 ], [ 106.182868549000034, -1.908194211999955, 0.0 ], [ 106.182779986000071, -1.908160859999953, 0.0 ], [ 106.182743874000039, -1.908108919999961, 0.0 ], [ 106.18270695700005, -1.908075125999972, 0.0 ], [ 106.182658581000055, -1.908072680999965, 0.0 ], [ 106.182581936000076, -1.908088408999959, 0.0 ], [ 106.182493803000057, -1.908091771999977, 0.0 ], [ 106.18240361900007, -1.908094302999928, 0.0 ], [ 106.182322461000069, -1.908110034999936, 0.0 ], [ 106.182230679000043, -1.908167842999944, 0.0 ], [ 106.182142578000082, -1.908218222999949, 0.0 ], [ 106.18205445500007, -1.908236844999976, 0.0 ], [ 106.182004446000064, -1.908252970999968, 0.0 ], [ 106.181946683000035, -1.908300027999928, 0.0 ], [ 106.181862680000052, -1.908348342999943, 0.0 ], [ 106.181779479000056, -1.90837438799997, 0.0 ], [ 106.181719656000041, -1.908419383999956, 0.0 ], [ 106.181660672000078, -1.908481710999979, 0.0 ], [ 106.181561084000066, -1.908523441999932, 0.0 ], [ 106.181447949000074, -1.908524342999954, 0.0 ], [ 106.181377420000047, -1.908505830999957, 0.0 ], [ 106.181326155000079, -1.908471629999951, 0.0 ], [ 106.181263432000037, -1.908456820999959, 0.0 ], [ 106.181196532000058, -1.90849895499997, 0.0 ], [ 106.18110063000006, -1.908539661999953, 0.0 ], [ 106.181052424000086, -1.908588231999943, 0.0 ], [ 106.18099413200008, -1.908663908999927, 0.0 ], [ 106.18094874500008, -1.908733362999953, 0.0 ], [ 106.180910092000033, -1.908817492999958, 0.0 ], [ 106.180888828000036, -1.908891442999959, 0.0 ], [ 106.180846259000077, -1.908980088999954, 0.0 ], [ 106.180795836000073, -1.90907438499994, 0.0 ], [ 106.180756061000068, -1.909160206999957, 0.0 ], [ 106.180710140000087, -1.909264087999929, 0.0 ], [ 106.180632271000036, -1.909422180999968, 0.0 ], [ 106.180586351000045, -1.909540180999954, 0.0 ], [ 106.180549968000037, -1.909657043999971, 0.0 ], [ 106.180519748000052, -1.909755269999948, 0.0 ], [ 106.180481124000039, -1.909881161999976, 0.0 ], [ 106.180453170000078, -1.910018903999969, 0.0 ], [ 106.180444261000048, -1.910110348999979, 0.0 ], [ 106.180441507000069, -1.910185417999969, 0.0 ], [ 106.180434253000044, -1.910252592999939, 0.0 ], [ 106.18040065100007, -1.910333887999968, 0.0 ], [ 106.180369832000054, -1.910384146999945, 0.0 ], [ 106.180346092000036, -1.910399757999926, 0.0 ], [ 106.180296120000037, -1.910457537999946, 0.0 ], [ 106.180214990000081, -1.910513275999961, 0.0 ], [ 106.180134250000037, -1.910537257999977, 0.0 ], [ 106.18000840600007, -1.910541467999963, 0.0 ], [ 106.179812856000069, -1.910535822999975, 0.0 ], [ 106.179709552000077, -1.910533008999948, 0.0 ], [ 106.179578767000066, -1.910503810999955, 0.0 ], [ 106.179420528000037, -1.910503512999981, 0.0 ], [ 106.179256976000033, -1.910516, 0.0 ], [ 106.179125003000081, -1.910550327999943, 0.0 ], [ 106.179029078000042, -1.910559049999961, 0.0 ], [ 106.178944211000044, -1.910540140999956, 0.0 ], [ 106.178863438000064, -1.910516679999944, 0.0 ], [ 106.178789248000044, -1.910532821999936, 0.0 ], [ 106.178717558000073, -1.910603396999932, 0.0 ], [ 106.17865898000008, -1.910668201999954, 0.0 ], [ 106.17860694400008, -1.91070329799993, 0.0 ], [ 106.178503660000047, -1.910729762999949, 0.0 ], [ 106.178379475000042, -1.910769032999951, 0.0 ], [ 106.178264748000061, -1.910850365999977, 0.0 ], [ 106.178129960000035, -1.91096388699998, 0.0 ], [ 106.178005803000076, -1.911043995999933, 0.0 ], [ 106.177894762000051, -1.911125326999979, 0.0 ], [ 106.177779641000086, -1.911220679999929, 0.0 ], [ 106.177666577000082, -1.911340372999973, 0.0 ], [ 106.177596975000085, -1.911467877999939, 0.0 ], [ 106.177549891000069, -1.911554112999966, 0.0 ], [ 106.177469176000045, -1.91161356899994, 0.0 ], [ 106.177370400000086, -1.91164621799993, 0.0 ], [ 106.177295797000056, -1.911651632999963, 0.0 ], [ 106.177235954000082, -1.911653736999938, 0.0 ], [ 106.177149879000069, -1.911670701999981, 0.0 ], [ 106.177062183000032, -1.911723975999962, 0.0 ], [ 106.176967128000058, -1.911794159999943, 0.0 ], [ 106.176810163000084, -1.911856138999951, 0.0 ], [ 106.17669826000008, -1.911873120999928, 0.0 ], [ 106.176650299000073, -1.911873570999944, 0.0 ], [ 106.176616703000036, -1.911896278999961, 0.0 ], [ 106.176581901000077, -1.911959818999946, 0.0 ], [ 106.176512650000063, -1.911995342999944, 0.0 ], [ 106.176437639000085, -1.912009007999927, 0.0 ], [ 106.176388086000088, -1.912085347999948, 0.0 ], [ 106.176345090000041, -1.912155903999974, 0.0 ], [ 106.176285674000042, -1.912191003999965, 0.0 ], [ 106.176181958000086, -1.912190668999926, 0.0 ], [ 106.176129495000055, -1.912192766999965, 0.0 ], [ 106.176061468000057, -1.912231997999925, 0.0 ], [ 106.175968073000035, -1.912336824999954, 0.0 ], [ 106.175857078000035, -1.912472607999973, 0.0 ], [ 106.175748942000041, -1.912608380999927, 0.0 ], [ 106.175701858000082, -1.912694207999948, 0.0 ], [ 106.175650265000058, -1.912773018999928, 0.0 ], [ 106.175594970000077, -1.912841113999946, 0.0 ], [ 106.175533529000063, -1.912913337999953, 0.0 ], [ 106.175497094000036, -1.912993792999941, 0.0 ], [ 106.17549389800007, -1.91311959799998, 0.0 ], [ 106.175502993000066, -1.913221884999928, 0.0 ], [ 106.175533854000037, -1.913391389999958, 0.0 ], [ 106.17556142400008, -1.913546452999981, 0.0 ], [ 106.175582396000038, -1.913650793999977, 0.0 ], [ 106.175576319000072, -1.913755976999937, 0.0 ], [ 106.175554678000083, -1.913871074999975, 0.0 ], [ 106.175555152000072, -1.913973358999954, 0.0 ], [ 106.175557660000038, -1.914039767999952, 0.0 ], [ 106.175557271000059, -1.914074827999968, 0.0 ], [ 106.17556225900006, -1.914179586999978, 0.0 ], [ 106.175591431000043, -1.914271141999961, 0.0 ], [ 106.175639868000076, -1.914363912999931, 0.0 ], [ 106.175660805000064, -1.914417103999938, 0.0 ], [ 106.175662892000048, -1.914469898999926, 0.0 ], [ 106.175662516000045, -1.914512791999925, 0.0 ], [ 106.175665409000032, -1.914549911999927, 0.0 ], [ 106.175699497000039, -1.914639807999947, 0.0 ], [ 106.175756166000042, -1.914780829999927, 0.0 ], [ 106.17575383500008, -1.914975106999975, 0.0 ], [ 106.175746187000072, -1.91517556499997, 0.0 ], [ 106.17574798000004, -1.915405313999941, 0.0 ], [ 106.175729261000072, -1.915614028999926, 0.0 ], [ 106.175682276000089, -1.915845042999933, 0.0 ], [ 106.175626692000037, -1.916082664999976, 0.0 ], [ 106.175573967000048, -1.916319868999949, 0.0 ], [ 106.175474154000085, -1.916624745999968, 0.0 ], [ 106.175421413000038, -1.916826483999955, 0.0 ], [ 106.175391964000084, -1.916934567999931, 0.0 ], [ 106.175357996000059, -1.917008012999929, 0.0 ], [ 106.175289143000043, -1.917033630999924, 0.0 ], [ 106.17518702700005, -1.916980080999963, 0.0 ], [ 106.175131245000046, -1.916928144999929, 0.0 ], [ 106.175121713000067, -1.916910377999955, 0.0 ], [ 106.175090237000063, -1.916881092999972, 0.0 ], [ 106.175032571000088, -1.916886993999981, 0.0 ], [ 106.174986043000047, -1.916996627999936, 0.0 ], [ 106.174932499000079, -1.917074626999977, 0.0 ], [ 106.17486669200008, -1.917100459999972, 0.0 ], [ 106.174830573000065, -1.91710282799994, 0.0 ], [ 106.174812513000063, -1.917091117999973, 0.0 ], [ 106.174811911000063, -1.91706474199998, 0.0 ], [ 106.17486894700005, -1.916991435999932, 0.0 ], [ 106.17488988000008, -1.916932807999956, 0.0 ], [ 106.174886941000068, -1.916894122999963, 0.0 ], [ 106.174863633000086, -1.916885934999925, 0.0 ], [ 106.17477625500004, -1.916890680999927, 0.0 ], [ 106.174566005000088, -1.916962337999962, 0.0 ], [ 106.174393042000077, -1.917031617999953, 0.0 ], [ 106.174301028000059, -1.917079159999957, 0.0 ], [ 106.174272493000046, -1.91709031399995, 0.0 ], [ 106.174231128000088, -1.917086832999928, 0.0 ], [ 106.174192093000045, -1.917071618999955, 0.0 ], [ 106.174121010000079, -1.917058768999937, 0.0 ], [ 106.174054020000085, -1.917062333999979, 0.0 ], [ 106.173981229000049, -1.917101658999968, 0.0 ], [ 106.173934079000048, -1.917156786999954, 0.0 ], [ 106.173918969000056, -1.917211891999955, 0.0 ], [ 106.173923068000079, -1.917237676999946, 0.0 ], [ 106.173924846000034, -1.917288085999928, 0.0 ], [ 106.17391675600004, -1.917381872999954, 0.0 ], [ 106.173893503000045, -1.917452812999954, 0.0 ], [ 106.173822496000071, -1.91753843999993, 0.0 ], [ 106.173745674000088, -1.917651024999941, 0.0 ], [ 106.173679341000081, -1.91776184899993, 0.0 ], [ 106.173615932000075, -1.917887911999969, 0.0 ], [ 106.173511700000063, -1.917961838999929, 0.0 ], [ 106.173392922000062, -1.918049252999936, 0.0 ], [ 106.173320768000053, -1.918165362999957, 0.0 ], [ 106.173306830000058, -1.918226328999936, 0.0 ], [ 106.173267311000075, -1.918371135999962, 0.0 ], [ 106.173252821000062, -1.918480159999945, 0.0 ], [ 106.173199870000076, -1.918557569999962, 0.0 ], [ 106.17315857400007, -1.918654898999932, 0.0 ], [ 106.173167362000072, -1.918728746999932, 0.0 ], [ 106.173145274000035, -1.918807890999972, 0.0 ], [ 106.173033506000081, -1.918917569999962, 0.0 ], [ 106.172946153000055, -1.918959835999942, 0.0 ], [ 106.172919943000068, -1.918965126999979, 0.0 ], [ 106.172890819000088, -1.918969832999949, 0.0 ], [ 106.172873346000074, -1.918974538999976, 0.0 ], [ 106.17285529600008, -1.918990371999939, 0.0 ], [ 106.172829700000079, -1.919040798999958, 0.0 ], [ 106.172805270000083, -1.919100605999972, 0.0 ], [ 106.172791927000048, -1.919176811999932, 0.0 ], [ 106.172800712000083, -1.91924537899996, 0.0 ], [ 106.172842668000044, -1.919271725999977, 0.0 ], [ 106.172924813000066, -1.919279294999967, 0.0 ], [ 106.172990685000059, -1.919335519999947, 0.0 ], [ 106.172997184000053, -1.91948087399993, 0.0 ], [ 106.172965289000047, -1.919692491999967, 0.0 ], [ 106.172936800000059, -1.919771639999965, 0.0 ], [ 106.172863436000057, -1.919827961999943, 0.0 ], [ 106.172757421000085, -1.919832132999943, 0.0 ], [ 106.17267408400005, -1.919790572999943, 0.0 ], [ 106.172644333000051, -1.919720256999938, 0.0 ], [ 106.172668729000065, -1.919622948999972, 0.0 ], [ 106.172726301000068, -1.919479305999971, 0.0 ], [ 106.172744868000052, -1.919364995999956, 0.0 ], [ 106.172712182000055, -1.919274746999974, 0.0 ], [ 106.172625314000072, -1.919170477999955, 0.0 ], [ 106.172572252000066, -1.919099001999939, 0.0 ], [ 106.172564643000044, -1.919040393999978, 0.0 ], [ 106.172556424000049, -1.918946038999934, 0.0 ], [ 106.172515599000064, -1.918875730999957, 0.0 ], [ 106.172428183000079, -1.918825969999943, 0.0 ], [ 106.172236493000071, -1.91878741499994, 0.0 ], [ 106.172124029000088, -1.91873474099998, 0.0 ], [ 106.17202087700008, -1.918677952999928, 0.0 ], [ 106.171899087000043, -1.918618255999945, 0.0 ], [ 106.171696328000053, -1.918563291999931, 0.0 ], [ 106.171509332000085, -1.918566350999924, 0.0 ], [ 106.171341592000033, -1.91860808399997, 0.0 ], [ 106.17111501800008, -1.918671547999963, 0.0 ], [ 106.170878563000088, -1.918746144999943, 0.0 ], [ 106.170689294000056, -1.918831853999961, 0.0 ], [ 106.170246146000068, -1.919080089999966, 0.0 ], [ 106.170106975000067, -1.919161077999945, 0.0 ], [ 106.169917160000068, -1.919301881999957, 0.0 ], [ 106.169741349000049, -1.919480773999965, 0.0 ], [ 106.169599897000069, -1.919630924999979, 0.0 ], [ 106.169495146000088, -1.919788077999954, 0.0 ], [ 106.169435802000066, -1.919904757999973, 0.0 ], [ 106.169383462000042, -1.920036086999971, 0.0 ], [ 106.169338087000085, -1.920123458999967, 0.0 ], [ 106.169242043000054, -1.920234891999939, 0.0 ], [ 106.169129677000058, -1.920339297999931, 0.0 ], [ 106.168993409000052, -1.920405620999929, 0.0 ], [ 106.168820987000061, -1.920424499999967, 0.0 ], [ 106.168677666000065, -1.920392948999961, 0.0 ], [ 106.168552943000066, -1.920316248999939, 0.0 ], [ 106.168487063000043, -1.92023482299993, 0.0 ], [ 106.168418253000084, -1.920126434999929, 0.0 ], [ 106.168355291000069, -1.920064345999947, 0.0 ], [ 106.168257994000044, -1.920039212999939, 0.0 ], [ 106.168072740000071, -1.92003933999996, 0.0 ], [ 106.167816995000067, -1.92002544099995, 0.0 ], [ 106.167624767000063, -1.920042577999936, 0.0 ], [ 106.167424391000054, -1.920068503999971, 0.0 ], [ 106.16726127700008, -1.920067439999968, 0.0 ], [ 106.167243365000047, -1.92006016199997, 0.0 ], [ 106.167220827000051, -1.920046889999981, 0.0 ], [ 106.167206065000073, -1.920032056999958, 0.0 ], [ 106.167194782000081, -1.920005488999948, 0.0 ], [ 106.16718505700004, -1.919981661999941, 0.0 ], [ 106.167174944000067, -1.919956657999933, 0.0 ], [ 106.167166379000037, -1.919933218999972, 0.0 ], [ 106.167164046000039, -1.91992658099997, 0.0 ], [ 106.167159772000048, -1.91992111199994, 0.0 ], [ 106.167145390000087, -1.919910176999963, 0.0 ], [ 106.167118200000061, -1.919903166999973, 0.0 ], [ 106.167096066000056, -1.919901616999937, 0.0 ], [ 106.167070048000085, -1.919900856999959, 0.0 ], [ 106.16702616300006, -1.919906749999939, 0.0 ], [ 106.166988892000063, -1.919919663999963, 0.0 ], [ 106.166962491000049, -1.919937654999956, 0.0 ], [ 106.16693676400007, -1.919944740999938, 0.0 ], [ 106.166803414000071, -1.92009530699994, 0.0 ], [ 106.166787717000034, -1.92014689399997, 0.0 ], [ 106.166760389000046, -1.920215494999979, 0.0 ], [ 106.166706247000036, -1.920273557999963, 0.0 ], [ 106.166649217000042, -1.920356831999925, 0.0 ], [ 106.166634111000064, -1.920418386999927, 0.0 ], [ 106.166662690000067, -1.920471697999972, 0.0 ], [ 106.166776304000052, -1.920497417999968, 0.0 ], [ 106.166906809000068, -1.92050962999997, 0.0 ], [ 106.166942359000075, -1.920540675999973, 0.0 ], [ 106.166903400000081, -1.920638581999981, 0.0 ], [ 106.16671533400006, -1.920788763999951, 0.0 ], [ 106.166481848000046, -1.920946593999929, 0.0 ], [ 106.166325211000071, -1.92105689999994, 0.0 ], [ 106.166265228000043, -1.921079210999949, 0.0 ], [ 106.166213997000057, -1.921122618999959, 0.0 ], [ 106.166200609000043, -1.921147248999944, 0.0 ], [ 106.166195386000084, -1.921173628999952, 0.0 ], [ 106.166197765000049, -1.92124807099998, 0.0 ], [ 106.166251401000068, -1.92130429599996, 0.0 ], [ 106.166339984000047, -1.921365199999968, 0.0 ], [ 106.166340037000055, -1.921443152999927, 0.0 ], [ 106.166235248000078, -1.921545210999966, 0.0 ], [ 106.16605299400004, -1.921661975999939, 0.0 ], [ 106.165932485000042, -1.921782216999929, 0.0 ], [ 106.165790434000087, -1.921939033999934, 0.0 ], [ 106.165751622000073, -1.922027631999924, 0.0 ], [ 106.165726723000034, -1.922099242999934, 0.0 ], [ 106.165716469000074, -1.92211770199998, 0.0 ], [ 106.165682795000066, -1.922226232999947, 0.0 ], [ 106.165635965000035, -1.92239602799998, 0.0 ], [ 106.165536343000042, -1.922615309999969, 0.0 ], [ 106.165420625000081, -1.922893650999924, 0.0 ], [ 106.165288780000083, -1.923186764999969, 0.0 ], [ 106.165183309000042, -1.923422296999945, 0.0 ], [ 106.165063940000039, -1.92372573199998, 0.0 ], [ 106.16498045600008, -1.923932456999978, 0.0 ], [ 106.164802493000082, -1.924372489999939, 0.0 ], [ 106.164690497000038, -1.924729803999981, 0.0 ], [ 106.164571138000042, -1.925048009999955, 0.0 ], [ 106.164466422000032, -1.925310839999952, 0.0 ], [ 106.164406376000045, -1.925479910999968, 0.0 ], [ 106.164367595000044, -1.92561501199998, 0.0 ], [ 106.164359577000084, -1.925696207999977, 0.0 ], [ 106.164359648000072, -1.925799541999936, 0.0 ], [ 106.164379500000052, -1.925869647999946, 0.0 ], [ 106.164415468000072, -1.92589471499997, 0.0 ], [ 106.164547492000054, -1.925865099999953, 0.0 ], [ 106.164699276000078, -1.925769784999943, 0.0 ], [ 106.16482024700008, -1.925667841999939, 0.0 ], [ 106.164898662000041, -1.925555598999949, 0.0 ], [ 106.164984402000073, -1.925428579999959, 0.0 ], [ 106.165080443000079, -1.92533846699996, 0.0 ], [ 106.165154490000077, -1.92528010999996, 0.0 ], [ 106.165232249000042, -1.925275624999927, 0.0 ], [ 106.165239620000079, -1.925327286999959, 0.0 ], [ 106.165181030000042, -1.925469039999939, 0.0 ], [ 106.165105552000057, -1.925589403999936, 0.0 ], [ 106.165091664000045, -1.925657316999946, 0.0 ], [ 106.165149617000054, -1.925663183999973, 0.0 ], [ 106.165291832000037, -1.925510300999974, 0.0 ], [ 106.165434035000033, -1.925351511999963, 0.0 ], [ 106.165614376000065, -1.925170553999976, 0.0 ], [ 106.165758775000086, -1.925002907999954, 0.0 ], [ 106.165869459000078, -1.924884735999967, 0.0 ], [ 106.165914225000051, -1.92490610599998, 0.0 ], [ 106.165891558000055, -1.925019793999979, 0.0 ], [ 106.165731038000047, -1.925210326999945, 0.0 ], [ 106.165503805000071, -1.925469559999954, 0.0 ], [ 106.165338165000037, -1.925693319999937, 0.0 ], [ 106.165190873000086, -1.925917798999933, 0.0 ], [ 106.16503546000007, -1.926069216999963, 0.0 ], [ 106.164829437000037, -1.926240594999967, 0.0 ], [ 106.164613141000075, -1.926401651999925, 0.0 ], [ 106.164339667000036, -1.926626959999965, 0.0 ], [ 106.164148344000068, -1.926825645999941, 0.0 ], [ 106.16401645600007, -1.927056020999942, 0.0 ], [ 106.163956342000063, -1.927125439999941, 0.0 ], [ 106.163828752000086, -1.927197863999936, 0.0 ], [ 106.163764197000035, -1.927199382999959, 0.0 ], [ 106.163683497000079, -1.927189840999972, 0.0 ], [ 106.163593244000083, -1.927158904999942, 0.0 ], [ 106.163572697000063, -1.927138991999925, 0.0 ], [ 106.163549903000046, -1.927065938999931, 0.0 ], [ 106.163505796000038, -1.926929420999954, 0.0 ], [ 106.163408882000056, -1.926806959999965, 0.0 ], [ 106.163352284000041, -1.92664018499994, 0.0 ], [ 106.163311092000072, -1.926480046999927, 0.0 ], [ 106.163248615000043, -1.926299254999947, 0.0 ], [ 106.163227235000079, -1.926136887999974, 0.0 ], [ 106.163210291000041, -1.926033565999944, 0.0 ], [ 106.163119231000053, -1.925900037999952, 0.0 ], [ 106.162976120000053, -1.925807131999932, 0.0 ], [ 106.162699477000046, -1.925680369999952, 0.0 ], [ 106.162493297000083, -1.925605959999928, 0.0 ], [ 106.162367819000053, -1.925558810999974, 0.0 ], [ 106.162219605000075, -1.925510194999958, 0.0 ], [ 106.162111748000086, -1.925477054999931, 0.0 ], [ 106.162121897000077, -1.925563532999945, 0.0 ], [ 106.162133141000083, -1.925659348999943, 0.0 ], [ 106.162327624000056, -1.925782484999957, 0.0 ], [ 106.162534348000065, -1.925981584999931, 0.0 ], [ 106.162575452000056, -1.926037601999951, 0.0 ], [ 106.162580958000035, -1.926071589999935, 0.0 ], [ 106.162569867000059, -1.926115024999945, 0.0 ], [ 106.162546201000055, -1.926160737999965, 0.0 ], [ 106.162517561000072, -1.926189647999934, 0.0 ], [ 106.162489676000064, -1.926232804999927, 0.0 ], [ 106.162454221000075, -1.926287688999935, 0.0 ], [ 106.162418803000037, -1.926330479999933, 0.0 ], [ 106.162381340000081, -1.926354131999972, 0.0 ], [ 106.162356340000088, -1.926369426999941, 0.0 ], [ 106.162337780000087, -1.926389157999949, 0.0 ], [ 106.162323577000052, -1.926416710999945, 0.0 ], [ 106.162317295000037, -1.926446799999951, 0.0 ], [ 106.162312834000033, -1.926495927999952, 0.0 ], [ 106.162311377000037, -1.926549242999954, 0.0 ], [ 106.162313784000048, -1.926584915999968, 0.0 ], [ 106.162329603000046, -1.926620642999978, 0.0 ], [ 106.162349081000059, -1.926641668999935, 0.0 ], [ 106.162386149000042, -1.926658105999934, 0.0 ], [ 106.162417427000037, -1.926674745999946, 0.0 ], [ 106.16244731900008, -1.926702440999975, 0.0 ], [ 106.162461375000078, -1.92673618799995, 0.0 ], [ 106.162464368000087, -1.926773823999952, 0.0 ], [ 106.162470122000059, -1.926801489999946, 0.0 ], [ 106.162491748000036, -1.926822151999943, 0.0 ], [ 106.162521038000079, -1.926837282999941, 0.0 ], [ 106.162562315000059, -1.926842690999933, 0.0 ], [ 106.162589919000084, -1.926850324999975, 0.0 ], [ 106.16260341800006, -1.926871064999943, 0.0 ], [ 106.162604870000052, -1.92689070199998, 0.0 ], [ 106.162600276000035, -1.926917424999942, 0.0 ], [ 106.162577551000084, -1.926985497999965, 0.0 ], [ 106.162555657000041, -1.927020797999944, 0.0 ], [ 106.162492825000072, -1.92708511799998, 0.0 ], [ 106.162396853000075, -1.927264534999949, 0.0 ], [ 106.162339737000082, -1.927419574999931, 0.0 ], [ 106.162297298000055, -1.92758198599995, 0.0 ], [ 106.162287836000075, -1.927694190999944, 0.0 ], [ 106.16229013800006, -1.927840325999966, 0.0 ], [ 106.162299018000056, -1.927957682999931, 0.0 ], [ 106.162314551000065, -1.928140722999956, 0.0 ], [ 106.162311686000066, -1.928236677999962, 0.0 ], [ 106.162306571000045, -1.928276534999952, 0.0 ], [ 106.162297074000037, -1.928325259999951, 0.0 ], [ 106.162294156000087, -1.92835625999993, 0.0 ], [ 106.162285434000069, -1.928472887999931, 0.0 ], [ 106.162262787000088, -1.928618307999955, 0.0 ], [ 106.162199082000086, -1.928786639999942, 0.0 ], [ 106.162081866000051, -1.929017005999981, 0.0 ], [ 106.16194411400005, -1.929256982999959, 0.0 ], [ 106.161775516000034, -1.929441622999946, 0.0 ], [ 106.16159007300007, -1.929657273999965, 0.0 ], [ 106.16143906800005, -1.929827882999973, 0.0 ], [ 106.161320352000075, -1.930008056999952, 0.0 ], [ 106.161251550000088, -1.930243554999947, 0.0 ], [ 106.161242883000057, -1.930442114999948, 0.0 ], [ 106.161207105000074, -1.930682754999964, 0.0 ], [ 106.161178624000058, -1.930879853999954, 0.0 ], [ 106.161167028000079, -1.931081355999936, 0.0 ], [ 106.161129367000058, -1.931448839999973, 0.0 ], [ 106.161120565000033, -1.931830921999961, 0.0 ], [ 106.161106417000042, -1.931966393999971, 0.0 ], [ 106.161084513000048, -1.932119673999978, 0.0 ], [ 106.161071646000039, -1.932234304999952, 0.0 ], [ 106.161054931000081, -1.932402776999936, 0.0 ], [ 106.161030445000051, -1.932566478999945, 0.0 ], [ 106.161003801000049, -1.932728010999938, 0.0 ], [ 106.16097714600005, -1.932874780999953, 0.0 ], [ 106.160956088000034, -1.933001140999977, 0.0 ], [ 106.16091435900006, -1.93318960199997, 0.0 ], [ 106.160886846000039, -1.933344187999978, 0.0 ], [ 106.160847826000065, -1.933511046999968, 0.0 ], [ 106.160822473000053, -1.933667801999945, 0.0 ], [ 106.160791516000074, -1.933832375999941, 0.0 ], [ 106.160742897000034, -1.934042116999933, 0.0 ], [ 106.160698103000072, -1.934166755999968, 0.0 ], [ 106.160646850000035, -1.934310069999981, 0.0 ], [ 106.160593883000047, -1.934472053999968, 0.0 ], [ 106.16054525800007, -1.934673111999928, 0.0 ], [ 106.16050137700006, -1.934870257999933, 0.0 ], [ 106.160460091000061, -1.935076085999981, 0.0 ], [ 106.160428716000069, -1.935261500999957, 0.0 ], [ 106.160393893000048, -1.935452128999941, 0.0 ], [ 106.16035465300007, -1.935626395999975, 0.0 ], [ 106.160291796000081, -1.935839619999967, 0.0 ], [ 106.16023453300005, -1.936028525999973, 0.0 ], [ 106.160188929000071, -1.936230015999968, 0.0 ], [ 106.160129525000059, -1.936444105999954, 0.0 ], [ 106.160095586000068, -1.936666861999925, 0.0 ], [ 106.16007582900005, -1.936803640999926, 0.0 ], [ 106.160044011000082, -1.936971254999946, 0.0 ], [ 106.160023362000061, -1.937065485999938, 0.0 ], [ 106.160009174000038, -1.937143212999956, 0.0 ], [ 106.159941726000056, -1.937240170999928, 0.0 ], [ 106.15993592600006, -1.937344250999956, 0.0 ], [ 106.159925713000064, -1.937423232999947, 0.0 ], [ 106.159915484000066, -1.93747785599993, 0.0 ], [ 106.159899358000075, -1.937560450999968, 0.0 ], [ 106.159892979000062, -1.937606758999948, 0.0 ], [ 106.159886035000056, -1.937680618999934, 0.0 ], [ 106.159907621000059, -1.937720457999944, 0.0 ], [ 106.159912318000067, -1.937767344999941, 0.0 ], [ 106.159900985000036, -1.93781163899996, 0.0 ], [ 106.159881190000078, -1.937839331999953, 0.0 ], [ 106.15984783600004, -1.937864084999944, 0.0 ], [ 106.159811902000058, -1.937889942999959, 0.0 ], [ 106.159800549000067, -1.937918361999948, 0.0 ], [ 106.159805342000084, -1.937946778999958, 0.0 ], [ 106.159840945000042, -1.937989565999942, 0.0 ], [ 106.159880214000054, -1.938016475999973, 0.0 ], [ 106.159903338000049, -1.938046354999926, 0.0 ], [ 106.159911439000041, -1.938086944999952, 0.0 ], [ 106.159904875000052, -1.938124966999965, 0.0 ], [ 106.159880326000064, -1.938168898999947, 0.0 ], [ 106.159835617000056, -1.938218380999956, 0.0 ], [ 106.159785011000054, -1.938243145999934, 0.0 ], [ 106.159746867000081, -1.938244646999976, 0.0 ], [ 106.159716064000065, -1.938252419999969, 0.0 ], [ 106.159681960000057, -1.938271266999948, 0.0 ], [ 106.159639436000077, -1.938296016999971, 0.0 ], [ 106.159571970000059, -1.938342194999962, 0.0 ], [ 106.159519915000033, -1.938376927999968, 0.0 ], [ 106.15943741500007, -1.93841905499994, 0.0 ], [ 106.159346466000045, -1.938449744999957, 0.0 ], [ 106.159299879000059, -1.938435756999979, 0.0 ], [ 106.159280781000064, -1.938404771999956, 0.0 ], [ 106.15925911100004, -1.938358655999934, 0.0 ], [ 106.159227878000081, -1.938277114999948, 0.0 ], [ 106.159213890000046, -1.938198149999948, 0.0 ], [ 106.159220454000035, -1.938146477999965, 0.0 ], [ 106.159238400000049, -1.938110293999955, 0.0 ], [ 106.159269553000058, -1.938074108999956, 0.0 ], [ 106.15929813200006, -1.938021308999964, 0.0 ], [ 106.15930762000005, -1.937961151999957, 0.0 ], [ 106.159303562000048, -1.93791502299996, 0.0 ], [ 106.15928152400005, -1.937871122999979, 0.0 ], [ 106.159248490000039, -1.937836818999926, 0.0 ], [ 106.159215106000033, -1.937831305999964, 0.0 ], [ 106.159098087000075, -1.937811088999979, 0.0 ], [ 106.15899902700005, -1.937772776999964, 0.0 ], [ 106.158938841000065, -1.937735913999973, 0.0 ], [ 106.158912443000077, -1.937691446999963, 0.0 ], [ 106.158924142000046, -1.937643090999927, 0.0 ], [ 106.158985005000034, -1.937603557999978, 0.0 ], [ 106.159049167000035, -1.937564391999956, 0.0 ], [ 106.159066018000033, -1.93753006299994, 0.0 ], [ 106.159056823000071, -1.937493905999929, 0.0 ], [ 106.159023417000071, -1.937455539999974, 0.0 ], [ 106.158975337000072, -1.937413131999961, 0.0 ], [ 106.158915168000078, -1.937388823999925, 0.0 ], [ 106.158831895000048, -1.937364521999939, 0.0 ], [ 106.158779797000079, -1.937349424999979, 0.0 ], [ 106.158747887000061, -1.937356456999964, 0.0 ], [ 106.158722594000039, -1.937376771999936, 0.0 ], [ 106.158682269000053, -1.937408539999979, 0.0 ], [ 106.158662476000075, -1.937426263999953, 0.0 ], [ 106.158662124000045, -1.937451735999957, 0.0 ], [ 106.158676447000062, -1.937480137999955, 0.0 ], [ 106.158702925000057, -1.937510520999979, 0.0 ], [ 106.15873466000005, -1.937537300999963, 0.0 ], [ 106.158769896000081, -1.937569757999938, 0.0 ], [ 106.158805861000076, -1.937603680999928, 0.0 ], [ 106.158828635000077, -1.937647579999975, 0.0 ], [ 106.158842975000084, -1.937700720999942, 0.0 ], [ 106.158860621000088, -1.937752004999936, 0.0 ], [ 106.15888669800006, -1.937814354999944, 0.0 ], [ 106.158906891000072, -1.937842760999956, 0.0 ], [ 106.158938093000074, -1.937879273999954, 0.0 ], [ 106.158964519000051, -1.937898078999979, 0.0 ], [ 106.158995701000038, -1.937905438999962, 0.0 ], [ 106.159029088000068, -1.937915745999931, 0.0 ], [ 106.159054408000088, -1.937934550999955, 0.0 ], [ 106.159065791000046, -1.937950408999939, 0.0 ], [ 106.159072760000072, -1.937953361999973, 0.0 ], [ 106.159096980000072, -1.937966994999954, 0.0 ], [ 106.159116801000039, -1.93799096999993, 0.0 ], [ 106.159127832000081, -1.938030824999942, 0.0 ], [ 106.159128588000044, -1.938058131999981, 0.0 ], [ 106.159126421000053, -1.938111274999926, 0.0 ], [ 106.159113608000041, -1.938147817999948, 0.0 ], [ 106.159079152000061, -1.938178107999931, 0.0 ], [ 106.15900982900007, -1.938188855999954, 0.0 ], [ 106.158930962000056, -1.938180054999975, 0.0 ], [ 106.158891722000078, -1.938182297999958, 0.0 ], [ 106.158871559000033, -1.93819670299996, 0.0 ], [ 106.158867551000071, -1.938239516999943, 0.0 ], [ 106.158867955000062, -1.938291183999979, 0.0 ], [ 106.158868722000079, -1.938348015999964, 0.0 ], [ 106.158862891000069, -1.938392676999968, 0.0 ], [ 106.158843111000067, -1.938443244999974, 0.0 ], [ 106.158814539000048, -1.938493827999935, 0.0 ], [ 106.158795487000077, -1.938531849999947, 0.0 ], [ 106.158788535000042, -1.93855289399994, 0.0 ], [ 106.158783787000061, -1.938577255999974, 0.0 ], [ 106.15877720800006, -1.938619701999926, 0.0 ], [ 106.158766236000076, -1.938665839999942, 0.0 ], [ 106.158753423000064, -1.938702382999963, 0.0 ], [ 106.158753438000076, -1.938724896999929, 0.0 ], [ 106.158758586000033, -1.93873227499995, 0.0 ], [ 106.158778764000033, -1.938739641999973, 0.0 ], [ 106.158810303000052, -1.938742568999942, 0.0 ], [ 106.158849553000039, -1.938741437999965, 0.0 ], [ 106.158886601000063, -1.938741412999946, 0.0 ], [ 106.158924746000082, -1.93874286099998, 0.0 ], [ 106.158950054000059, -1.938744688999975, 0.0 ], [ 106.158971694000059, -1.93874614799995, 0.0 ], [ 106.159004708000055, -1.938749073999929, 0.0 ], [ 106.159048363000068, -1.938748681999925, 0.0 ], [ 106.159118401000057, -1.938731655999959, 0.0 ], [ 106.159162037000044, -1.938702101999979, 0.0 ], [ 106.159202361000041, -1.938667746999954, 0.0 ], [ 106.159233163000067, -1.938658137999937, 0.0 ], [ 106.159259206000058, -1.938657006999961, 0.0 ], [ 106.159290749000036, -1.938665107999952, 0.0 ], [ 106.159324507000065, -1.938679846999946, 0.0 ], [ 106.159352028000058, -1.938696805999939, 0.0 ], [ 106.159405584000069, -1.938765893999971, 0.0 ], [ 106.159403931000043, -1.938900706999959, 0.0 ], [ 106.159393567000052, -1.939073624999935, 0.0 ], [ 106.159372208000036, -1.939366708999955, 0.0 ], [ 106.159333950000075, -1.939649257999974, 0.0 ], [ 106.159302667000077, -1.939902485999937, 0.0 ], [ 106.159295852000071, -1.94016684099995, 0.0 ], [ 106.159248872000035, -1.940459942999951, 0.0 ], [ 106.159193711000057, -1.940726085999927, 0.0 ], [ 106.159144359000038, -1.940968778999945, 0.0 ], [ 106.159088599000086, -1.941213828999935, 0.0 ], [ 106.159034013000053, -1.94146649399994, 0.0 ], [ 106.158984061000069, -1.941685154999959, 0.0 ], [ 106.158937629000036, -1.941938980999964, 0.0 ], [ 106.158901703000083, -1.942226801999936, 0.0 ], [ 106.158872158000065, -1.942471833999946, 0.0 ], [ 106.158852514000046, -1.942708057999937, 0.0 ], [ 106.158824739000067, -1.942978288999939, 0.0 ], [ 106.158792293000033, -1.943239730999949, 0.0 ], [ 106.158745288000034, -1.943509965999965, 0.0 ], [ 106.158712268000045, -1.943774338999958, 0.0 ], [ 106.158697273000087, -1.943998845999943, 0.0 ], [ 106.158670018000066, -1.944186428999956, 0.0 ], [ 106.158632391000083, -1.944537550999939, 0.0 ], [ 106.158615005000058, -1.94467119899997, 0.0 ], [ 106.158606304000045, -1.944725132999963, 0.0 ], [ 106.158567905000041, -1.94480135799995, 0.0 ], [ 106.158561059000078, -1.945004746999928, 0.0 ], [ 106.158544926000047, -1.945273802999964, 0.0 ], [ 106.158496767000088, -1.94555225199997, 0.0 ], [ 106.158443968000086, -1.945867627999974, 0.0 ], [ 106.158399920000079, -1.946201756999926, 0.0 ], [ 106.158359885000039, -1.946436239999969, 0.0 ], [ 106.158301278000067, -1.946776240999952, 0.0 ], [ 106.158267046000049, -1.946976727999925, 0.0 ], [ 106.158240418000048, -1.947228197999948, 0.0 ], [ 106.158219617000043, -1.947468529999981, 0.0 ], [ 106.158212161000051, -1.947647306999954, 0.0 ], [ 106.158212344000049, -1.94791575499994, 0.0 ], [ 106.158220132000054, -1.948222305999934, 0.0 ], [ 106.158223853000038, -1.948563429999979, 0.0 ], [ 106.15822522600007, -1.94886177199993, 0.0 ], [ 106.158223107000083, -1.949168917999941, 0.0 ], [ 106.158246548000079, -1.949372285999971, 0.0 ], [ 106.158310224000047, -1.949634249999974, 0.0 ], [ 106.158409453000047, -1.949917870999968, 0.0 ], [ 106.158469012000069, -1.950114773999928, 0.0 ], [ 106.158529116000068, -1.950266539999973, 0.0 ], [ 106.158574587000032, -1.950318084999935, 0.0 ], [ 106.158635785000058, -1.950362002999952, 0.0 ], [ 106.15867253600004, -1.950426452999977, 0.0 ], [ 106.158660932000032, -1.950496218999945, 0.0 ], [ 106.158571836000078, -1.950554306999948, 0.0 ], [ 106.158518852000043, -1.950585992999947, 0.0 ], [ 106.158472320000044, -1.950692117999949, 0.0 ], [ 106.158457894000037, -1.950802236999948, 0.0 ], [ 106.158408018000046, -1.950882413999977, 0.0 ], [ 106.15832836900006, -1.950887551999926, 0.0 ], [ 106.158262720000039, -1.950868972999956, 0.0 ], [ 106.158103964000077, -1.950868512999932, 0.0 ], [ 106.157894161000058, -1.950879946999976, 0.0 ], [ 106.157779717000039, -1.95088059699998, 0.0 ], [ 106.157670904000042, -1.950895912999954, 0.0 ], [ 106.157596310000088, -1.950917971999957, 0.0 ], [ 106.15752903300006, -1.950977283999975, 0.0 ], [ 106.157448819000081, -1.950996532999966, 0.0 ], [ 106.157359591000045, -1.950942404999978, 0.0 ], [ 106.157309059000056, -1.950878660999933, 0.0 ], [ 106.157271974000082, -1.950797974999944, 0.0 ], [ 106.157242762000067, -1.950728001999948, 0.0 ], [ 106.157197821000068, -1.950636602999964, 0.0 ], [ 106.157094532000087, -1.950540720999925, 0.0 ], [ 106.156974982000065, -1.95044992499993, 0.0 ], [ 106.15681894100004, -1.950317961999929, 0.0 ], [ 106.156734171000039, -1.950235046999978, 0.0 ], [ 106.156655578000084, -1.950153258999933, 0.0 ], [ 106.156565206000039, -1.950069217999953, 0.0 ], [ 106.156481017000033, -1.950007188999962, 0.0 ], [ 106.156376066000064, -1.949940659999925, 0.0 ], [ 106.156288527000072, -1.949897257999964, 0.0 ], [ 106.156186963000039, -1.949866283999938, 0.0 ], [ 106.156057371000088, -1.949853393999945, 0.0 ], [ 106.155916005000051, -1.949858004999953, 0.0 ], [ 106.155856466000046, -1.949900088999925, 0.0 ], [ 106.155819727000051, -1.949946481999973, 0.0 ], [ 106.155896990000087, -1.949948896999956, 0.0 ], [ 106.155984507000085, -1.949946574999956, 0.0 ], [ 106.156082706000063, -1.949986016999958, 0.0 ], [ 106.156184322000058, -1.950106738999978, 0.0 ], [ 106.156279750000067, -1.950196981999966, 0.0 ], [ 106.15638189200007, -1.950256736999961, 0.0 ], [ 106.15645094100006, -1.950330064999946, 0.0 ], [ 106.156488574000036, -1.950397770999928, 0.0 ], [ 106.156508814000063, -1.950467749999973, 0.0 ], [ 106.156481383000084, -1.95054396699993, 0.0 ], [ 106.156381588000045, -1.950628130999974, 0.0 ], [ 106.156310950000034, -1.950703246999979, 0.0 ], [ 106.156281264000086, -1.950768176999929, 0.0 ], [ 106.156271749000041, -1.950802048999947, 0.0 ], [ 106.156263370000033, -1.950854553999932, 0.0 ], [ 106.156258381000043, -1.950934138999969, 0.0 ], [ 106.156260702000054, -1.951054358999954, 0.0 ], [ 106.15630064700008, -1.951215763999926, 0.0 ], [ 106.156365826000069, -1.951375450999933, 0.0 ], [ 106.156409086000053, -1.951467420999961, 0.0 ], [ 106.156430465000085, -1.951559976999931, 0.0 ], [ 106.156410913000059, -1.951680211999928, 0.0 ], [ 106.156345930000043, -1.951808384999936, 0.0 ], [ 106.156255132000069, -1.951929799999959, 0.0 ], [ 106.156216470000061, -1.952002071999971, 0.0 ], [ 106.156222697000032, -1.952076573999932, 0.0 ], [ 106.156297394000035, -1.95220464099998, 0.0 ], [ 106.156336727000053, -1.952299444999937, 0.0 ], [ 106.156316042000071, -1.952406131999965, 0.0 ], [ 106.15622634500005, -1.952493679999975, 0.0 ], [ 106.156113092000055, -1.952591972999926, 0.0 ], [ 106.156077282000069, -1.952720124999928, 0.0 ], [ 106.156050391000065, -1.952783352999973, 0.0 ], [ 106.155997686000035, -1.952816133999931, 0.0 ], [ 106.155947758000082, -1.952820681999981, 0.0 ], [ 106.155912413000067, -1.952812239999957, 0.0 ], [ 106.155840566000052, -1.952749071999961, 0.0 ], [ 106.155746831000044, -1.95267802199993, 0.0 ], [ 106.155636862000051, -1.952648745999966, 0.0 ], [ 106.155535340000085, -1.952678728999956, 0.0 ], [ 106.155458537000072, -1.952756671999964, 0.0 ], [ 106.155427736000036, -1.952835151999977, 0.0 ], [ 106.155435639000075, -1.952901747999931, 0.0 ], [ 106.155468815000063, -1.95301122799998, 0.0 ], [ 106.155519378000065, -1.953119555999933, 0.0 ], [ 106.155586756000048, -1.953207565999946, 0.0 ], [ 106.155682701000046, -1.95323854399993, 0.0 ], [ 106.155792088000055, -1.953231131999928, 0.0 ], [ 106.155884063000087, -1.953188165999961, 0.0 ], [ 106.155927208000037, -1.953124918999947, 0.0 ], [ 106.155946246000042, -1.95306790199993, 0.0 ], [ 106.155985478000048, -1.953013122999948, 0.0 ], [ 106.156044884000039, -1.952934630999948, 0.0 ], [ 106.156097557000066, -1.952842024999939, 0.0 ], [ 106.156166481000071, -1.95273191299998, 0.0 ], [ 106.156235409000033, -1.95262800699993, 0.0 ], [ 106.156274113000052, -1.952617260999943, 0.0 ], [ 106.156338684000048, -1.952701880999939, 0.0 ], [ 106.156417889000068, -1.952864379999937, 0.0 ], [ 106.156527364000056, -1.952986217999978, 0.0 ], [ 106.156588529000032, -1.953006499999958, 0.0 ], [ 106.156662054000037, -1.95306571499998, 0.0 ], [ 106.15667727400006, -1.953170123999939, 0.0 ], [ 106.156712079000044, -1.953203395999935, 0.0 ], [ 106.156787824000048, -1.953221406999944, 0.0 ], [ 106.156836651000049, -1.95325016399994, 0.0 ], [ 106.156852375000085, -1.953276113999948, 0.0 ], [ 106.156848497000055, -1.953350052999951, 0.0 ], [ 106.15679923600004, -1.95350192199993, 0.0 ], [ 106.156760567000049, -1.953564596999968, 0.0 ], [ 106.156706721000035, -1.953571409999938, 0.0 ], [ 106.156636018000086, -1.953538162999962, 0.0 ], [ 106.156581589000041, -1.953520136999941, 0.0 ], [ 106.156495203000077, -1.95353317699994, 0.0 ], [ 106.15634883000007, -1.95359141299997, 0.0 ], [ 106.156200757000079, -1.953634416999932, 0.0 ], [ 106.156123919000038, -1.953662121999969, 0.0 ], [ 106.156085228000052, -1.953680212999927, 0.0 ], [ 106.156038120000062, -1.953705083999978, 0.0 ], [ 106.155890058000068, -1.953751461999957, 0.0 ], [ 106.155695420000086, -1.953787723999937, 0.0 ], [ 106.155440766000083, -1.953839829999936, 0.0 ], [ 106.155289321000055, -1.953869846999964, 0.0 ], [ 106.155121634000068, -1.953929788999972, 0.0 ], [ 106.155045949000055, -1.953999273999955, 0.0 ], [ 106.15502358100008, -1.954104830999938, 0.0 ], [ 106.155023681000046, -1.954250460999958, 0.0 ], [ 106.15506699000008, -1.954427095999961, 0.0 ], [ 106.15514617000008, -1.954538235999962, 0.0 ], [ 106.155224196000063, -1.954618893999964, 0.0 ], [ 106.155318512000065, -1.954711958999951, 0.0 ], [ 106.15539037700006, -1.954799956999977, 0.0 ], [ 106.155430826000043, -1.954882901999952, 0.0 ], [ 106.155499876000079, -1.95495736099997, 0.0 ], [ 106.15565138900007, -1.955027809999933, 0.0 ], [ 106.155800057000079, -1.95503842599993, 0.0 ], [ 106.155904387000078, -1.955024812999966, 0.0 ], [ 106.156008177000047, -1.955023745999938, 0.0 ], [ 106.15606293500008, -1.955021943999952, 0.0 ], [ 106.156090322000068, -1.955027206999944, 0.0 ], [ 106.156118303000085, -1.955058249999979, 0.0 ], [ 106.156120092000037, -1.955123899999933, 0.0 ], [ 106.156098023000084, -1.95521886399996, 0.0 ], [ 106.156058484000084, -1.955323229999976, 0.0 ], [ 106.156003205000047, -1.95541646199996, 0.0 ], [ 106.155938592000041, -1.955493871999977, 0.0 ], [ 106.155891442000041, -1.955551351999929, 0.0 ], [ 106.155871095000066, -1.95561349899998, 0.0 ], [ 106.155849616000069, -1.955729564999956, 0.0 ], [ 106.155827012000088, -1.955896630999973, 0.0 ], [ 106.155813113000079, -1.956013867999957, 0.0 ], [ 106.155810830000064, -1.956080687999929, 0.0 ], [ 106.155800407000072, -1.956179750999979, 0.0 ], [ 106.15578127100008, -1.956304028999966, 0.0 ], [ 106.155771453000057, -1.956434740999953, 0.0 ], [ 106.15575986500005, -1.956527364999943, 0.0 ], [ 106.155735463000042, -1.956614714999944, 0.0 ], [ 106.155708147000041, -1.956714376999969, 0.0 ], [ 106.155683768000074, -1.956834552999965, 0.0 ], [ 106.155676841000059, -1.956934200999967, 0.0 ], [ 106.155671680000069, -1.957050256999935, 0.0 ], [ 106.155674647000069, -1.957129383999927, 0.0 ], [ 106.155671817000041, -1.957251307999968, 0.0 ], [ 106.155659685000046, -1.957401369999957, 0.0 ], [ 106.155651626000065, -1.957541460999948, 0.0 ], [ 106.155645915000036, -1.957707926999944, 0.0 ], [ 106.155643096000063, -1.957844494999961, 0.0 ], [ 106.155642042000068, -1.958012133999944, 0.0 ], [ 106.155642144000069, -1.958161598999936, 0.0 ], [ 106.155644020000068, -1.958340957999951, 0.0 ], [ 106.155644715000051, -1.95851621199995, 0.0 ], [ 106.155637274000071, -1.95870378099994, 0.0 ], [ 106.155631568000047, -1.958877283999925, 0.0 ], [ 106.155619455000078, -1.95905606499997, 0.0 ], [ 106.155611427000053, -1.959240704999957, 0.0 ], [ 106.155614421000053, -1.959358517999931, 0.0 ], [ 106.15562209400008, -1.959509732999948, 0.0 ], [ 106.155623969000033, -1.959687337999981, 0.0 ], [ 106.155629913000041, -1.959859656999924, 0.0 ], [ 106.155633544000068, -1.960054834999937, 0.0 ], [ 106.155634251000038, -1.960247093999953, 0.0 ], [ 106.15564080300004, -1.960453992999931, 0.0 ], [ 106.155651434000049, -1.960658545999934, 0.0 ], [ 106.155670177000047, -1.960813280999957, 0.0 ], [ 106.155681919000074, -1.960945153999944, 0.0 ], [ 106.155690192000066, -1.961118059999933, 0.0 ], [ 106.155695562000062, -1.961293309999974, 0.0 ], [ 106.155702046000044, -1.961414051999952, 0.0 ], [ 106.155718457000035, -1.961550606999936, 0.0 ], [ 106.155741307000085, -1.961742840999932, 0.0 ], [ 106.155764160000047, -1.961940357999936, 0.0 ], [ 106.155765423000048, -1.962077511999951, 0.0 ], [ 106.15577950100004, -1.962219938999965, 0.0 ], [ 106.155802324000035, -1.962372319999929, 0.0 ], [ 106.155832151000084, -1.962540514999944, 0.0 ], [ 106.155863730000078, -1.962717510999937, 0.0 ], [ 106.155894156000045, -1.962906808999946, 0.0 ], [ 106.155917586000044, -1.963092014999972, 0.0 ], [ 106.155949713000041, -1.963217423999936, 0.0 ], [ 106.155967258000032, -1.963315888999944, 0.0 ], [ 106.155972032000079, -1.963487032999979, 0.0 ], [ 106.155975012000056, -1.96358491999996, 0.0 ], [ 106.155978572000038, -1.963675768999963, 0.0 ], [ 106.15597918800006, -1.963721483999961, 0.0 ], [ 106.155989174000069, -1.963850426999954, 0.0 ], [ 106.15601779900004, -1.963954745999956, 0.0 ], [ 106.156033584000056, -1.964043821999951, 0.0 ], [ 106.156030753000039, -1.964163394999957, 0.0 ], [ 106.156022110000038, -1.964302318999955, 0.0 ], [ 106.156013444000052, -1.964406654999948, 0.0 ], [ 106.155994870000086, -1.964498694999975, 0.0 ], [ 106.155957645000058, -1.964594845999954, 0.0 ], [ 106.155896535000068, -1.964679878999959, 0.0 ], [ 106.155841838000072, -1.964770767999937, 0.0 ], [ 106.15579123100008, -1.964873965999971, 0.0 ], [ 106.155741202000058, -1.964979505999963, 0.0 ], [ 106.155731944000081, -1.965073881999956, 0.0 ], [ 106.155742519000057, -1.965208098999938, 0.0 ], [ 106.155783991000078, -1.965365739999925, 0.0 ], [ 106.155833015000042, -1.965497586999959, 0.0 ], [ 106.155880313000068, -1.965655811999966, 0.0 ], [ 106.155901951000033, -1.965771857999925, 0.0 ], [ 106.155909352000037, -1.965839675999973, 0.0 ], [ 106.155922296000085, -1.965876054999967, 0.0 ], [ 106.15592636100007, -1.96594362999997, 0.0 ], [ 106.155925194000076, -1.965998816999956, 0.0 ], [ 106.155923419000032, -1.966058561999944, 0.0 ], [ 106.155920749000074, -1.966110411999978, 0.0 ], [ 106.155917242000044, -1.966148902999976, 0.0 ], [ 106.155918089000068, -1.966190609999956, 0.0 ], [ 106.155918442000086, -1.966196783999976, 0.0 ], [ 106.156121018000078, -1.966740845999936, 0.0 ], [ 106.156249509000077, -1.967240532999938, 0.0 ], [ 106.156606429000078, -1.967968647999953, 0.0 ], [ 106.156649259000062, -1.968268459999933, 0.0 ], [ 106.156563598000048, -1.96852544199993, 0.0 ], [ 106.156392277000066, -1.968739592999952, 0.0 ], [ 106.156144720000043, -1.969000903999927, 0.0 ], [ 106.15569159100005, -1.96881399199998, 0.0 ], [ 106.151145586000041, -1.96693879999998, 0.0 ], [ 106.142409122000061, -1.961622994999971, 0.0 ], [ 106.141302952000046, -1.960949932999938, 0.0 ], [ 106.141347458000041, -1.960289587999966, 0.0 ], [ 106.134208274000059, -1.963790701999926, 0.0 ], [ 106.134200459000056, -1.963794533999931, 0.0 ], [ 106.134199613000078, -1.963794949999965, 0.0 ], [ 106.132619113000032, -1.961978, 0.0 ], [ 106.130683228000066, -1.961573272999942, 0.0 ], [ 106.127961523000067, -1.961004256999956, 0.0 ], [ 106.12091220800005, -1.945984496999927, 0.0 ], [ 106.117671752000035, -1.946883004999961, 0.0 ], [ 106.117478589000086, -1.946936563999941, 0.0 ], [ 106.117276279000066, -1.94530199899998, 0.0 ], [ 106.11605966500008, -1.945287491999977, 0.0 ], [ 106.116021330000081, -1.944866298999955, 0.0 ], [ 106.116791531000047, -1.94412865399994, 0.0 ], [ 106.116620071000057, -1.943832, 0.0 ], [ 106.117019252000034, -1.943171186999962, 0.0 ], [ 106.117068681000035, -1.942511449999927, 0.0 ], [ 106.117409093000049, -1.942778428999929, 0.0 ], [ 106.117923088000055, -1.943093998999927, 0.0 ], [ 106.11875092300005, -1.943189179999933, 0.0 ], [ 106.118656595000061, -1.944433751999952, 0.0 ], [ 106.120435630000088, -1.94413579899998, 0.0 ], [ 106.121318827000039, -1.94353784499998, 0.0 ], [ 106.121091121000063, -1.942748542999936, 0.0 ], [ 106.121546022000075, -1.941785806999974, 0.0 ], [ 106.122404776000053, -1.94067857999994, 0.0 ], [ 106.123074500000087, -1.940524961999927, 0.0 ], [ 106.124917355000036, -1.939233903999934, 0.0 ], [ 106.124864770000045, -1.938997807999954, 0.0 ], [ 106.124507140000048, -1.93773439499995, 0.0 ], [ 106.124268980000068, -1.937284615999943, 0.0 ], [ 106.124049828000068, -1.936806105999949, 0.0 ], [ 106.124059073000069, -1.93639445499997, 0.0 ], [ 106.124287030000062, -1.935800769999958, 0.0 ], [ 106.124629067000058, -1.935063408999952, 0.0 ], [ 106.124885444000085, -1.934278241999948, 0.0 ], [ 106.125094656000044, -1.934115358999975, 0.0 ], [ 106.125456056000075, -1.933885363999934, 0.0 ], [ 106.125874272000033, -1.933243683999933, 0.0 ], [ 106.126045194000085, -1.932726621999961, 0.0 ], [ 106.126162624000074, -1.932629887999951, 0.0 ], [ 106.126416405000043, -1.932946555999933, 0.0 ], [ 106.126892364000071, -1.933300442999951, 0.0 ], [ 106.12731113500007, -1.933501199999967, 0.0 ], [ 106.127606106000087, -1.933529721999946, 0.0 ], [ 106.127700471000082, -1.933451997999953, 0.0 ], [ 106.127919795000082, -1.933089148999954, 0.0 ], [ 106.128470839000045, -1.931882567999935, 0.0 ], [ 106.128622895000035, -1.93161441899997, 0.0 ], [ 106.128831760000082, -1.930925014999957, 0.0 ], [ 106.128888454000048, -1.930331444999979, 0.0 ], [ 106.128849778000074, -1.929393303999973, 0.0 ], [ 106.128935468000066, -1.928235680999933, 0.0 ], [ 106.129010514000072, -1.92786149899996, 0.0 ], [ 106.129172136000079, -1.927669928999933, 0.0 ], [ 106.129476591000071, -1.92766015199993, 0.0 ], [ 106.13041860800007, -1.927783972999976, 0.0 ], [ 106.13078026900007, -1.927706081999929, 0.0 ], [ 106.130897655000069, -1.926332560999924, 0.0 ], [ 106.130683883000074, -1.926070208999931, 0.0 ], [ 106.130331279000075, -1.925208863999956, 0.0 ], [ 106.130112326000074, -1.925027120999971, 0.0 ], [ 106.129950367000049, -1.924701742999957, 0.0 ], [ 106.129769183000064, -1.924079610999968, 0.0 ], [ 106.129750233000038, -1.923345693999977, 0.0 ], [ 106.12967111100005, -1.922569009999961, 0.0 ], [ 106.129711959000076, -1.922501143999966, 0.0 ], [ 106.129770717000042, -1.922403517999953, 0.0 ], [ 106.129961490000085, -1.922086552999929, 0.0 ], [ 106.130280218000053, -1.921775576999948, 0.0 ], [ 106.130370903000085, -1.921724490999964, 0.0 ], [ 106.130591662000086, -1.921600138999963, 0.0 ], [ 106.130759786000056, -1.921357042999944, 0.0 ], [ 106.13079311100006, -1.921209420999958, 0.0 ], [ 106.130866578000052, -1.921184726999968, 0.0 ], [ 106.130889920000072, -1.921176879999962, 0.0 ], [ 106.131009993000077, -1.921136521999927, 0.0 ], [ 106.13151969900008, -1.920730280999976, 0.0 ], [ 106.132067370000073, -1.920182334999936, 0.0 ], [ 106.132481829000085, -1.919619160999957, 0.0 ], [ 106.133373521000067, -1.918270672999938, 0.0 ], [ 106.133835417000057, -1.917695979999962, 0.0 ], [ 106.133953237000071, -1.91745465799994, 0.0 ], [ 106.134144523000089, -1.917084494999926, 0.0 ], [ 106.133901893000086, -1.91687927299995, 0.0 ], [ 106.133693446000052, -1.916755917999978, 0.0 ], [ 106.133179589000065, -1.916635638999935, 0.0 ], [ 106.132840607000048, -1.916524545999948, 0.0 ], [ 106.132752996000079, -1.915095418999954, 0.0 ], [ 106.13282078800006, -1.914009782999926, 0.0 ], [ 106.133135014000061, -1.91307803899997, 0.0 ], [ 106.133701811000037, -1.912548901999969, 0.0 ], [ 106.134091883000053, -1.912519922999934, 0.0 ], [ 106.13432004200007, -1.912237364999953, 0.0 ], [ 106.134557920000077, -1.912265925999975, 0.0 ], [ 106.134719162000067, -1.911499971999945, 0.0 ], [ 106.134766435000074, -1.91104521699998, 0.0 ], [ 106.135156006000045, -1.910417338999935, 0.0 ], [ 106.134323524000081, -1.910294022999949, 0.0 ], [ 106.134032085000058, -1.910146722999968, 0.0 ], [ 106.134356313000069, -1.909513793999963, 0.0 ], [ 106.134613031000072, -1.908891610999945, 0.0 ], [ 106.134817204000058, -1.908666267999934, 0.0 ], [ 106.135116721000088, -1.908383662999938, 0.0 ], [ 106.135231992000058, -1.908245016999956, 0.0 ], [ 106.135307398000066, -1.908228244999975, 0.0 ], [ 106.135366291000082, -1.908468936999952, 0.0 ], [ 106.135443525000085, -1.908724486999972, 0.0 ], [ 106.135649240000077, -1.90903739099997, 0.0 ], [ 106.135834884000076, -1.909209583999939, 0.0 ], [ 106.136214575000054, -1.909312721999925, 0.0 ], [ 106.136440075000053, -1.909329801999945, 0.0 ], [ 106.137105169000051, -1.909389669999939, 0.0 ], [ 106.137233637000065, -1.90942691999993, 0.0 ], [ 106.137790547000066, -1.90991190699998, 0.0 ], [ 106.138144705000059, -1.910253427999976, 0.0 ], [ 106.138230436000072, -1.910225338999965, 0.0 ], [ 106.13841562500005, -1.909888512999942, 0.0 ], [ 106.138589578000051, -1.909644281999931, 0.0 ], [ 106.138492411000072, -1.909463416999927, 0.0 ], [ 106.138517924000041, -1.90919630999997, 0.0 ], [ 106.138760383000033, -1.90895777999998, 0.0 ], [ 106.139155452000068, -1.908786500999952, 0.0 ], [ 106.139478088000033, -1.90726665699998, 0.0 ], [ 106.140463274000069, -1.907244977999937, 0.0 ], [ 106.141333588000066, -1.906868173999953, 0.0 ], [ 106.141860884000039, -1.906387662999975, 0.0 ], [ 106.141952740000079, -1.906517386999951, 0.0 ], [ 106.142046962000052, -1.906566145999932, 0.0 ], [ 106.142155342000081, -1.906436837999934, 0.0 ], [ 106.142354202000035, -1.906237759999954, 0.0 ], [ 106.142663215000084, -1.906146433999936, 0.0 ], [ 106.142942775000051, -1.905902133999973, 0.0 ], [ 106.143068200000073, -1.905655065999952, 0.0 ], [ 106.14444883200008, -1.904658262999931, 0.0 ], [ 106.147119241000041, -1.90687259799995, 0.0 ], [ 106.153699264000068, -1.906026955999948, 0.0 ], [ 106.178778512000065, -1.898997325999972, 0.0 ], [ 106.181710853000084, -1.89870835499994, 0.0 ], [ 106.182132607000085, -1.898914901999945, 0.0 ], [ 106.182684512000037, -1.899038970999925, 0.0 ], [ 106.183144990000073, -1.899070058999939, 0.0 ], [ 106.183548336000058, -1.898835058999964, 0.0 ], [ 106.183806891000074, -1.898612201999924, 0.0 ], [ 106.184054153000034, -1.898458865999942, 0.0 ], [ 106.184397788000069, -1.898334530999932, 0.0 ], [ 106.18447806000006, -1.898538960999929, 0.0 ], [ 106.184602981000069, -1.898586550999937, 0.0 ], [ 106.184739801000035, -1.898592500999939, 0.0 ], [ 106.184918259000085, -1.898616293999964, 0.0 ], [ 106.185257333000038, -1.898794752999947, 0.0 ], [ 106.185382255000036, -1.898955366999928, 0.0 ], [ 106.185417946000086, -1.89907433999997, 0.0 ], [ 106.185483382000086, -1.899169517999951, 0.0 ], [ 106.18558450900008, -1.899205209999934, 0.0 ], [ 106.186155537000047, -1.898955931999978, 0.0 ] ] ] ] } },
{ "type": "Feature", "properties": { "OBJECTID": 59050.0, "NAMOBJ": "Sinar Baru", "FCODE": "BA03070040", "REMARK": null, "METADATA": "TASWIL1000020221227_DATA_BATAS_DESAKELURAHAN", "SRS_ID": "4326", "KDBBPS": null, "KDCBPS": null, "KDCPUM": "19.01.01", "KDEBPS": null, "KDEPUM": "19.01.01.1004", "KDPBPS": null, "KDPKAB": "19.01", "KDPPUM": "19", "LUASWH": 0.0, "TIPADM": 2.0, "WADMKC": "Sungailiat", "WADMKD": "Sinar Baru", "WADMKK": "Bangka", "WADMPR": "Kepulauan Bangka Belitung", "WIADKC": null, "WIADKK": null, "WIADPR": null, "WIADKD": "0", "UUPP": "Hasil Delineasi Batas Desa 2019", "LUAS": 11.69399065 }, "geometry": { "type": "MultiPolygon", "coordinates": [ [ [ [ 106.074899943000048, -1.828521120999937, 0.0 ], [ 106.071903054000074, -1.82417548199993, 0.0 ], [ 106.071871, -1.824129, 0.0 ], [ 106.071533999000053, -1.823732, 0.0 ], [ 106.071450998000046, -1.823603, 0.0 ], [ 106.071395, -1.823469, 0.0 ], [ 106.071353, -1.823340000999963, 0.0 ], [ 106.071416999000064, -1.823065001999964, 0.0 ], [ 106.071576433000075, -1.822894758999951, 0.0 ], [ 106.071718, -1.822711998999978, 0.0 ], [ 106.071654, -1.822354, 0.0 ], [ 106.071483449000084, -1.822221064999951, 0.0 ], [ 106.070787998000071, -1.821679, 0.0 ], [ 106.070633001000033, -1.821462000999929, 0.0 ], [ 106.070326, -1.820834, 0.0 ], [ 106.070073, -1.819776, 0.0 ], [ 106.069924, -1.819509, 0.0 ], [ 106.069878999000082, -1.819451, 0.0 ], [ 106.069864, -1.818987, 0.0 ], [ 106.070185, -1.818241, 0.0 ], [ 106.070128999000076, -1.817939000999957, 0.0 ], [ 106.069535999000038, -1.817175000999953, 0.0 ], [ 106.069393, -1.816958, 0.0 ], [ 106.068949538000084, -1.816830860999971, 0.0 ], [ 106.06868791800008, -1.81686093299993, 0.0 ], [ 106.068479843000034, -1.816938839999978, 0.0 ], [ 106.068307492000088, -1.817094509999947, 0.0 ], [ 106.068110877000038, -1.817321521999929, 0.0 ], [ 106.067784854000081, -1.817472122999959, 0.0 ], [ 106.067354003000048, -1.81760126699993, 0.0 ], [ 106.066994862000058, -1.81763019999994, 0.0 ], [ 106.066631068000049, -1.817836241999942, 0.0 ], [ 106.066428947000077, -1.817924916999971, 0.0 ], [ 106.066202968000084, -1.817891541999927, 0.0 ], [ 106.065978837000046, -1.817823367999949, 0.0 ], [ 106.065822363000052, -1.817822361999959, 0.0 ], [ 106.065651068000079, -1.817753056999948, 0.0 ], [ 106.065525991000072, -1.817629404999934, 0.0 ], [ 106.063623550000045, -1.816812133999974, 0.0 ], [ 106.063341115000071, -1.816719309999939, 0.0 ], [ 106.06317221900008, -1.816683509999962, 0.0 ], [ 106.06268496000007, -1.816687668999975, 0.0 ], [ 106.061583073000065, -1.81618663699993, 0.0 ], [ 106.061539305000053, -1.815909035999937, 0.0 ], [ 106.061477374000049, -1.815755898999953, 0.0 ], [ 106.061196546000076, -1.815478436999967, 0.0 ], [ 106.060768025000073, -1.814813341999979, 0.0 ], [ 106.060704586000043, -1.813983633999953, 0.0 ], [ 106.060660368000072, -1.81340529199997, 0.0 ], [ 106.061667039000042, -1.813146248999942, 0.0 ], [ 106.062007427000083, -1.812834183999939, 0.0 ], [ 106.062068881000073, -1.812757812999962, 0.0 ], [ 106.062101587000086, -1.812699030999966, 0.0 ], [ 106.062423330000058, -1.809472347999929, 0.0 ], [ 106.062837011000056, -1.807008731999929, 0.0 ], [ 106.062834832000078, -1.806884865999962, 0.0 ], [ 106.062837280000053, -1.806057709999948, 0.0 ], [ 106.062942218000046, -1.805407103999926, 0.0 ], [ 106.062890656000036, -1.805091440999945, 0.0 ], [ 106.062908502000084, -1.804770211999937, 0.0 ], [ 106.062922778000086, -1.804584613999964, 0.0 ], [ 106.062954901000069, -1.804413292999925, 0.0 ], [ 106.062987024000051, -1.804309787999955, 0.0 ], [ 106.063061977000075, -1.804184866999947, 0.0 ], [ 106.06320355400004, -1.804043286999956, 0.0 ], [ 106.063367738000068, -1.80391717599997, 0.0 ], [ 106.063430122000057, -1.803868931999943, 0.0 ], [ 106.063785983000059, -1.803444702999968, 0.0 ], [ 106.063938247000067, -1.80278965499997, 0.0 ], [ 106.06398159400004, -1.801871221999932, 0.0 ], [ 106.063978309000049, -1.801244235999945, 0.0 ], [ 106.063977960000045, -1.800643737999962, 0.0 ], [ 106.063744960000065, -1.799623026999939, 0.0 ], [ 106.063684549000072, -1.799139725999964, 0.0 ], [ 106.06362273700006, -1.798486286999946, 0.0 ], [ 106.063748669000063, -1.79805939299996, 0.0 ], [ 106.063748639000039, -1.798006233999956, 0.0 ], [ 106.063450517000035, -1.797614400999976, 0.0 ], [ 106.063125833000072, -1.796858930999974, 0.0 ], [ 106.063020954000081, -1.796368002999941, 0.0 ], [ 106.062776700000086, -1.795842066999967, 0.0 ], [ 106.062462731000039, -1.79538635199998, 0.0 ], [ 106.061723770000071, -1.794230643999924, 0.0 ], [ 106.061894552000069, -1.793995357999961, 0.0 ], [ 106.062147077000077, -1.793661534999956, 0.0 ], [ 106.062237568000057, -1.793523307999976, 0.0 ], [ 106.062481981000076, -1.792956654999955, 0.0 ], [ 106.062781858000051, -1.79268091299997, 0.0 ], [ 106.063108928000077, -1.792423391999932, 0.0 ], [ 106.06349941600007, -1.792141515999958, 0.0 ], [ 106.063735835000045, -1.791821234999929, 0.0 ], [ 106.063926940000044, -1.791486795999958, 0.0 ], [ 106.06420068400007, -1.791285024999979, 0.0 ], [ 106.064311695000072, -1.791213849999963, 0.0 ], [ 106.064584917000047, -1.790659310999956, 0.0 ], [ 106.064582877000078, -1.790590820999967, 0.0 ], [ 106.06439350900007, -1.790447068999924, 0.0 ], [ 106.064214109000034, -1.790280444999951, 0.0 ], [ 106.064661480000041, -1.789886026999966, 0.0 ], [ 106.06502359600006, -1.789660346999938, 0.0 ], [ 106.065104019000046, -1.789356169999962, 0.0 ], [ 106.065139447000035, -1.788925348999953, 0.0 ], [ 106.065578646000063, -1.787501058999965, 0.0 ], [ 106.065823041000044, -1.787411473999953, 0.0 ], [ 106.066363477000039, -1.787380934999931, 0.0 ], [ 106.066803448000087, -1.787296911999931, 0.0 ], [ 106.067017381000085, -1.78706941799993, 0.0 ], [ 106.067064694000067, -1.78662662399995, 0.0 ], [ 106.067159550000042, -1.786135934999947, 0.0 ], [ 106.06742104500006, -1.785896449999939, 0.0 ], [ 106.068110541000067, -1.785441312999978, 0.0 ], [ 106.06822933400008, -1.785213876999933, 0.0 ], [ 106.068264658000032, -1.784603556999969, 0.0 ], [ 106.068573661000073, -1.784256342999925, 0.0 ], [ 106.069441702000063, -1.784076335999941, 0.0 ], [ 106.070775351000066, -1.784458254999947, 0.0 ], [ 106.070804472000077, -1.784439704999954, 0.0 ], [ 106.071202181000046, -1.784201047999943, 0.0 ], [ 106.071675949000053, -1.783959385999935, 0.0 ], [ 106.072955107000041, -1.783879007999928, 0.0 ], [ 106.072984719000033, -1.783910023999965, 0.0 ], [ 106.073101116000032, -1.783888590999936, 0.0 ], [ 106.073530737000056, -1.784008960999927, 0.0 ], [ 106.07436583100008, -1.78443926999995, 0.0 ], [ 106.074492288000044, -1.784476784999924, 0.0 ], [ 106.07455208600004, -1.784425990999978, 0.0 ], [ 106.074706568000067, -1.784251771999948, 0.0 ], [ 106.074902571000052, -1.78404734399993, 0.0 ], [ 106.075147034000054, -1.78384753499995, 0.0 ], [ 106.075338404000036, -1.783622213999934, 0.0 ], [ 106.075843863000046, -1.783895879999932, 0.0 ], [ 106.076109203000044, -1.783893400999943, 0.0 ], [ 106.076506197000072, -1.784139269999969, 0.0 ], [ 106.077053126000067, -1.784308436999936, 0.0 ], [ 106.077646129000073, -1.784345228999939, 0.0 ], [ 106.078105331000074, -1.78444015499997, 0.0 ], [ 106.078566945000034, -1.784692942999925, 0.0 ], [ 106.078952418000085, -1.784966677999932, 0.0 ], [ 106.079388684000037, -1.785282177999932, 0.0 ], [ 106.079723391000073, -1.785532721999971, 0.0 ], [ 106.080334338000057, -1.78530946799998, 0.0 ], [ 106.081145814000081, -1.785335943999939, 0.0 ], [ 106.081686855000044, -1.785443412999939, 0.0 ], [ 106.082340430000045, -1.785637053999949, 0.0 ], [ 106.082380618000059, -1.785661288999961, 0.0 ], [ 106.082761069000071, -1.785933236999938, 0.0 ], [ 106.08293791300008, -1.786075961999927, 0.0 ], [ 106.083355771000072, -1.786199674999978, 0.0 ], [ 106.084009293000065, -1.786317856999972, 0.0 ], [ 106.084403008000038, -1.78636613499998, 0.0 ], [ 106.084598779000032, -1.786416186999929, 0.0 ], [ 106.088279718000081, -1.780551152999976, 0.0 ], [ 106.088460775000044, -1.783775306999928, 0.0 ], [ 106.089836868000077, -1.808280004999972, 0.0 ], [ 106.089947942000038, -1.80872829599997, 0.0 ], [ 106.089983634000077, -1.80903524699994, 0.0 ], [ 106.089997910000079, -1.809313642999939, 0.0 ], [ 106.089990773000068, -1.809620593999966, 0.0 ], [ 106.08986228200007, -1.810184525999944, 0.0 ], [ 106.089883696000072, -1.810362984999927, 0.0 ], [ 106.089969358000076, -1.810719904999928, 0.0 ], [ 106.090126402000067, -1.811098238999932, 0.0 ], [ 106.090290585000048, -1.811612202999925, 0.0 ], [ 106.090290585000048, -1.81174783199998, 0.0 ], [ 106.090176371000041, -1.811912013999972, 0.0 ], [ 106.089962219000085, -1.812126165999928, 0.0 ], [ 106.089683821000051, -1.812290348999966, 0.0 ], [ 106.089312625000048, -1.812293918999956, 0.0 ], [ 106.089144874000056, -1.812329610999939, 0.0 ], [ 106.088941430000034, -1.812411700999974, 0.0 ], [ 106.08859878800007, -1.812493793999977, 0.0 ], [ 106.088216885000065, -1.812468808999938, 0.0 ], [ 106.087956333000079, -1.812425977999965, 0.0 ], [ 106.087670798000033, -1.812297486999967, 0.0 ], [ 106.087495087000036, -1.812204181999959, 0.0 ], [ 106.083998736000069, -1.815535185999977, 0.0 ], [ 106.084334148000039, -1.820220602999939, 0.0 ], [ 106.083113212000058, -1.822989293999967, 0.0 ], [ 106.083472412000049, -1.823212380999962, 0.0 ], [ 106.083907740000086, -1.823312636999958, 0.0 ], [ 106.084345025000061, -1.823377509999943, 0.0 ], [ 106.083223387000032, -1.82683360599998, 0.0 ], [ 106.082889169000055, -1.826871400999948, 0.0 ], [ 106.08234682300008, -1.826799930999925, 0.0 ], [ 106.08192346800007, -1.826838479999935, 0.0 ], [ 106.081538214000034, -1.826948805999962, 0.0 ], [ 106.081200552000041, -1.827097396999932, 0.0 ], [ 106.080691687000069, -1.827332250999973, 0.0 ], [ 106.080338021000046, -1.827369044999955, 0.0 ], [ 106.080220722000035, -1.827303815999926, 0.0 ], [ 106.079973267000071, -1.827155578999964, 0.0 ], [ 106.079735360000086, -1.827064777999965, 0.0 ], [ 106.079430794000075, -1.826873495999962, 0.0 ], [ 106.078972471000043, -1.826767269999948, 0.0 ], [ 106.078601329000037, -1.826614320999965, 0.0 ], [ 106.077830498000083, -1.826298866999934, 0.0 ], [ 106.077059621000046, -1.825906827999972, 0.0 ], [ 106.076475798000047, -1.825609833999977, 0.0 ], [ 106.076404358000048, -1.82560880799997, 0.0 ], [ 106.076538999000036, -1.825766, 0.0 ], [ 106.076669411000069, -1.825996326999928, 0.0 ], [ 106.074899943000048, -1.828521120999937, 0.0 ] ] ] ] } },
{ "type": "Feature", "properties": { "OBJECTID": 59051.0, "NAMOBJ": "Sinar Jaya Jelutung", "FCODE": "BA03070040", "REMARK": null, "METADATA": "TASWIL1000020221227_DATA_BATAS_DESAKELURAHAN", "SRS_ID": "4326", "KDBBPS": null, "KDCBPS": null, "KDCPUM": "19.01.01", "KDEBPS": null, "KDEPUM": "19.01.01.1008", "KDPBPS": null, "KDPKAB": "19.01", "KDPPUM": "19", "LUASWH": 0.0, "TIPADM": 2.0, "WADMKC": "Sungailiat", "WADMKD": "Sinar Jaya Jelutung", "WADMKK": "Bangka", "WADMPR": "Kepulauan Bangka Belitung", "WIADKC": null, "WIADKK": null, "WIADPR": null, "WIADKD": "0", "UUPP": "Hasil Delineasi Batas Desa 2019", "LUAS": 12.64526029 }, "geometry": { "type": "MultiPolygon", "coordinates": [ [ [ [ 106.100071321000087, -1.785962224999935, 0.0 ], [ 106.099360782000076, -1.786239960999978, 0.0 ], [ 106.099327992000042, -1.787096781999935, 0.0 ], [ 106.099233376000086, -1.787972791999948, 0.0 ], [ 106.099247942000034, -1.788470590999964, 0.0 ], [ 106.099344141000074, -1.790251151999939, 0.0 ], [ 106.099273175000064, -1.790902175999975, 0.0 ], [ 106.099113857000077, -1.791600523999932, 0.0 ], [ 106.098985084000049, -1.792265257999929, 0.0 ], [ 106.098947449000036, -1.792969869999979, 0.0 ], [ 106.099161288000062, -1.794721960999937, 0.0 ], [ 106.099294875000055, -1.794849842999952, 0.0 ], [ 106.100351054000043, -1.795084703999976, 0.0 ], [ 106.102235822000068, -1.79678950899995, 0.0 ], [ 106.102504499000077, -1.797432665999963, 0.0 ], [ 106.102767320000055, -1.797857828999952, 0.0 ], [ 106.101782679000053, -1.804850631999955, 0.0 ], [ 106.102721109000072, -1.804831210999964, 0.0 ], [ 106.104248722000079, -1.804852626999946, 0.0 ], [ 106.104534258000058, -1.804916871999978, 0.0 ], [ 106.104834070000038, -1.805230961999939, 0.0 ], [ 106.104929722000065, -1.805457212999954, 0.0 ], [ 106.10482520000005, -1.805809139999951, 0.0 ], [ 106.10472651200007, -1.806108822999931, 0.0 ], [ 106.10457234900008, -1.806698288999939, 0.0 ], [ 106.104553104000047, -1.806916022999928, 0.0 ], [ 106.104532081000059, -1.807153864999975, 0.0 ], [ 106.104593743000066, -1.807668559999968, 0.0 ], [ 106.104650851000088, -1.807906506999927, 0.0 ], [ 106.104688922000037, -1.808211076999953, 0.0 ], [ 106.10467940500007, -1.80842046999993, 0.0 ], [ 106.104640144000086, -1.80879245899996, 0.0 ], [ 106.104628247000051, -1.809232657999928, 0.0 ], [ 106.104681783000046, -1.810083314999929, 0.0 ], [ 106.10470557900004, -1.810410492999949, 0.0 ], [ 106.104705578000051, -1.810933973999965, 0.0 ], [ 106.104729374000044, -1.811165971999969, 0.0 ], [ 106.10474127100008, -1.811362276999944, 0.0 ], [ 106.104824552000082, -1.811725143999979, 0.0 ], [ 106.104866192000088, -1.81201662899997, 0.0 ], [ 106.104895936000048, -1.812218882999957, 0.0 ], [ 106.104842398000073, -1.812569852999957, 0.0 ], [ 106.104765065000038, -1.812891079999929, 0.0 ], [ 106.104565722000075, -1.813353174999975, 0.0 ], [ 106.10454496400007, -1.813521636999951, 0.0 ], [ 106.104491428000074, -1.813670353999953, 0.0 ], [ 106.104378402000066, -1.813854761999949, 0.0 ], [ 106.104253481000057, -1.81400347899995, 0.0 ], [ 106.104128560000049, -1.814122449999957, 0.0 ], [ 106.104003637000062, -1.814312807999954, 0.0 ], [ 106.103944151000064, -1.814425833999962, 0.0 ], [ 106.103878716000054, -1.814634035999973, 0.0 ], [ 106.103831127000035, -1.814687572999958, 0.0 ], [ 106.103724051000086, -1.814747060999935, 0.0 ], [ 106.102462826000078, -1.814673673999948, 0.0 ], [ 106.098533244000066, -1.819313156999954, 0.0 ], [ 106.098202841000045, -1.820443000999944, 0.0 ], [ 106.098142716000041, -1.821706703999951, 0.0 ], [ 106.098470759000065, -1.822962510999957, 0.0 ], [ 106.098547261000078, -1.823605782999948, 0.0 ], [ 106.098425672000076, -1.823919859999933, 0.0 ], [ 106.098372635000032, -1.824318138999956, 0.0 ], [ 106.098609378000049, -1.825627612999938, 0.0 ], [ 106.099331530000086, -1.828817443999981, 0.0 ], [ 106.099360362000084, -1.829294172999937, 0.0 ], [ 106.099280846000056, -1.82995477399993, 0.0 ], [ 106.099110409000048, -1.830632076999962, 0.0 ], [ 106.099928664000061, -1.830957210999941, 0.0 ], [ 106.099929309000061, -1.831096822999939, 0.0 ], [ 106.099850030000084, -1.831439731999978, 0.0 ], [ 106.099835754000082, -1.831568222999977, 0.0 ], [ 106.09993184700005, -1.831646531999979, 0.0 ], [ 106.100128428000062, -1.831725267999957, 0.0 ], [ 106.100156980000065, -1.831832343999963, 0.0 ], [ 106.100115341000048, -1.83193941899998, 0.0 ], [ 106.099740576000045, -1.832248748999973, 0.0 ], [ 106.099704883000072, -1.832332028999929, 0.0 ], [ 106.099722730000053, -1.832468849999941, 0.0 ], [ 106.099806011000055, -1.832534283999962, 0.0 ], [ 106.099865497000053, -1.832653256999947, 0.0 ], [ 106.099939022000058, -1.833200499999975, 0.0 ], [ 106.100259467000058, -1.834015129999955, 0.0 ], [ 106.100648022000087, -1.834640978999971, 0.0 ], [ 106.101194599000053, -1.835408412999925, 0.0 ], [ 106.101546860000042, -1.835800697999957, 0.0 ], [ 106.101963453000053, -1.836075728999958, 0.0 ], [ 106.102199367000082, -1.836162159999958, 0.0 ], [ 106.103025251000076, -1.836261207999939, 0.0 ], [ 106.103782584000044, -1.836283713999933, 0.0 ], [ 106.104532280000058, -1.836264101999973, 0.0 ], [ 106.10504605400007, -1.836286757999972, 0.0 ], [ 106.105868051000073, -1.836255612999935, 0.0 ], [ 106.106309532000068, -1.836301288999948, 0.0 ], [ 106.106465788000037, -1.836206559999937, 0.0 ], [ 106.106747110000072, -1.836189966999939, 0.0 ], [ 106.106826561000048, -1.836078886999928, 0.0 ], [ 106.106971564000048, -1.836063460999981, 0.0 ], [ 106.107584392000035, -1.836262202999933, 0.0 ], [ 106.108079235000048, -1.836445699999956, 0.0 ], [ 106.107896878000076, -1.836951276999969, 0.0 ], [ 106.107919459000072, -1.837089031999938, 0.0 ], [ 106.108250096000063, -1.837347655999963, 0.0 ], [ 106.108327495000083, -1.837499542999979, 0.0 ], [ 106.108359859000075, -1.83779326299998, 0.0 ], [ 106.107997075000071, -1.838980732999971, 0.0 ], [ 106.107907653000041, -1.839382694999927, 0.0 ], [ 106.108270425000057, -1.844538413999942, 0.0 ], [ 106.109007943000051, -1.845125909999979, 0.0 ], [ 106.108936558000039, -1.845985278999933, 0.0 ], [ 106.109171046000085, -1.845899280999959, 0.0 ], [ 106.109342224000045, -1.845778551999956, 0.0 ], [ 106.10957624200006, -1.845732453999972, 0.0 ], [ 106.109861648000049, -1.845703555999933, 0.0 ], [ 106.109947439000052, -1.845967720999965, 0.0 ], [ 106.110010464000084, -1.846341035999956, 0.0 ], [ 106.10996493500005, -1.84656507699998, 0.0 ], [ 106.109696819000078, -1.846858184999974, 0.0 ], [ 106.109074977000034, -1.847473174999948, 0.0 ], [ 106.108943790000069, -1.847645574999945, 0.0 ], [ 106.108904030000076, -1.847967257999926, 0.0 ], [ 106.108803064000085, -1.848165331999951, 0.0 ], [ 106.107910595000078, -1.847709405999979, 0.0 ], [ 106.10662577100004, -1.847032430999946, 0.0 ], [ 106.106037642000047, -1.846780064999962, 0.0 ], [ 106.105489529000067, -1.846619577999945, 0.0 ], [ 106.104650292000088, -1.846470761999967, 0.0 ], [ 106.103862528000036, -1.846482741999978, 0.0 ], [ 106.10155650300004, -1.846805839999945, 0.0 ], [ 106.099695661000055, -1.847008036999966, 0.0 ], [ 106.098896494000087, -1.847042997999949, 0.0 ], [ 106.096464538000077, -1.846814751999943, 0.0 ], [ 106.095259916000089, -1.846602974999939, 0.0 ], [ 106.094975856000076, -1.846509578999928, 0.0 ], [ 106.089470641000048, -1.839261320999981, 0.0 ], [ 106.083598603000041, -1.837878050999961, 0.0 ], [ 106.078927008000051, -1.834603195999932, 0.0 ], [ 106.078618583000036, -1.834386984999981, 0.0 ], [ 106.078067543000088, -1.833919439999931, 0.0 ], [ 106.074899943000048, -1.828521120999937, 0.0 ], [ 106.076669411000069, -1.825996326999928, 0.0 ], [ 106.076538999000036, -1.825766, 0.0 ], [ 106.076404358000048, -1.82560880799997, 0.0 ], [ 106.076475798000047, -1.825609833999977, 0.0 ], [ 106.077059621000046, -1.825906827999972, 0.0 ], [ 106.077830498000083, -1.826298866999934, 0.0 ], [ 106.078601329000037, -1.826614320999965, 0.0 ], [ 106.078972471000043, -1.826767269999948, 0.0 ], [ 106.079430794000075, -1.826873495999962, 0.0 ], [ 106.079735360000086, -1.827064777999965, 0.0 ], [ 106.079973267000071, -1.827155578999964, 0.0 ], [ 106.080220722000035, -1.827303815999926, 0.0 ], [ 106.080338021000046, -1.827369044999955, 0.0 ], [ 106.080691687000069, -1.827332250999973, 0.0 ], [ 106.081200552000041, -1.827097396999932, 0.0 ], [ 106.081538214000034, -1.826948805999962, 0.0 ], [ 106.08192346800007, -1.826838479999935, 0.0 ], [ 106.08234682300008, -1.826799930999925, 0.0 ], [ 106.082889169000055, -1.826871400999948, 0.0 ], [ 106.083223387000032, -1.82683360599998, 0.0 ], [ 106.084345025000061, -1.823377509999943, 0.0 ], [ 106.083907740000086, -1.823312636999958, 0.0 ], [ 106.083472412000049, -1.823212380999962, 0.0 ], [ 106.083113212000058, -1.822989293999967, 0.0 ], [ 106.084334148000039, -1.820220602999939, 0.0 ], [ 106.083998736000069, -1.815535185999977, 0.0 ], [ 106.087495087000036, -1.812204181999959, 0.0 ], [ 106.087670798000033, -1.812297486999967, 0.0 ], [ 106.087956333000079, -1.812425977999965, 0.0 ], [ 106.088216885000065, -1.812468808999938, 0.0 ], [ 106.08859878800007, -1.812493793999977, 0.0 ], [ 106.088941430000034, -1.812411700999974, 0.0 ], [ 106.089144874000056, -1.812329610999939, 0.0 ], [ 106.089312625000048, -1.812293918999956, 0.0 ], [ 106.089683821000051, -1.812290348999966, 0.0 ], [ 106.089962219000085, -1.812126165999928, 0.0 ], [ 106.090176371000041, -1.811912013999972, 0.0 ], [ 106.090290585000048, -1.81174783199998, 0.0 ], [ 106.090290585000048, -1.811612202999925, 0.0 ], [ 106.090126402000067, -1.811098238999932, 0.0 ], [ 106.089969358000076, -1.810719904999928, 0.0 ], [ 106.089883696000072, -1.810362984999927, 0.0 ], [ 106.08986228200007, -1.810184525999944, 0.0 ], [ 106.089990773000068, -1.809620593999966, 0.0 ], [ 106.089997910000079, -1.809313642999939, 0.0 ], [ 106.089983634000077, -1.80903524699994, 0.0 ], [ 106.089947942000038, -1.80872829599997, 0.0 ], [ 106.089836868000077, -1.808280004999972, 0.0 ], [ 106.088460775000044, -1.783775306999928, 0.0 ], [ 106.088279718000081, -1.780551152999976, 0.0 ], [ 106.088284032000047, -1.780544277999979, 0.0 ], [ 106.089099327000042, -1.780580310999937, 0.0 ], [ 106.089277778000053, -1.780588197999975, 0.0 ], [ 106.089926584000068, -1.780488101999936, 0.0 ], [ 106.090382907000048, -1.780343751999965, 0.0 ], [ 106.090616784000076, -1.780255696999973, 0.0 ], [ 106.090847843000063, -1.780168701999969, 0.0 ], [ 106.091854099000045, -1.779893309999977, 0.0 ], [ 106.093058148000068, -1.779567920999966, 0.0 ], [ 106.093118489000062, -1.779548330999944, 0.0 ], [ 106.093848017000084, -1.779270898999926, 0.0 ], [ 106.093930221000051, -1.779239636999932, 0.0 ], [ 106.09402011800006, -1.779200718999959, 0.0 ], [ 106.094140753000033, -1.779148494999959, 0.0 ], [ 106.094344321000051, -1.779079572999933, 0.0 ], [ 106.094552399000065, -1.779080950999969, 0.0 ], [ 106.094603770000049, -1.779020188999937, 0.0 ], [ 106.09473926000004, -1.778859932999978, 0.0 ], [ 106.094793938000066, -1.778945175999979, 0.0 ], [ 106.094877300000064, -1.779042211999979, 0.0 ], [ 106.09495406800005, -1.779134236999937, 0.0 ], [ 106.094992446000049, -1.779180241999939, 0.0 ], [ 106.095151368000074, -1.779374924999956, 0.0 ], [ 106.095367866000061, -1.779629880999948, 0.0 ], [ 106.095546579000086, -1.779833597999925, 0.0 ], [ 106.095699508000052, -1.780018641999959, 0.0 ], [ 106.095871008000074, -1.78020186599997, 0.0 ], [ 106.096076076000088, -1.780386869999973, 0.0 ], [ 106.09622418400005, -1.780521867999937, 0.0 ], [ 106.096336931000053, -1.780661101999954, 0.0 ], [ 106.096512638000036, -1.780844313999978, 0.0 ], [ 106.096701547000066, -1.781066721999935, 0.0 ], [ 106.096875472000079, -1.781291553999949, 0.0 ], [ 106.097001982000052, -1.781385551999961, 0.0 ], [ 106.097195642000088, -1.781539209999949, 0.0 ], [ 106.097332944000073, -1.781641640999965, 0.0 ], [ 106.097507988000075, -1.781737418999967, 0.0 ], [ 106.097570416000053, -1.781897795999953, 0.0 ], [ 106.097565553000038, -1.782036547999951, 0.0 ], [ 106.097564519000059, -1.782066046999944, 0.0 ], [ 106.097569428000043, -1.782263833999934, 0.0 ], [ 106.097659467000085, -1.782508009999958, 0.0 ], [ 106.097766852000063, -1.782686449999972, 0.0 ], [ 106.097859205000077, -1.782801571999926, 0.0 ], [ 106.097988140000041, -1.782937177999941, 0.0 ], [ 106.098168636000082, -1.783129441999961, 0.0 ], [ 106.098392342000068, -1.783410922999963, 0.0 ], [ 106.098605246000034, -1.783665878999955, 0.0 ], [ 106.098815739000088, -1.783902746999956, 0.0 ], [ 106.099043017000042, -1.784158300999934, 0.0 ], [ 106.099176164000085, -1.784332491999976, 0.0 ], [ 106.099263165000082, -1.784501292999948, 0.0 ], [ 106.099318984000035, -1.784644784999955, 0.0 ], [ 106.099338802000034, -1.784714722999979, 0.0 ], [ 106.099458221000077, -1.784977577999939, 0.0 ], [ 106.099614202000055, -1.78525970499993, 0.0 ], [ 106.099746186000061, -1.78548817099994, 0.0 ], [ 106.099912338000081, -1.785746176999965, 0.0 ], [ 106.100071321000087, -1.785962224999935, 0.0 ] ] ] ] } },
{ "type": "Feature", "properties": { "OBJECTID": 59052.0, "NAMOBJ": "Sri Menanti", "FCODE": "BA03070040", "REMARK": null, "METADATA": "TASWIL1000020221227_DATA_BATAS_DESAKELURAHAN", "SRS_ID": "4326", "KDBBPS": null, "KDCBPS": null, "KDCPUM": "19.01.01", "KDEBPS": null, "KDEPUM": "19.01.01.1002", "KDPBPS": null, "KDPKAB": "19.01", "KDPPUM": "19", "LUASWH": 0.0, "TIPADM": 2.0, "WADMKC": "Sungailiat", "WADMKD": "Sri Menanti", "WADMKK": "Bangka", "WADMPR": "Kepulauan Bangka Belitung", "WIADKC": null, "WIADKK": null, "WIADPR": null, "WIADKD": "0", "UUPP": "Hasil Delineasi Batas Desa 2019", "LUAS": 4.11219289 }, "geometry": { "type": "MultiPolygon", "coordinates": [ [ [ [ 106.115623969000069, -1.873162783999931, 0.0 ], [ 106.114650583000071, -1.87309718399996, 0.0 ], [ 106.114027401000044, -1.873097582999947, 0.0 ], [ 106.113584976000084, -1.873078718999977, 0.0 ], [ 106.113142616000061, -1.873160372999962, 0.0 ], [ 106.112452804000043, -1.87311294999995, 0.0 ], [ 106.111910529000056, -1.873170734999974, 0.0 ], [ 106.111625156000059, -1.87325707499997, 0.0 ], [ 106.111396807000062, -1.873247646999971, 0.0 ], [ 106.11092106600006, -1.873200084999951, 0.0 ], [ 106.110564262000082, -1.873171591999949, 0.0 ], [ 106.110264519000054, -1.873099984999953, 0.0 ], [ 106.110102711000081, -1.872994782999967, 0.0 ], [ 106.109841041000038, -1.872951870999941, 0.0 ], [ 106.109417655000073, -1.872947354999951, 0.0 ], [ 106.109060861000046, -1.872933220999926, 0.0 ], [ 106.108656526000061, -1.872966985999938, 0.0 ], [ 106.108385413000065, -1.873034168999936, 0.0 ], [ 106.107971711000062, -1.873302481999929, 0.0 ], [ 106.107586586000082, -1.873623428999963, 0.0 ], [ 106.106818816000043, -1.874430459999928, 0.0 ], [ 106.106676266000079, -1.874693811999975, 0.0 ], [ 106.10668114300006, -1.874882879999973, 0.0 ], [ 106.106666936000067, -1.874985801999969, 0.0 ], [ 106.106609959000082, -1.875158154999951, 0.0 ], [ 106.106605235000075, -1.87521320299993, 0.0 ], [ 106.106545789000052, -1.875241960999972, 0.0 ], [ 106.106527612000036, -1.875303327999973, 0.0 ], [ 106.105604007000068, -1.875726787999952, 0.0 ], [ 106.104749703000039, -1.876155253999968, 0.0 ], [ 106.104510077000043, -1.876203006999958, 0.0 ], [ 106.104477916000064, -1.875644515999966, 0.0 ], [ 106.104597271000046, -1.875437143999932, 0.0 ], [ 106.105126391000056, -1.874814575999949, 0.0 ], [ 106.105520205000062, -1.87443559899998, 0.0 ], [ 106.104115427000067, -1.870904842999948, 0.0 ], [ 106.103204959000038, -1.868616481999936, 0.0 ], [ 106.102558255000076, -1.866991060999965, 0.0 ], [ 106.102270831000055, -1.866268644999934, 0.0 ], [ 106.101882603000035, -1.865292868999973, 0.0 ], [ 106.100289587000077, -1.862363114999937, 0.0 ], [ 106.098644830000069, -1.862970200999939, 0.0 ], [ 106.094482625000069, -1.863099442999953, 0.0 ], [ 106.092593889000057, -1.861680467999975, 0.0 ], [ 106.092423093000036, -1.861340284999926, 0.0 ], [ 106.092106440000066, -1.860545714999944, 0.0 ], [ 106.09200650300005, -1.860153103999949, 0.0 ], [ 106.092070748000083, -1.860074582999971, 0.0 ], [ 106.092206377000082, -1.859917536999944, 0.0 ], [ 106.093595031000063, -1.859088057999941, 0.0 ], [ 106.093785387000082, -1.858954807999964, 0.0 ], [ 106.093885325000088, -1.85872637999995, 0.0 ], [ 106.093985264000082, -1.858398012999942, 0.0 ], [ 106.094061406000037, -1.858236210999962, 0.0 ], [ 106.094379752000066, -1.857945559999962, 0.0 ], [ 106.094940320000035, -1.857199168999955, 0.0 ], [ 106.095435741000074, -1.857069619999947, 0.0 ], [ 106.095621189000042, -1.856940265999924, 0.0 ], [ 106.096609191000084, -1.856585313999972, 0.0 ], [ 106.097057365000069, -1.85633306099993, 0.0 ], [ 106.097233329000062, -1.856101602999956, 0.0 ], [ 106.097523395000053, -1.855909957999927, 0.0 ], [ 106.098511259000077, -1.855525281999974, 0.0 ], [ 106.098959076000085, -1.855106937999949, 0.0 ], [ 106.099282882000068, -1.854874949999953, 0.0 ], [ 106.099625198000069, -1.854558819999966, 0.0 ], [ 106.099704522000081, -1.854385209999975, 0.0 ], [ 106.099857975000077, -1.854041719999941, 0.0 ], [ 106.103565136000043, -1.853134611999963, 0.0 ], [ 106.104428205000033, -1.853224525999963, 0.0 ], [ 106.105560469000068, -1.852509217999966, 0.0 ], [ 106.105864866000047, -1.852442869999948, 0.0 ], [ 106.108185366000043, -1.852441409999926, 0.0 ], [ 106.108467961000088, -1.852481439999963, 0.0 ], [ 106.108696353000084, -1.852567454999928, 0.0 ], [ 106.109113120000075, -1.852641863999963, 0.0 ], [ 106.109504149000088, -1.852638745999968, 0.0 ], [ 106.10991983200006, -1.852377904999969, 0.0 ], [ 106.110277369000073, -1.852190232999931, 0.0 ], [ 106.111772046000056, -1.851989713999956, 0.0 ], [ 106.111836288000063, -1.852336752999975, 0.0 ], [ 106.111902870000051, -1.852768595999976, 0.0 ], [ 106.112107519000062, -1.852919244999953, 0.0 ], [ 106.112278887000059, -1.853103418999979, 0.0 ], [ 106.112297984000065, -1.853213498999935, 0.0 ], [ 106.112397945000055, -1.85331395399993, 0.0 ], [ 106.112433704000068, -1.853440775999957, 0.0 ], [ 106.112374322000051, -1.853572444999941, 0.0 ], [ 106.112385141000061, -1.853680481999959, 0.0 ], [ 106.11244242500004, -1.85400210499995, 0.0 ], [ 106.112447599000063, -1.854114982999931, 0.0 ], [ 106.112771332000079, -1.854277595999974, 0.0 ], [ 106.112755219000064, -1.854407329999958, 0.0 ], [ 106.112917057000061, -1.854565184999956, 0.0 ], [ 106.112967062000052, -1.854653704999976, 0.0 ], [ 106.113005194000039, -1.854773346999934, 0.0 ], [ 106.112978496000039, -1.854919695999968, 0.0 ], [ 106.112864957000056, -1.854929, 0.0 ], [ 106.112700890000042, -1.855010473999926, 0.0 ], [ 106.112708374000078, -1.855568106999954, 0.0 ], [ 106.112457985000049, -1.855668297999955, 0.0 ], [ 106.112534986000071, -1.85575371799996, 0.0 ], [ 106.112630163000063, -1.855845922999947, 0.0 ], [ 106.112734265000086, -1.85594705099993, 0.0 ], [ 106.112805650000041, -1.856086843999947, 0.0 ], [ 106.112844443000085, -1.856186150999974, 0.0 ], [ 106.112403833000087, -1.856439728999931, 0.0 ], [ 106.112297518000048, -1.856578338999952, 0.0 ], [ 106.112264380000056, -1.856836834999967, 0.0 ], [ 106.112863339000057, -1.857651510999972, 0.0 ], [ 106.112626553000041, -1.857851361999963, 0.0 ], [ 106.112539928000047, -1.858004490999974, 0.0 ], [ 106.11271240800005, -1.858215087999952, 0.0 ], [ 106.11282187900008, -1.858305964999943, 0.0 ], [ 106.112969365000083, -1.85833458999997, 0.0 ], [ 106.115252909000048, -1.858567682999933, 0.0 ], [ 106.115309151000076, -1.858617827999979, 0.0 ], [ 106.115320588000088, -1.858771548999925, 0.0 ], [ 106.115423446000079, -1.858939971999973, 0.0 ], [ 106.11556812300006, -1.859039440999936, 0.0 ], [ 106.117395161000047, -1.859240639999939, 0.0 ], [ 106.117108021000035, -1.862869640999975, 0.0 ], [ 106.116854786000033, -1.865636446999929, 0.0 ], [ 106.115623969000069, -1.873162783999931, 0.0 ] ] ] ] } },
{ "type": "Feature", "properties": { "OBJECTID": 59055.0, "NAMOBJ": "Sungailiat", "FCODE": "BA03070040", "REMARK": null, "METADATA": "TASWIL1000020221227_DATA_BATAS_DESAKELURAHAN", "SRS_ID": "4326", "KDBBPS": null, "KDCBPS": null, "KDCPUM": "19.01.01", "KDEBPS": null, "KDEPUM": "19.01.01.1001", "KDPBPS": null, "KDPKAB": "19.01", "KDPPUM": "19", "LUASWH": 0.0, "TIPADM": 2.0, "WADMKC": "Sungailiat", "WADMKD": "Sungailiat", "WADMKK": "Bangka", "WADMPR": "Kepulauan Bangka Belitung", "WIADKC": null, "WIADKK": null, "WIADPR": null, "WIADKD": "0", "UUPP": "Hasil Delineasi Batas Desa 2019", "LUAS": 4.82056642 }, "geometry": { "type": "MultiPolygon", "coordinates": [ [ [ [ 106.124766283000042, -1.842709580999951, 0.0 ], [ 106.124905178000063, -1.842817043999958, 0.0 ], [ 106.124999999000067, -1.842905323999958, 0.0 ], [ 106.125023243000044, -1.842943039999966, 0.0 ], [ 106.125047118000055, -1.843014884999945, 0.0 ], [ 106.125075283000058, -1.843130093999946, 0.0 ], [ 106.125132693000069, -1.843210954999961, 0.0 ], [ 106.12516621900005, -1.843246346999933, 0.0 ], [ 106.125170600000047, -1.843252768999946, 0.0 ], [ 106.125174337000033, -1.843258246999937, 0.0 ], [ 106.125179853000077, -1.843266331999928, 0.0 ], [ 106.125181237000049, -1.843268359999968, 0.0 ], [ 106.12518530400007, -1.843274320999967, 0.0 ], [ 106.125188387000037, -1.843279322999933, 0.0 ], [ 106.125189900000066, -1.843281776999959, 0.0 ], [ 106.12519542800004, -1.843290744999933, 0.0 ], [ 106.12519672500008, -1.843292848999965, 0.0 ], [ 106.125202490000049, -1.843302201999961, 0.0 ], [ 106.125205013000084, -1.843306294999934, 0.0 ], [ 106.125208584000063, -1.843312088999937, 0.0 ], [ 106.125211679000074, -1.84331710999993, 0.0 ], [ 106.125216080000087, -1.843324250999956, 0.0 ], [ 106.125237352000056, -1.843371716999968, 0.0 ], [ 106.125241489000075, -1.843377481999937, 0.0 ], [ 106.125241601000084, -1.843377636999946, 0.0 ], [ 106.125248984000052, -1.843387921999977, 0.0 ], [ 106.12525172900007, -1.843391746999941, 0.0 ], [ 106.125256135000086, -1.843397884999945, 0.0 ], [ 106.125258965000057, -1.843401827999969, 0.0 ], [ 106.125263180000047, -1.843407700999933, 0.0 ], [ 106.125263660000087, -1.843408369999963, 0.0 ], [ 106.125266130000057, -1.843411516999936, 0.0 ], [ 106.125270232000048, -1.843416742999977, 0.0 ], [ 106.125273613000047, -1.84342105199994, 0.0 ], [ 106.125277563000054, -1.843426084999976, 0.0 ], [ 106.125279588000069, -1.843428664999976, 0.0 ], [ 106.125282488000039, -1.843432358999962, 0.0 ], [ 106.125285549000068, -1.84343625799994, 0.0 ], [ 106.125287484000069, -1.843438722999963, 0.0 ], [ 106.125291582000045, -1.843443943999944, 0.0 ], [ 106.125294727000039, -1.843447951999963, 0.0 ], [ 106.125322975000074, -1.843509813999958, 0.0 ], [ 106.125336792000041, -1.843566600999964, 0.0 ], [ 106.125360370000067, -1.843606738999938, 0.0 ], [ 106.125364291000039, -1.843612071999928, 0.0 ], [ 106.125364586000046, -1.84361247399994, 0.0 ], [ 106.125368304000062, -1.84361752999996, 0.0 ], [ 106.125369835000072, -1.843619611999941, 0.0 ], [ 106.12537319900008, -1.843624185999943, 0.0 ], [ 106.125376047000088, -1.843628058999968, 0.0 ], [ 106.125378961000081, -1.843632020999962, 0.0 ], [ 106.125383112000065, -1.84363766599995, 0.0 ], [ 106.125385314000084, -1.843640660999938, 0.0 ], [ 106.125385661000053, -1.843641131999959, 0.0 ], [ 106.125390423000056, -1.843647481999938, 0.0 ], [ 106.125392656000088, -1.843650460999925, 0.0 ], [ 106.125395553000033, -1.843654323999942, 0.0 ], [ 106.125399723000044, -1.843659883999976, 0.0 ], [ 106.125402690000044, -1.843663840999966, 0.0 ], [ 106.125405705000048, -1.843667860999972, 0.0 ], [ 106.125409180000077, -1.843672494999964, 0.0 ], [ 106.125411564000046, -1.843675674999929, 0.0 ], [ 106.12541716000004, -1.843683136999971, 0.0 ], [ 106.12546020800005, -1.84373442499998, 0.0 ], [ 106.12552661400008, -1.843776506999973, 0.0 ], [ 106.125575906000051, -1.843794313999979, 0.0 ], [ 106.125615166000046, -1.843812777999972, 0.0 ], [ 106.125635977000059, -1.843831879999925, 0.0 ], [ 106.125636860000043, -1.843832689999942, 0.0 ], [ 106.125650669000038, -1.843845363999947, 0.0 ], [ 106.125658659000067, -1.843852151999954, 0.0 ], [ 106.125671878000048, -1.843863383999974, 0.0 ], [ 106.12567382900005, -1.843865040999958, 0.0 ], [ 106.125687880000044, -1.843878136999933, 0.0 ], [ 106.12570809500005, -1.843896977999975, 0.0 ], [ 106.125711662000072, -1.843900302999941, 0.0 ], [ 106.125712862000057, -1.84390145499998, 0.0 ], [ 106.125726875000055, -1.843914900999948, 0.0 ], [ 106.125734883000064, -1.843922584999973, 0.0 ], [ 106.125751174000072, -1.843938216999959, 0.0 ], [ 106.125753489000033, -1.843940438999937, 0.0 ], [ 106.125758869000038, -1.843945808999933, 0.0 ], [ 106.125772680000068, -1.843959593999955, 0.0 ], [ 106.125779467000086, -1.84396636699995, 0.0 ], [ 106.125790876000053, -1.843977754999969, 0.0 ], [ 106.125813119000043, -1.843999955999948, 0.0 ], [ 106.125852524000038, -1.844049128999927, 0.0 ], [ 106.125863043000038, -1.844079288999978, 0.0 ], [ 106.125867709000033, -1.844122505999962, 0.0 ], [ 106.125874862000046, -1.844161414999974, 0.0 ], [ 106.125885646000086, -1.84418048699996, 0.0 ], [ 106.125891, -1.844189956999969, 0.0 ], [ 106.125896435000072, -1.844199568999954, 0.0 ], [ 106.125899422000089, -1.844204852999951, 0.0 ], [ 106.125900835000039, -1.844207313999959, 0.0 ], [ 106.125901361000047, -1.844208230999925, 0.0 ], [ 106.125901666000061, -1.844208761999937, 0.0 ], [ 106.125905891000059, -1.844216120999931, 0.0 ], [ 106.125909777000061, -1.84422288899998, 0.0 ], [ 106.125911737000081, -1.844226301999925, 0.0 ], [ 106.125917349000076, -1.844236075999959, 0.0 ], [ 106.125919588000045, -1.844265046999965, 0.0 ], [ 106.125904442000035, -1.844297059999974, 0.0 ], [ 106.125868327000035, -1.844333354999947, 0.0 ], [ 106.125829900000042, -1.844364629999973, 0.0 ], [ 106.12582634000006, -1.844367527999964, 0.0 ], [ 106.125806366000063, -1.844384275999971, 0.0 ], [ 106.125783931000058, -1.844403085999943, 0.0 ], [ 106.125743081000053, -1.844458858999928, 0.0 ], [ 106.125712228000054, -1.844486892999953, 0.0 ], [ 106.12566735200005, -1.844544268999925, 0.0 ], [ 106.125638184000081, -1.84459207499998, 0.0 ], [ 106.125611035000077, -1.844648291999931, 0.0 ], [ 106.125558698000077, -1.844720833999929, 0.0 ], [ 106.125535940000077, -1.844769783999936, 0.0 ], [ 106.125527745000056, -1.844791154999939, 0.0 ], [ 106.125521422000077, -1.844807642999967, 0.0 ], [ 106.12550721100007, -1.844844698999964, 0.0 ], [ 106.125488938000046, -1.844906454999943, 0.0 ], [ 106.125484124000081, -1.844956397999965, 0.0 ], [ 106.125495992000083, -1.845030336999969, 0.0 ], [ 106.125516323000056, -1.845111343999974, 0.0 ], [ 106.125538645000063, -1.845197740999936, 0.0 ], [ 106.125569312000039, -1.845275268999956, 0.0 ], [ 106.125595823000083, -1.845333051999944, 0.0 ], [ 106.125604913000075, -1.845338519999927, 0.0 ], [ 106.125606218000087, -1.845339304999925, 0.0 ], [ 106.125616244000071, -1.84534533599998, 0.0 ], [ 106.12561915100008, -1.845347084999958, 0.0 ], [ 106.125619961000041, -1.845347550999975, 0.0 ], [ 106.125628430000063, -1.84535242499993, 0.0 ], [ 106.125631758000054, -1.845354339999972, 0.0 ], [ 106.125643612000033, -1.845361161999961, 0.0 ], [ 106.125645400000053, -1.845366159999969, 0.0 ], [ 106.12564648700004, -1.845369200999926, 0.0 ], [ 106.125648012000056, -1.845373464999966, 0.0 ], [ 106.125648582000053, -1.845375059999981, 0.0 ], [ 106.125650213000085, -1.84537961999996, 0.0 ], [ 106.12565081300005, -1.845381369999927, 0.0 ], [ 106.125651423000079, -1.845383149999975, 0.0 ], [ 106.125653070000055, -1.845387951999953, 0.0 ], [ 106.12565395300004, -1.84539052699995, 0.0 ], [ 106.125655350000045, -1.845394601999942, 0.0 ], [ 106.125656818000039, -1.845398883999962, 0.0 ], [ 106.125657679000085, -1.845401393999964, 0.0 ], [ 106.125660052000057, -1.84540831299995, 0.0 ], [ 106.125660573000062, -1.845409831999973, 0.0 ], [ 106.125662214000045, -1.845414618999939, 0.0 ], [ 106.12566346300008, -1.845418260999963, 0.0 ], [ 106.125664335000067, -1.845420804999947, 0.0 ], [ 106.125665967000089, -1.845425564999971, 0.0 ], [ 106.125668567000048, -1.845433147999927, 0.0 ], [ 106.125693828000067, -1.845490317999975, 0.0 ], [ 106.125730384000065, -1.845595854999942, 0.0 ], [ 106.125762802000054, -1.84567063999998, 0.0 ], [ 106.125789698000062, -1.845728437999981, 0.0 ], [ 106.125800043000083, -1.845750668999926, 0.0 ], [ 106.125814145000049, -1.84578006199996, 0.0 ], [ 106.125826051000047, -1.845804875999931, 0.0 ], [ 106.125826300000085, -1.845805394999957, 0.0 ], [ 106.125832604000038, -1.845821178999927, 0.0 ], [ 106.125845980000065, -1.845854673999952, 0.0 ], [ 106.125847936000071, -1.845859572999927, 0.0 ], [ 106.125856790000057, -1.845883425999943, 0.0 ], [ 106.12586441500008, -1.845903968999949, 0.0 ], [ 106.125872826000034, -1.845926628999962, 0.0 ], [ 106.12587396300006, -1.845929301999945, 0.0 ], [ 106.125887004000049, -1.845959945999937, 0.0 ], [ 106.125897512000051, -1.845984639999926, 0.0 ], [ 106.125929278000058, -1.846051718999945, 0.0 ], [ 106.125944650000065, -1.846089010999947, 0.0 ], [ 106.125951311000051, -1.846105171999966, 0.0 ], [ 106.125958125000068, -1.846121703999927, 0.0 ], [ 106.125977864000049, -1.846175366999944, 0.0 ], [ 106.126002019000055, -1.846231631999956, 0.0 ], [ 106.126002371000084, -1.84623228199996, 0.0 ], [ 106.126005102000079, -1.846237318999954, 0.0 ], [ 106.126008038000066, -1.846242733999929, 0.0 ], [ 106.126009500000066, -1.846245430999943, 0.0 ], [ 106.126010066000049, -1.84624647499993, 0.0 ], [ 106.12601016900004, -1.846246664999967, 0.0 ], [ 106.12601055500005, -1.846247376999941, 0.0 ], [ 106.126010975000042, -1.84624815199993, 0.0 ], [ 106.126011815000084, -1.846249700999977, 0.0 ], [ 106.126012527000057, -1.846251013999961, 0.0 ], [ 106.126013320000084, -1.846252475999961, 0.0 ], [ 106.126014446000056, -1.846254552999937, 0.0 ], [ 106.126015112000061, -1.846255781999957, 0.0 ], [ 106.126015273000064, -1.846256078999943, 0.0 ], [ 106.12601707400006, -1.846259400999941, 0.0 ], [ 106.126017101000059, -1.84625945099998, 0.0 ], [ 106.126018670000065, -1.846262345999946, 0.0 ], [ 106.126019934000055, -1.846264677999955, 0.0 ], [ 106.126020268000048, -1.846265292999931, 0.0 ], [ 106.126021140000034, -1.846266901999968, 0.0 ], [ 106.126022163000073, -1.846268788999964, 0.0 ], [ 106.126023306000036, -1.846270896999954, 0.0 ], [ 106.126024276000066, -1.846272686999953, 0.0 ], [ 106.126025252000034, -1.84627448699996, 0.0 ], [ 106.126025394000067, -1.846274748999974, 0.0 ], [ 106.12602716300006, -1.84627801299996, 0.0 ], [ 106.126028799000039, -1.846281029999943, 0.0 ], [ 106.126028977000033, -1.846281357999942, 0.0 ], [ 106.126029775000063, -1.84628282999995, 0.0 ], [ 106.12603140300007, -1.846285763999958, 0.0 ], [ 106.12603395900004, -1.846290369999963, 0.0 ], [ 106.126036322000061, -1.846294626999963, 0.0 ], [ 106.126039389000084, -1.846300154999938, 0.0 ], [ 106.126041359000055, -1.846303704999968, 0.0 ], [ 106.126043763000041, -1.846308036999972, 0.0 ], [ 106.126046289000044, -1.846312588999979, 0.0 ], [ 106.126047050000068, -1.846313959999975, 0.0 ], [ 106.126048295000032, -1.846316202999958, 0.0 ], [ 106.126049, -1.846317472999942, 0.0 ], [ 106.126050019000047, -1.846319308999966, 0.0 ], [ 106.126050330000055, -1.846319869999945, 0.0 ], [ 106.12605063500007, -1.846320418999937, 0.0 ], [ 106.126051132000043, -1.846321313999965, 0.0 ], [ 106.126078858000085, -1.84636708499994, 0.0 ], [ 106.126120294000089, -1.846442632999924, 0.0 ], [ 106.126124602000061, -1.84645244099994, 0.0 ], [ 106.126125032000061, -1.846453419999932, 0.0 ], [ 106.126125934000072, -1.846455474999971, 0.0 ], [ 106.12612662500004, -1.84645704899998, 0.0 ], [ 106.12612748500004, -1.846459007999954, 0.0 ], [ 106.126128200000039, -1.846460634999971, 0.0 ], [ 106.126129021000054, -1.846462504999977, 0.0 ], [ 106.126129271000082, -1.846463073999928, 0.0 ], [ 106.126131216000033, -1.846467503999975, 0.0 ], [ 106.126131585000053, -1.846468343999959, 0.0 ], [ 106.126133232000086, -1.846472094999967, 0.0 ], [ 106.126133354000046, -1.846472371999937, 0.0 ], [ 106.126135365000039, -1.846476949999953, 0.0 ], [ 106.126135591000036, -1.846477464999964, 0.0 ], [ 106.126137768000035, -1.846482422999941, 0.0 ], [ 106.126137849000088, -1.846482606999928, 0.0 ], [ 106.126139458000068, -1.846486270999947, 0.0 ], [ 106.126140150000083, -1.846487846999935, 0.0 ], [ 106.126141640000071, -1.846491239999978, 0.0 ], [ 106.126141979000067, -1.846492011999942, 0.0 ], [ 106.126144005000072, -1.846496624999929, 0.0 ], [ 106.126144236000073, -1.846497150999937, 0.0 ], [ 106.126146260000041, -1.846501759999967, 0.0 ], [ 106.126147850000052, -1.846505381999975, 0.0 ], [ 106.126147882000055, -1.846505455999932, 0.0 ], [ 106.126148637000085, -1.846507202999931, 0.0 ], [ 106.126150299000074, -1.846511048999957, 0.0 ], [ 106.126151501000038, -1.846513830999925, 0.0 ], [ 106.126152365000053, -1.846515830999977, 0.0 ], [ 106.126154709000048, -1.846521254999971, 0.0 ], [ 106.12615536900006, -1.846522781999965, 0.0 ], [ 106.126156586000036, -1.846525597999971, 0.0 ], [ 106.12615924000005, -1.846531739999932, 0.0 ], [ 106.126159779000034, -1.846532986999932, 0.0 ], [ 106.126161054000079, -1.846535936999942, 0.0 ], [ 106.126161442000068, -1.846536833999949, 0.0 ], [ 106.126162741000087, -1.846539838999945, 0.0 ], [ 106.126163984000073, -1.846542714999941, 0.0 ], [ 106.126164349000078, -1.84654355899994, 0.0 ], [ 106.126165343000082, -1.846545858999946, 0.0 ], [ 106.126165891000085, -1.846547127999941, 0.0 ], [ 106.126166843000078, -1.846549329999959, 0.0 ], [ 106.126166891000082, -1.846549440999979, 0.0 ], [ 106.126166961000081, -1.846549602999971, 0.0 ], [ 106.126167711000051, -1.846551337999927, 0.0 ], [ 106.126168556000039, -1.846553292999943, 0.0 ], [ 106.126168753000059, -1.846553748999952, 0.0 ], [ 106.126169173000051, -1.846554719999972, 0.0 ], [ 106.126169673000049, -1.846555876999957, 0.0 ], [ 106.126170167000055, -1.846557019999977, 0.0 ], [ 106.12617051400008, -1.846557822999955, 0.0 ], [ 106.126171140000054, -1.846559270999933, 0.0 ], [ 106.126171401000079, -1.846559874999969, 0.0 ], [ 106.126171555000042, -1.846560231999945, 0.0 ], [ 106.126171690000035, -1.846560543999942, 0.0 ], [ 106.126194960000078, -1.846639459999949, 0.0 ], [ 106.126204227000073, -1.846694558999957, 0.0 ], [ 106.126235007000048, -1.84679501599993, 0.0 ], [ 106.126249328000085, -1.846839644999932, 0.0 ], [ 106.126254265000057, -1.846855029999972, 0.0 ], [ 106.126255093000054, -1.846857234999959, 0.0 ], [ 106.126265645000046, -1.846885329999964, 0.0 ], [ 106.126273967000088, -1.846907489999978, 0.0 ], [ 106.126276878000056, -1.846913539999946, 0.0 ], [ 106.12627933300007, -1.846918641999935, 0.0 ], [ 106.126300581000066, -1.846962805999965, 0.0 ], [ 106.126302133000081, -1.846966031999955, 0.0 ], [ 106.126302614000053, -1.846966948999977, 0.0 ], [ 106.126322470000048, -1.847004778999974, 0.0 ], [ 106.126325017000056, -1.847009631999924, 0.0 ], [ 106.126327226000058, -1.847013839999931, 0.0 ], [ 106.126342461000036, -1.847047505999967, 0.0 ], [ 106.12634367000004, -1.84705017899995, 0.0 ], [ 106.126354413000058, -1.847073919999957, 0.0 ], [ 106.126363999000034, -1.847092437999947, 0.0 ], [ 106.12638518600005, -1.84713336599998, 0.0 ], [ 106.126417447000051, -1.847186613999952, 0.0 ], [ 106.126460375000079, -1.847233531999962, 0.0 ], [ 106.126499263000085, -1.847260308999978, 0.0 ], [ 106.126522626000053, -1.847285874999955, 0.0 ], [ 106.126533932000086, -1.847325287999979, 0.0 ], [ 106.126537529000075, -1.847347968999941, 0.0 ], [ 106.12654156800005, -1.847373440999945, 0.0 ], [ 106.126546905000055, -1.847397977999947, 0.0 ], [ 106.126549957000066, -1.847408357999939, 0.0 ], [ 106.126558761000069, -1.847438294999961, 0.0 ], [ 106.12657209300005, -1.847453012999949, 0.0 ], [ 106.126592805000087, -1.847481293999977, 0.0 ], [ 106.126597586000059, -1.847485394999978, 0.0 ], [ 106.126601055000037, -1.84748837099994, 0.0 ], [ 106.126603257000056, -1.847490260999962, 0.0 ], [ 106.126603928000065, -1.847490836999953, 0.0 ], [ 106.126604396000062, -1.847491237999975, 0.0 ], [ 106.126607169000067, -1.847493616999941, 0.0 ], [ 106.126607680000063, -1.84749405599996, 0.0 ], [ 106.126610559000085, -1.847496525999929, 0.0 ], [ 106.126612066000064, -1.847497818999955, 0.0 ], [ 106.126614581000069, -1.847499976999927, 0.0 ], [ 106.126616460000037, -1.847501589999979, 0.0 ], [ 106.126619347000087, -1.847504066999932, 0.0 ], [ 106.126619872000049, -1.847504516999948, 0.0 ], [ 106.12662361200006, -1.847507725999947, 0.0 ], [ 106.126624215000049, -1.847508242999936, 0.0 ], [ 106.126625889000081, -1.847509679999973, 0.0 ], [ 106.126629838000042, -1.847513067999955, 0.0 ], [ 106.12663002100004, -1.847513224999943, 0.0 ], [ 106.126632543000085, -1.847515387999977, 0.0 ], [ 106.126632888000074, -1.847515679999958, 0.0 ], [ 106.126633582000068, -1.847516265999957, 0.0 ], [ 106.126634158000059, -1.847516752999979, 0.0 ], [ 106.12663781200007, -1.847519838999972, 0.0 ], [ 106.126640881000071, -1.847522430999959, 0.0 ], [ 106.126644205000048, -1.847525238999935, 0.0 ], [ 106.126646550000032, -1.847527219999961, 0.0 ], [ 106.126651502000072, -1.847531403999938, 0.0 ], [ 106.126653451000038, -1.847533049999925, 0.0 ], [ 106.126657113000078, -1.847536142999957, 0.0 ], [ 106.126659310000036, -1.84753799899994, 0.0 ], [ 106.126662855000063, -1.847540993999928, 0.0 ], [ 106.126667981000082, -1.847545323999952, 0.0 ], [ 106.126701510000032, -1.847599248999927, 0.0 ], [ 106.126723578000053, -1.847654014999932, 0.0 ], [ 106.126740588000075, -1.847713676999945, 0.0 ], [ 106.126761664000071, -1.847762426999964, 0.0 ], [ 106.126789368000061, -1.847801413999946, 0.0 ], [ 106.12682350700004, -1.847839337999972, 0.0 ], [ 106.126853997000069, -1.847849421999967, 0.0 ], [ 106.126904572000058, -1.847847643999955, 0.0 ], [ 106.126940226000045, -1.847849438999958, 0.0 ], [ 106.126955112000076, -1.847861459999933, 0.0 ], [ 106.126965280000036, -1.847891836999963, 0.0 ], [ 106.126962300000059, -1.847912788999963, 0.0 ], [ 106.12694956100006, -1.847927088999938, 0.0 ], [ 106.126927773000034, -1.847945572999947, 0.0 ], [ 106.126894743000037, -1.847970116999932, 0.0 ], [ 106.126875172000041, -1.847998061999931, 0.0 ], [ 106.126867197000081, -1.848025654999958, 0.0 ], [ 106.126863262000086, -1.84804305199998, 0.0 ], [ 106.12686676800007, -1.84807128999995, 0.0 ], [ 106.12688072800006, -1.84814201599994, 0.0 ], [ 106.126900933000059, -1.848220879999928, 0.0 ], [ 106.12691949200007, -1.848299725999937, 0.0 ], [ 106.126943729000061, -1.848371929999928, 0.0 ], [ 106.126985386000058, -1.848441055999956, 0.0 ], [ 106.127029801000049, -1.848494775999939, 0.0 ], [ 106.127050293000082, -1.848529740999936, 0.0 ], [ 106.127057061000073, -1.848538925999947, 0.0 ], [ 106.127073650000057, -1.848561439999969, 0.0 ], [ 106.127079750000064, -1.848568970999963, 0.0 ], [ 106.127092534000042, -1.84858475599998, 0.0 ], [ 106.12711472400008, -1.848604749999936, 0.0 ], [ 106.127145334000033, -1.84861882499996, 0.0 ], [ 106.127147800000046, -1.848619958999961, 0.0 ], [ 106.127155684000058, -1.848623583999938, 0.0 ], [ 106.127215103000083, -1.848647859999971, 0.0 ], [ 106.127247533000059, -1.848659194999925, 0.0 ], [ 106.127266403000078, -1.848665790999974, 0.0 ], [ 106.127284203000045, -1.848672012999941, 0.0 ], [ 106.127290720000076, -1.848673887999951, 0.0 ], [ 106.127319457000056, -1.84868215399996, 0.0 ], [ 106.127343060000044, -1.848688943999946, 0.0 ], [ 106.127382088000047, -1.84870880099993, 0.0 ], [ 106.127389734000076, -1.84873072299996, 0.0 ], [ 106.127388210000049, -1.848752115999957, 0.0 ], [ 106.127393488000052, -1.848768557999961, 0.0 ], [ 106.127415665000058, -1.848768000999939, 0.0 ], [ 106.127435607000052, -1.848757368999941, 0.0 ], [ 106.127448719000085, -1.84872252599996, 0.0 ], [ 106.127457205000042, -1.848694072999933, 0.0 ], [ 106.127471358000037, -1.848685488999934, 0.0 ], [ 106.127494750000039, -1.848686314999952, 0.0 ], [ 106.127531884000064, -1.848697543999947, 0.0 ], [ 106.127565094000033, -1.848700660999953, 0.0 ], [ 106.127588219000074, -1.848677643999963, 0.0 ], [ 106.127597042000048, -1.848656019999964, 0.0 ], [ 106.127610382000057, -1.848640705999969, 0.0 ], [ 106.127628117000086, -1.848638604999962, 0.0 ], [ 106.127646618000085, -1.848638592999976, 0.0 ], [ 106.127684620000082, -1.84864267599994, 0.0 ], [ 106.127711266000063, -1.848648987999979, 0.0 ], [ 106.127728109000088, -1.848652977999961, 0.0 ], [ 106.127742198000078, -1.848656563999953, 0.0 ], [ 106.127759728000058, -1.848661025999945, 0.0 ], [ 106.127771994000057, -1.848664147999955, 0.0 ], [ 106.127778367000076, -1.848665300999926, 0.0 ], [ 106.127799818000085, -1.848669180999934, 0.0 ], [ 106.127812012000049, -1.848671385999978, 0.0 ], [ 106.127815962000057, -1.848671870999965, 0.0 ], [ 106.127825445000042, -1.848673033999944, 0.0 ], [ 106.127869586000088, -1.848678449999966, 0.0 ], [ 106.127936158000068, -1.848683336999954, 0.0 ], [ 106.127981109000075, -1.848683023999968, 0.0 ], [ 106.127989034000052, -1.848682968999981, 0.0 ], [ 106.127995943000087, -1.848682740999948, 0.0 ], [ 106.128017055000043, -1.848682045999965, 0.0 ], [ 106.128032082000061, -1.84867669099998, 0.0 ], [ 106.128057135000063, -1.848675227999934, 0.0 ], [ 106.128062723000085, -1.848675107999952, 0.0 ], [ 106.128073244000063, -1.848674882999944, 0.0 ], [ 106.128095047000045, -1.848673115999929, 0.0 ], [ 106.128102270000056, -1.848672529999931, 0.0 ], [ 106.128113430000042, -1.848672198999964, 0.0 ], [ 106.128114652000079, -1.848672162999947, 0.0 ], [ 106.128124422000042, -1.848671872999944, 0.0 ], [ 106.128140165000048, -1.848671405999937, 0.0 ], [ 106.128140746000042, -1.848671388999946, 0.0 ], [ 106.128152563000071, -1.848671038999953, 0.0 ], [ 106.128155587000037, -1.848670948999938, 0.0 ], [ 106.12815906700007, -1.848670872999946, 0.0 ], [ 106.128163641000071, -1.848670772999981, 0.0 ], [ 106.128177533000041, -1.848670469999945, 0.0 ], [ 106.128182960000061, -1.848670351999942, 0.0 ], [ 106.128196713000079, -1.848670051999932, 0.0 ], [ 106.12820146100006, -1.848669947999952, 0.0 ], [ 106.128222885000071, -1.848669480999945, 0.0 ], [ 106.128230214000041, -1.848669320999932, 0.0 ], [ 106.128234155000087, -1.848669234999932, 0.0 ], [ 106.128301713000042, -1.84865554199996, 0.0 ], [ 106.12833041500005, -1.848638454999957, 0.0 ], [ 106.128335048000054, -1.848628917999974, 0.0 ], [ 106.128335028000038, -1.848598497999944, 0.0 ], [ 106.128335298000081, -1.848555007999948, 0.0 ], [ 106.12833590200006, -1.848515414999952, 0.0 ], [ 106.128336408000052, -1.848498426999925, 0.0 ], [ 106.128336942000033, -1.848480516999928, 0.0 ], [ 106.128337055000088, -1.848476717999972, 0.0 ], [ 106.12833968700005, -1.848430656999938, 0.0 ], [ 106.128355472000067, -1.848372755999947, 0.0 ], [ 106.12838140100007, -1.848305006999965, 0.0 ], [ 106.128406956000049, -1.84825905799994, 0.0 ], [ 106.128447129000051, -1.848199313999942, 0.0 ], [ 106.128488900000036, -1.848150866999958, 0.0 ], [ 106.128512094000087, -1.848109260999934, 0.0 ], [ 106.128556044000049, -1.848065787999928, 0.0 ], [ 106.128618591000077, -1.848017869999978, 0.0 ], [ 106.128698134000047, -1.847966024999948, 0.0 ], [ 106.128782787000034, -1.847918843999935, 0.0 ], [ 106.128846296000063, -1.847900485999958, 0.0 ], [ 106.128885574000037, -1.847876037999924, 0.0 ], [ 106.128907137000056, -1.847799418999955, 0.0 ], [ 106.128916686000082, -1.847703313999943, 0.0 ], [ 106.128930265000065, -1.847624192999945, 0.0 ], [ 106.12896259200005, -1.847567873999935, 0.0 ], [ 106.129034789000059, -1.847512604999963, 0.0 ], [ 106.129104942000083, -1.847481778999963, 0.0 ], [ 106.129144641000039, -1.847475885999927, 0.0 ], [ 106.12915305000007, -1.847474637999937, 0.0 ], [ 106.129190841000081, -1.847471284999926, 0.0 ], [ 106.129216487000065, -1.847488581999926, 0.0 ], [ 106.129240565000089, -1.847504820999973, 0.0 ], [ 106.129311926000071, -1.847577545999968, 0.0 ], [ 106.129402545000062, -1.847696905999953, 0.0 ], [ 106.129466818000083, -1.847791308999945, 0.0 ], [ 106.12955499900005, -1.847894469999972, 0.0 ], [ 106.129650797000068, -1.848043224999969, 0.0 ], [ 106.129786869000043, -1.848235796999973, 0.0 ], [ 106.129919727000072, -1.848406290999947, 0.0 ], [ 106.130036505000078, -1.848567097999933, 0.0 ], [ 106.130149704000075, -1.848712195999951, 0.0 ], [ 106.13031667000007, -1.848870284999975, 0.0 ], [ 106.130391629000087, -1.848974268999939, 0.0 ], [ 106.130421133000084, -1.849046341999951, 0.0 ], [ 106.130460613000082, -1.849113804999945, 0.0 ], [ 106.130565693000051, -1.84924032899994, 0.0 ], [ 106.130740192000076, -1.849398900999972, 0.0 ], [ 106.130883684000082, -1.849525698999969, 0.0 ], [ 106.131002673000069, -1.849671145999935, 0.0 ], [ 106.131167633000075, -1.849898197999948, 0.0 ], [ 106.131304494000062, -1.850072651999938, 0.0 ], [ 106.131405844000085, -1.850216444999944, 0.0 ], [ 106.131503063000082, -1.850351494999927, 0.0 ], [ 106.131625872000086, -1.850452588999929, 0.0 ], [ 106.131768873000055, -1.850514186999931, 0.0 ], [ 106.131883925000068, -1.850545808999925, 0.0 ], [ 106.131973389000052, -1.850587748999942, 0.0 ], [ 106.132018149000032, -1.850659378999978, 0.0 ], [ 106.132030408000048, -1.850697496999942, 0.0 ], [ 106.132090930000061, -1.850731884999959, 0.0 ], [ 106.132187957000042, -1.850762821999979, 0.0 ], [ 106.132300821000058, -1.850789695999936, 0.0 ], [ 106.132386867000037, -1.850798857999962, 0.0 ], [ 106.132473257000072, -1.850784546999932, 0.0 ], [ 106.132574429000044, -1.850731574999941, 0.0 ], [ 106.132612454000082, -1.850687552999943, 0.0 ], [ 106.13262891800008, -1.85063615599995, 0.0 ], [ 106.132630049000056, -1.850591858999962, 0.0 ], [ 106.132630020000079, -1.850545229999966, 0.0 ], [ 106.132627417000037, -1.850524164999968, 0.0 ], [ 106.132627402000082, -1.850501424999948, 0.0 ], [ 106.132481520000056, -1.85035292799995, 0.0 ], [ 106.132188847000066, -1.850110222999945, 0.0 ], [ 106.13193186500007, -1.849760441999933, 0.0 ], [ 106.131767682000088, -1.84943207699996, 0.0 ], [ 106.131503562000034, -1.848968081999942, 0.0 ], [ 106.131346517000054, -1.848732514999938, 0.0 ], [ 106.131196611000064, -1.848618300999931, 0.0 ], [ 106.131203750000054, -1.848532639999974, 0.0 ], [ 106.13115378100008, -1.848347041999943, 0.0 ], [ 106.130953906000059, -1.848197135999953, 0.0 ], [ 106.130839692000052, -1.847997261999978, 0.0 ], [ 106.130761170000085, -1.847775971999965, 0.0 ], [ 106.130618402000039, -1.847540404999961, 0.0 ], [ 106.130418528000064, -1.847204900999941, 0.0 ], [ 106.130175823000059, -1.846769459999962, 0.0 ], [ 106.13004019300007, -1.846619553999972, 0.0 ], [ 106.130025157000034, -1.846551887999965, 0.0 ], [ 106.130029, -1.846548, 0.0 ], [ 106.130047, -1.846346, 0.0 ], [ 106.12992, -1.846063, 0.0 ], [ 106.129847457000039, -1.845955683999932, 0.0 ], [ 106.129697551000049, -1.845820054999933, 0.0 ], [ 106.12956192200005, -1.845534519999944, 0.0 ], [ 106.12940487700007, -1.845341782999981, 0.0 ], [ 106.129304940000054, -1.84514904699995, 0.0 ], [ 106.129205003000038, -1.845020555999952, 0.0 ], [ 106.129169311000055, -1.844934894999938, 0.0 ], [ 106.129083650000041, -1.844777850999947, 0.0 ], [ 106.128997989000084, -1.844577975999925, 0.0 ], [ 106.128812391000054, -1.844256748999953, 0.0 ], [ 106.128641070000072, -1.844006905999947, 0.0 ], [ 106.12858396300004, -1.843849860999967, 0.0 ], [ 106.128455472000041, -1.843671401999927, 0.0 ], [ 106.128369812000074, -1.843314481999926, 0.0 ], [ 106.128248459000076, -1.843064638999977, 0.0 ], [ 106.128105692000076, -1.842871902999946, 0.0 ], [ 106.127948647000039, -1.842814795999971, 0.0 ], [ 106.127770188000056, -1.842829071999972, 0.0 ], [ 106.127734496000073, -1.842757688999939, 0.0 ], [ 106.127741634000074, -1.842657750999933, 0.0 ], [ 106.127884402000063, -1.842529259999935, 0.0 ], [ 106.128055723000045, -1.842422184999975, 0.0 ], [ 106.128177075000053, -1.842415045999928, 0.0 ], [ 106.128348397000082, -1.842529259999935, 0.0 ], [ 106.128405504000057, -1.842672027999924, 0.0 ], [ 106.128533995000055, -1.842978977999962, 0.0 ], [ 106.128733869000087, -1.843271651999942, 0.0 ], [ 106.128876637000076, -1.843464388999962, 0.0 ], [ 106.128997989000084, -1.843714231999968, 0.0 ], [ 106.129012266000075, -1.843942659999925, 0.0 ], [ 106.129026543000066, -1.844021181999949, 0.0 ], [ 106.129105065000033, -1.844135396999945, 0.0 ], [ 106.129290663000063, -1.844278163999945, 0.0 ], [ 106.129447708000043, -1.844363824999959, 0.0 ], [ 106.129583337000042, -1.844485176999967, 0.0 ], [ 106.12974752000008, -1.844742158999964, 0.0 ], [ 106.129847457000039, -1.844884926999953, 0.0 ], [ 106.129925979000063, -1.845049109999934, 0.0 ], [ 106.13004019300007, -1.845106216999966, 0.0 ], [ 106.13010769400006, -1.845128716999966, 0.0 ], [ 106.130151166000076, -1.84520945099996, 0.0 ], [ 106.130161546000068, -1.845370336999963, 0.0 ], [ 106.130161546000068, -1.84578436299995, 0.0 ], [ 106.130261483000083, -1.846155558999953, 0.0 ], [ 106.130361421000089, -1.846469647999925, 0.0 ], [ 106.130589849000046, -1.846862258999977, 0.0 ], [ 106.130768308000086, -1.847162070999957, 0.0 ], [ 106.130953906000059, -1.847476159999928, 0.0 ], [ 106.131082397000057, -1.847768832999975, 0.0 ], [ 106.131210888000055, -1.847982984999931, 0.0 ], [ 106.131517839000082, -1.848275658999967, 0.0 ], [ 106.131660606000082, -1.848446979999949, 0.0 ], [ 106.131774820000032, -1.848632577999979, 0.0 ], [ 106.131889035000086, -1.848818175999952, 0.0 ], [ 106.132053217000077, -1.849146540999925, 0.0 ], [ 106.132267369000033, -1.849467768999943, 0.0 ], [ 106.132460105000064, -1.849689058999957, 0.0 ], [ 106.132681395000077, -1.849846102999948, 0.0 ], [ 106.132881270000041, -1.849946039999963, 0.0 ], [ 106.13305259100008, -1.850138776999927, 0.0 ], [ 106.133152528000039, -1.850367204999941, 0.0 ], [ 106.133445202000075, -1.850831199999959, 0.0 ], [ 106.133584642000073, -1.850965061999943, 0.0 ], [ 106.133841794000034, -1.851417363999929, 0.0 ], [ 106.13397344200007, -1.851773465999941, 0.0 ], [ 106.134030549000045, -1.852059001999976, 0.0 ], [ 106.134194732000083, -1.852415920999931, 0.0 ], [ 106.134380330000056, -1.852808531999926, 0.0 ], [ 106.134551651000038, -1.853165450999938, 0.0 ], [ 106.134644450000053, -1.853486677999967, 0.0 ], [ 106.134794356000043, -1.85399350299997, 0.0 ], [ 106.134837187000073, -1.854243346999965, 0.0 ], [ 106.134794356000043, -1.85445035999993, 0.0 ], [ 106.134601620000069, -1.854557435999936, 0.0 ], [ 106.134408884000038, -1.854521743999953, 0.0 ], [ 106.134144764000041, -1.854643095999961, 0.0 ], [ 106.133794983000087, -1.854885800999966, 0.0 ], [ 106.133566555000073, -1.85507853799993, 0.0 ], [ 106.133473756000058, -1.855256996999969, 0.0 ], [ 106.133209635000071, -1.85556394799994, 0.0 ], [ 106.133045453000079, -1.855756683999971, 0.0 ], [ 106.132916962000081, -1.855849482999929, 0.0 ], [ 106.132709949000059, -1.855835205999938, 0.0 ], [ 106.132531489000087, -1.855785237999953, 0.0 ], [ 106.132438690000072, -1.855928004999953, 0.0 ], [ 106.132445828000073, -1.855992250999975, 0.0 ], [ 106.132295922000083, -1.856013665999967, 0.0 ], [ 106.132174570000075, -1.855977973999927, 0.0 ], [ 106.132010387000037, -1.856249231999925, 0.0 ], [ 106.131903311000087, -1.856327754999938, 0.0 ], [ 106.131774820000032, -1.85637772299998, 0.0 ], [ 106.131610638000041, -1.856549044999952, 0.0 ], [ 106.13146073200005, -1.856641843999967, 0.0 ], [ 106.131218027000045, -1.856741780999926, 0.0 ], [ 106.131096674000048, -1.856798887999958, 0.0 ], [ 106.130982460000041, -1.856884548999972, 0.0 ], [ 106.130882523000082, -1.856898824999973, 0.0 ], [ 106.130768308000086, -1.856806025999958, 0.0 ], [ 106.130704063000053, -1.856570459999944, 0.0 ], [ 106.130711201000054, -1.856270647999963, 0.0 ], [ 106.130247206000035, -1.855256996999969, 0.0 ], [ 106.12989742600007, -1.855378349999967, 0.0 ], [ 106.129718966000041, -1.855028568999955, 0.0 ], [ 106.129654721000065, -1.855064260999939, 0.0 ], [ 106.129761796000082, -1.855435456999942, 0.0 ], [ 106.129726104000042, -1.855449733999933, 0.0 ], [ 106.129754658000081, -1.855535393999958, 0.0 ], [ 106.129668997000067, -1.85556394799994, 0.0 ], [ 106.129611890000035, -1.855499701999975, 0.0 ], [ 106.129497676000085, -1.855585362999932, 0.0 ], [ 106.129469123000035, -1.855649607999965, 0.0 ], [ 106.129654721000065, -1.856113602999926, 0.0 ], [ 106.129761796000082, -1.856170709999958, 0.0 ], [ 106.129833180000048, -1.856220678999932, 0.0 ], [ 106.129811765000056, -1.856299200999956, 0.0 ], [ 106.129776073000073, -1.85637772299998, 0.0 ], [ 106.129933118000054, -1.856734642999925, 0.0 ], [ 106.129975948000038, -1.856727503999934, 0.0 ], [ 106.130054470000061, -1.856927378999956, 0.0 ], [ 106.130090162000045, -1.856991623999932, 0.0 ], [ 106.130240068000035, -1.857070146999945, 0.0 ], [ 106.130375697000034, -1.85715580699997, 0.0 ], [ 106.130425666000065, -1.857234328999937, 0.0 ], [ 106.130382836000081, -1.857298574999959, 0.0 ], [ 106.130282898000075, -1.857369958999925, 0.0 ], [ 106.130083024000044, -1.857434203999958, 0.0 ], [ 106.129883149000079, -1.857441341999959, 0.0 ], [ 106.129640444000074, -1.857334266999942, 0.0 ], [ 106.129490538000084, -1.857255743999929, 0.0 ], [ 106.129340632000037, -1.85730571299996, 0.0 ], [ 106.12941201600006, -1.857477033999942, 0.0 ], [ 106.129349350000041, -1.857722, 0.0 ], [ 106.129269, -1.857722, 0.0 ], [ 106.129112414000076, -1.857753603999925, 0.0 ], [ 106.128969436000034, -1.857684046999964, 0.0 ], [ 106.128876637000076, -1.85760552499994, 0.0 ], [ 106.128712454000038, -1.857212913999945, 0.0 ], [ 106.12862679300008, -1.857241467999927, 0.0 ], [ 106.128748146000078, -1.857527002999973, 0.0 ], [ 106.128705316000037, -1.857584109999948, 0.0 ], [ 106.128612517000079, -1.857598386999939, 0.0 ], [ 106.128469749000033, -1.85730571299996, 0.0 ], [ 106.128369812000074, -1.857362819999935, 0.0 ], [ 106.128476887000033, -1.857541279999964, 0.0 ], [ 106.128548271000057, -1.857705462999945, 0.0 ], [ 106.128498303000072, -1.857748292999929, 0.0 ], [ 106.128405504000057, -1.857719738999947, 0.0 ], [ 106.128255598000067, -1.857598386999939, 0.0 ], [ 106.127577451000036, -1.856641843999967, 0.0 ], [ 106.12750606700007, -1.856634704999976, 0.0 ], [ 106.127234809000072, -1.856777472999966, 0.0 ], [ 106.12721339400008, -1.856820302999949, 0.0 ], [ 106.127220532000081, -1.856891686999973, 0.0 ], [ 106.127777326000057, -1.85779112299997, 0.0 ], [ 106.127791603000048, -1.857891060999975, 0.0 ], [ 106.127870125000072, -1.85794816799995, 0.0 ], [ 106.127934370000048, -1.857983859999933, 0.0 ], [ 106.127934370000048, -1.858069519999958, 0.0 ], [ 106.127898678000065, -1.85813376599998, 0.0 ], [ 106.127763049000066, -1.858205148999957, 0.0 ], [ 106.127627420000067, -1.85828367199997, 0.0 ], [ 106.127527482000062, -1.858376470999929, 0.0 ], [ 106.127461623000045, -1.85851446199996, 0.0 ], [ 106.127441, -1.858528, 0.0 ], [ 106.127229, -1.858676, 0.0 ], [ 106.127153871000075, -1.858704996999961, 0.0 ], [ 106.126999242000068, -1.858683420999967, 0.0 ], [ 106.126806506000037, -1.858597760999942, 0.0 ], [ 106.126720845000079, -1.858512099999928, 0.0 ], [ 106.126670877000038, -1.858319363999954, 0.0 ], [ 106.126763676000053, -1.858048104999966, 0.0 ], [ 106.126806506000037, -1.857848229999945, 0.0 ], [ 106.126899305000052, -1.857634078999979, 0.0 ], [ 106.126949273000037, -1.85745561899995, 0.0 ], [ 106.12687789000006, -1.857034454999962, 0.0 ], [ 106.126785091000045, -1.856870271999981, 0.0 ], [ 106.126742153000066, -1.85663948499996, 0.0 ], [ 106.126852, -1.856558, 0.0 ], [ 106.126852624000037, -1.85655741599993, 0.0 ], [ 106.127042072000052, -1.856506213999978, 0.0 ], [ 106.127327608000087, -1.856406276999962, 0.0 ], [ 106.127441822000037, -1.856299200999956, 0.0 ], [ 106.127448960000038, -1.856127879999974, 0.0 ], [ 106.127370438000071, -1.855920866999952, 0.0 ], [ 106.127498929000069, -1.855863759999977, 0.0 ], [ 106.127546021000057, -1.855845331999944, 0.0 ], [ 106.12781301800004, -1.855756683999971, 0.0 ], [ 106.127927232000047, -1.855656746999955, 0.0 ], [ 106.128012893000061, -1.855542532999948, 0.0 ], [ 106.128212767000036, -1.855399764999959, 0.0 ], [ 106.128362673000083, -1.855249858999969, 0.0 ], [ 106.128341258000034, -1.85507853799993, 0.0 ], [ 106.128269874000068, -1.854842970999925, 0.0 ], [ 106.128155660000061, -1.85478586399995, 0.0 ], [ 106.12799147700008, -1.854793001999951, 0.0 ], [ 106.127713080000035, -1.854914354999949, 0.0 ], [ 106.127498929000069, -1.854914354999949, 0.0 ], [ 106.127241947000073, -1.855007153999964, 0.0 ], [ 106.127064, -1.855129, 0.0 ], [ 106.126848390000077, -1.855296562999968, 0.0 ], [ 106.12654238600004, -1.855442594999943, 0.0 ], [ 106.126363926000067, -1.855571085999941, 0.0 ], [ 106.126164051000046, -1.85571385399993, 0.0 ], [ 106.126007007000055, -1.855785237999953, 0.0 ], [ 106.125864239000066, -1.855799513999955, 0.0 ], [ 106.125707195000075, -1.85585662099993, 0.0 ], [ 106.125644183000077, -1.855941060999953, 0.0 ], [ 106.125757164000049, -1.855985111999928, 0.0 ], [ 106.125807132000034, -1.856085049999933, 0.0 ], [ 106.125757164000049, -1.856177848999948, 0.0 ], [ 106.125750025000059, -1.856249231999925, 0.0 ], [ 106.125721472000066, -1.85637772299998, 0.0 ], [ 106.125742887000058, -1.856456245999937, 0.0 ], [ 106.125707195000075, -1.856577597999944, 0.0 ], [ 106.125621534000061, -1.856720365999934, 0.0 ], [ 106.125585842000078, -1.856834579999941, 0.0 ], [ 106.125628673000051, -1.856963070999939, 0.0 ], [ 106.125692918000084, -1.857041592999963, 0.0 ], [ 106.125707195000075, -1.857212913999945, 0.0 ], [ 106.125650088000043, -1.857391373999974, 0.0 ], [ 106.12561439600006, -1.857562694999956, 0.0 ], [ 106.125557289000085, -1.857741154999928, 0.0 ], [ 106.125557289000085, -1.857869644999937, 0.0 ], [ 106.125478767000061, -1.857876783999927, 0.0 ], [ 106.125343137000073, -1.857748292999929, 0.0 ], [ 106.125236062000056, -1.857748292999929, 0.0 ], [ 106.125200370000073, -1.857819676999952, 0.0 ], [ 106.125207508000074, -1.857955305999951, 0.0 ], [ 106.12527889200004, -1.858105211999941, 0.0 ], [ 106.125357414000064, -1.858155180999972, 0.0 ], [ 106.125471628000071, -1.858169457999963, 0.0 ], [ 106.125535874000036, -1.858233702999939, 0.0 ], [ 106.125500182000053, -1.858319363999954, 0.0 ], [ 106.125414521000039, -1.858362193999938, 0.0 ], [ 106.12531458400008, -1.858355054999947, 0.0 ], [ 106.125264615000049, -1.858383608999929, 0.0 ], [ 106.125250338000058, -1.858447853999962, 0.0 ], [ 106.12527175300005, -1.858547791999968, 0.0 ], [ 106.125385968000046, -1.858547791999968, 0.0 ], [ 106.125521597000045, -1.858504961999927, 0.0 ], [ 106.125600119000069, -1.858540652999977, 0.0 ], [ 106.125650088000043, -1.858662005999975, 0.0 ], [ 106.125735748000068, -1.858761942999934, 0.0 ], [ 106.125849962000075, -1.858847603999948, 0.0 ], [ 106.125957038000081, -1.858890433999932, 0.0 ], [ 106.12609468800008, -1.858941415999936, 0.0 ], [ 106.126119, -1.859104, 0.0 ], [ 106.126099826000086, -1.859209058999966, 0.0 ], [ 106.125928485000088, -1.859311598999966, 0.0 ], [ 106.125778579000041, -1.859490057999949, 0.0 ], [ 106.125664365000034, -1.859604272999945, 0.0 ], [ 106.125600119000069, -1.859739901999944, 0.0 ], [ 106.125485905000062, -1.859882668999944, 0.0 ], [ 106.125357414000064, -1.859961191999957, 0.0 ], [ 106.12527175300005, -1.860046851999925, 0.0 ], [ 106.125171816000034, -1.86013251299994, 0.0 ], [ 106.125136124000051, -1.860211034999963, 0.0 ], [ 106.125164678000033, -1.860332387999961, 0.0 ], [ 106.125178954000035, -1.860510846999944, 0.0 ], [ 106.125164678000033, -1.860653614999933, 0.0 ], [ 106.125178954000035, -1.860760690999939, 0.0 ], [ 106.125243200000057, -1.860846350999964, 0.0 ], [ 106.125257477000048, -1.860932011999978, 0.0 ], [ 106.125200370000073, -1.861060502999976, 0.0 ], [ 106.125178954000035, -1.861246100999949, 0.0 ], [ 106.125157539000043, -1.861374591999947, 0.0 ], [ 106.125136124000051, -1.861531635999938, 0.0 ], [ 106.125157539000043, -1.861688679999929, 0.0 ], [ 106.125157539000043, -1.861802893999936, 0.0 ], [ 106.125200370000073, -1.862017045999949, 0.0 ], [ 106.125264615000049, -1.862152674999948, 0.0 ], [ 106.125307445000033, -1.862238335999962, 0.0 ], [ 106.125350276000063, -1.862395379999953, 0.0 ], [ 106.125393106000047, -1.86265949999995, 0.0 ], [ 106.125428798000087, -1.862909343999945, 0.0 ], [ 106.125393106000047, -1.863087802999928, 0.0 ], [ 106.125236062000056, -1.863087802999928, 0.0 ], [ 106.125050464000083, -1.863094941999975, 0.0 ], [ 106.125157539000043, -1.863430445999938, 0.0 ], [ 106.125286030000041, -1.863808779999943, 0.0 ], [ 106.125400244000048, -1.863865886999974, 0.0 ], [ 106.125471628000071, -1.86393013299994, 0.0 ], [ 106.125585842000078, -1.864051484999948, 0.0 ], [ 106.125842824000074, -1.863994377999973, 0.0 ], [ 106.12594990000008, -1.864344158999927, 0.0 ], [ 106.126042699000038, -1.864586863999932, 0.0 ], [ 106.126135498000053, -1.864943782999944, 0.0 ], [ 106.126214020000077, -1.865136518999975, 0.0 ], [ 106.126463863000083, -1.865443469999946, 0.0 ], [ 106.126606631000072, -1.865472022999938, 0.0 ], [ 106.126592354000081, -1.865593375999936, 0.0 ], [ 106.126563801000088, -1.865700451999942, 0.0 ], [ 106.126613769000073, -1.865921740999966, 0.0 ], [ 106.126620908000064, -1.866100200999938, 0.0 ], [ 106.126563801000088, -1.866228691999936, 0.0 ], [ 106.126413895000042, -1.866350043999944, 0.0 ], [ 106.12633087100005, -1.866375589999961, 0.0 ], [ 106.126156913000045, -1.866392874999974, 0.0 ], [ 106.126021284000046, -1.866357182999934, 0.0 ], [ 106.125835686000073, -1.86631435299995, 0.0 ], [ 106.125578704000077, -1.866335767999942, 0.0 ], [ 106.125421660000086, -1.86631435299995, 0.0 ], [ 106.125414521000039, -1.866150169999969, 0.0 ], [ 106.125414521000039, -1.866050231999964, 0.0 ], [ 106.125257477000048, -1.866000263999979, 0.0 ], [ 106.125107571000058, -1.866071647999945, 0.0 ], [ 106.124964803000069, -1.866171584999961, 0.0 ], [ 106.12482917400007, -1.866135892999978, 0.0 ], [ 106.124707821000072, -1.866228691999936, 0.0 ], [ 106.12464357600004, -1.866414289999966, 0.0 ], [ 106.124586469000064, -1.866564195999956, 0.0 ], [ 106.124586469000064, -1.866706963999945, 0.0 ], [ 106.124600745000066, -1.866828315999953, 0.0 ], [ 106.124622161000048, -1.866956806999951, 0.0 ], [ 106.12464357600004, -1.867071020999958, 0.0 ], [ 106.124714960000063, -1.867142404999925, 0.0 ], [ 106.12483631200007, -1.867106712999941, 0.0 ], [ 106.124886281000045, -1.866949668999951, 0.0 ], [ 106.124957665000068, -1.866892561999975, 0.0 ], [ 106.125093294000067, -1.86694252999996, 0.0 ], [ 106.125193231000083, -1.86694252999996, 0.0 ], [ 106.125257477000048, -1.866878284999927, 0.0 ], [ 106.125471628000071, -1.866892561999975, 0.0 ], [ 106.125714333000076, -1.866971083999942, 0.0 ], [ 106.125996026000053, -1.867053424999938, 0.0 ], [ 106.126142636000054, -1.867156681999973, 0.0 ], [ 106.126242574000059, -1.867292310999972, 0.0 ], [ 106.126228297000068, -1.867485046999946, 0.0 ], [ 106.126142, -1.867582, 0.0 ], [ 106.126144708000083, -1.867657572999974, 0.0 ], [ 106.125935623000032, -1.867734890999941, 0.0 ], [ 106.125828547000083, -1.867799135999974, 0.0 ], [ 106.125778579000041, -1.867927626999972, 0.0 ], [ 106.125821409000082, -1.868013287999929, 0.0 ], [ 106.126007007000055, -1.868041840999979, 0.0 ], [ 106.126092668000069, -1.868084671999952, 0.0 ], [ 106.126138126000058, -1.868132195999976, 0.0 ], [ 106.126133, -1.868216, 0.0 ], [ 106.126142874000038, -1.86832691199993, 0.0 ], [ 106.126214020000077, -1.868413036999925, 0.0 ], [ 106.126271127000052, -1.868570081999962, 0.0 ], [ 106.126279758000067, -1.868686590999971, 0.0 ], [ 106.126283056000034, -1.868731115999935, 0.0 ], [ 106.126299681000035, -1.868955553999967, 0.0 ], [ 106.126632259000075, -1.868878492999954, 0.0 ], [ 106.126678694000077, -1.868936548999955, 0.0 ], [ 106.126734302000045, -1.869006036999963, 0.0 ], [ 106.126802284000064, -1.869090983999968, 0.0 ], [ 106.126844389000041, -1.869143596999947, 0.0 ], [ 106.127119564000054, -1.869487449999951, 0.0 ], [ 106.127398477000042, -1.869849085999931, 0.0 ], [ 106.127511063000043, -1.870183696999959, 0.0 ], [ 106.12750675400008, -1.87047767599995, 0.0 ], [ 106.127376749000064, -1.871020487999942, 0.0 ], [ 106.12708077700006, -1.871337862999951, 0.0 ], [ 106.126912546000085, -1.87160218899993, 0.0 ], [ 106.126968225000041, -1.871816751999972, 0.0 ], [ 106.127458389000083, -1.872164684999973, 0.0 ], [ 106.12754837600005, -1.87230483299993, 0.0 ], [ 106.127561941000067, -1.872431459999973, 0.0 ], [ 106.127539621000039, -1.872671177999962, 0.0 ], [ 106.127554743000076, -1.873075007999944, 0.0 ], [ 106.12759840700005, -1.873222913999939, 0.0 ], [ 106.127796425000042, -1.873602694999931, 0.0 ], [ 106.127880196000035, -1.873679914999968, 0.0 ], [ 106.128005444000053, -1.873897495999927, 0.0 ], [ 106.128015859000072, -1.874057438999955, 0.0 ], [ 106.128063489000056, -1.874186594999969, 0.0 ], [ 106.128055553000081, -1.874428122999973, 0.0 ], [ 106.128035624000063, -1.874750394999978, 0.0 ], [ 106.127886482000065, -1.874900396999976, 0.0 ], [ 106.127706207000074, -1.875012359999971, 0.0 ], [ 106.127308778000042, -1.875408066999967, 0.0 ], [ 106.127058934000047, -1.875800947999949, 0.0 ], [ 106.126881998000044, -1.87605389099997, 0.0 ], [ 106.126744285000086, -1.876286431999972, 0.0 ], [ 106.126775810000083, -1.876490317999981, 0.0 ], [ 106.126980389000039, -1.876782701999957, 0.0 ], [ 106.126838120000059, -1.876948897999966, 0.0 ], [ 106.126676455000052, -1.877068666999946, 0.0 ], [ 106.126510450000069, -1.877098690999958, 0.0 ], [ 106.126324908000072, -1.877072963999979, 0.0 ], [ 106.12627645300006, -1.877179257999956, 0.0 ], [ 106.126248085000043, -1.877452108999933, 0.0 ], [ 106.126231027000074, -1.877555510999969, 0.0 ], [ 106.126171121000084, -1.877610116999961, 0.0 ], [ 106.126051246000088, -1.877615938999952, 0.0 ], [ 106.125848525000038, -1.877509806999967, 0.0 ], [ 106.125819978000038, -1.877467778999971, 0.0 ], [ 106.125711489000082, -1.877461072999949, 0.0 ], [ 106.125578368000049, -1.877585609999926, 0.0 ], [ 106.125402009000084, -1.877539772999967, 0.0 ], [ 106.125204090000068, -1.877505437999957, 0.0 ], [ 106.125032760000067, -1.877386841999964, 0.0 ], [ 106.124971751000032, -1.877203076999933, 0.0 ], [ 106.12496019200006, -1.876980988999946, 0.0 ], [ 106.124902883000061, -1.876660845999936, 0.0 ], [ 106.124633835000054, -1.876440492999961, 0.0 ], [ 106.12440041900004, -1.876206681999975, 0.0 ], [ 106.124119707000034, -1.876089416999946, 0.0 ], [ 106.123981657000058, -1.875941122999961, 0.0 ], [ 106.123790609000082, -1.875822574999972, 0.0 ], [ 106.123729270000069, -1.87553442799998, 0.0 ], [ 106.123553077000054, -1.875252134999926, 0.0 ], [ 106.123429926000085, -1.875063845999932, 0.0 ], [ 106.123324509000042, -1.874898075999965, 0.0 ], [ 106.12328341400007, -1.874602704999973, 0.0 ], [ 106.123077772000045, -1.874347188999934, 0.0 ], [ 106.122887415000037, -1.874156831999926, 0.0 ], [ 106.122792237000056, -1.874118757999952, 0.0 ], [ 106.122644711000078, -1.874123518999966, 0.0 ], [ 106.122501942000042, -1.874047374999975, 0.0 ], [ 106.122297310000079, -1.873852260999968, 0.0 ], [ 106.122283033000087, -1.873757080999951, 0.0 ], [ 106.122306827000045, -1.873585760999958, 0.0 ], [ 106.122283033000087, -1.873471546999951, 0.0 ], [ 106.122121241000059, -1.873288010999943, 0.0 ], [ 106.121992072000069, -1.873198106999951, 0.0 ], [ 106.121860783000045, -1.873209677999967, 0.0 ], [ 106.121760963000042, -1.873336108999979, 0.0 ], [ 106.121538297000086, -1.873281683999949, 0.0 ], [ 106.121264176000068, -1.873106671999949, 0.0 ], [ 106.121125603000053, -1.872969294999962, 0.0 ], [ 106.12105002800007, -1.872983315999932, 0.0 ], [ 106.120973880000065, -1.873032230999968, 0.0 ], [ 106.120953040000074, -1.873075280999956, 0.0 ], [ 106.120893153000054, -1.873155733999965, 0.0 ], [ 106.120813240000075, -1.873167272999979, 0.0 ], [ 106.120809929000075, -1.873046270999964, 0.0 ], [ 106.120689775000073, -1.872615555999971, 0.0 ], [ 106.120581142000049, -1.872345662999976, 0.0 ], [ 106.12011297500004, -1.872236829999963, 0.0 ], [ 106.119938285000046, -1.872223922999979, 0.0 ], [ 106.11977607700004, -1.872087705999945, 0.0 ], [ 106.11966416000007, -1.872040294999977, 0.0 ], [ 106.119504305000078, -1.872017420999953, 0.0 ], [ 106.118979658000057, -1.871964723999952, 0.0 ], [ 106.118706730000042, -1.871993937999946, 0.0 ], [ 106.118484776000059, -1.872038141999951, 0.0 ], [ 106.118265618000066, -1.872116398999935, 0.0 ], [ 106.117920155000036, -1.872265196999933, 0.0 ], [ 106.117468190000068, -1.872502901999951, 0.0 ], [ 106.117301763000057, -1.872539317999951, 0.0 ], [ 106.117142890000082, -1.872600988999977, 0.0 ], [ 106.117171984000038, -1.872706808999965, 0.0 ], [ 106.117695275000074, -1.87272083299996, 0.0 ], [ 106.117854142000056, -1.872870374999934, 0.0 ], [ 106.117916007000076, -1.872989347999976, 0.0 ], [ 106.117920767000044, -1.873151150999945, 0.0 ], [ 106.117863658000033, -1.873351025999966, 0.0 ], [ 106.117673302000071, -1.873731740999972, 0.0 ], [ 106.117606677000083, -1.873884025999928, 0.0 ], [ 106.117492464000065, -1.874012515999937, 0.0 ], [ 106.117206929000076, -1.874093418999962, 0.0 ], [ 106.116973742000084, -1.874126730999933, 0.0 ], [ 106.116902358000061, -1.874112453999942, 0.0 ], [ 106.116835733000073, -1.874079140999925, 0.0 ], [ 106.116692965000084, -1.873988721999979, 0.0 ], [ 106.116569233000064, -1.873917338999945, 0.0 ], [ 106.116493090000063, -1.873898302999976, 0.0 ], [ 106.11602896800008, -1.873886163999941, 0.0 ], [ 106.116055543000073, -1.873262007999926, 0.0 ], [ 106.115623969000069, -1.873162783999931, 0.0 ], [ 106.116854786000033, -1.865636446999929, 0.0 ], [ 106.117108021000035, -1.862869640999975, 0.0 ], [ 106.117395161000047, -1.859240639999939, 0.0 ], [ 106.11556812300006, -1.859039440999936, 0.0 ], [ 106.115423446000079, -1.858939971999973, 0.0 ], [ 106.115320588000088, -1.858771548999925, 0.0 ], [ 106.115309151000076, -1.858617827999979, 0.0 ], [ 106.115252909000048, -1.858567682999933, 0.0 ], [ 106.112969365000083, -1.85833458999997, 0.0 ], [ 106.11282187900008, -1.858305964999943, 0.0 ], [ 106.11271240800005, -1.858215087999952, 0.0 ], [ 106.112539928000047, -1.858004490999974, 0.0 ], [ 106.112626553000041, -1.857851361999963, 0.0 ], [ 106.112863339000057, -1.857651510999972, 0.0 ], [ 106.112264380000056, -1.856836834999967, 0.0 ], [ 106.112297518000048, -1.856578338999952, 0.0 ], [ 106.112403833000087, -1.856439728999931, 0.0 ], [ 106.112844443000085, -1.856186150999974, 0.0 ], [ 106.112805650000041, -1.856086843999947, 0.0 ], [ 106.112734265000086, -1.85594705099993, 0.0 ], [ 106.112630163000063, -1.855845922999947, 0.0 ], [ 106.112534986000071, -1.85575371799996, 0.0 ], [ 106.112457985000049, -1.855668297999955, 0.0 ], [ 106.112708374000078, -1.855568106999954, 0.0 ], [ 106.112700890000042, -1.855010473999926, 0.0 ], [ 106.112864957000056, -1.854929, 0.0 ], [ 106.112978496000039, -1.854919695999968, 0.0 ], [ 106.113005194000039, -1.854773346999934, 0.0 ], [ 106.112967062000052, -1.854653704999976, 0.0 ], [ 106.112917057000061, -1.854565184999956, 0.0 ], [ 106.112755219000064, -1.854407329999958, 0.0 ], [ 106.112771332000079, -1.854277595999974, 0.0 ], [ 106.112447599000063, -1.854114982999931, 0.0 ], [ 106.11244242500004, -1.85400210499995, 0.0 ], [ 106.112385141000061, -1.853680481999959, 0.0 ], [ 106.112374322000051, -1.853572444999941, 0.0 ], [ 106.112433704000068, -1.853440775999957, 0.0 ], [ 106.112397945000055, -1.85331395399993, 0.0 ], [ 106.112297984000065, -1.853213498999935, 0.0 ], [ 106.112278887000059, -1.853103418999979, 0.0 ], [ 106.112107519000062, -1.852919244999953, 0.0 ], [ 106.111902870000051, -1.852768595999976, 0.0 ], [ 106.111836288000063, -1.852336752999975, 0.0 ], [ 106.111772046000056, -1.851989713999956, 0.0 ], [ 106.111775849000082, -1.851941371999942, 0.0 ], [ 106.11179409600004, -1.851910724999925, 0.0 ], [ 106.11181537300007, -1.851855569999941, 0.0 ], [ 106.111915795000073, -1.851853940999945, 0.0 ], [ 106.112051433000033, -1.852028503999975, 0.0 ], [ 106.112097161000065, -1.852126505999934, 0.0 ], [ 106.112203686000043, -1.852206533999947, 0.0 ], [ 106.112272980000057, -1.852122564999945, 0.0 ], [ 106.112470805000044, -1.852011390999962, 0.0 ], [ 106.112543069000083, -1.851942419999943, 0.0 ], [ 106.112671033000083, -1.852016283999944, 0.0 ], [ 106.112833494000085, -1.851825601999963, 0.0 ], [ 106.112672678000081, -1.85163044899997, 0.0 ], [ 106.112673426000072, -1.85145522199997, 0.0 ], [ 106.112793238000052, -1.85135175399995, 0.0 ], [ 106.112881635000065, -1.851213844999961, 0.0 ], [ 106.112949126000046, -1.851075374999937, 0.0 ], [ 106.112480782000034, -1.850663938999958, 0.0 ], [ 106.112572985000043, -1.850607427999932, 0.0 ], [ 106.112760366000089, -1.85049440399996, 0.0 ], [ 106.112956674000088, -1.850333789999979, 0.0 ], [ 106.113039955000033, -1.850155330999939, 0.0 ], [ 106.113108365000073, -1.849964973999931, 0.0 ], [ 106.113179747000061, -1.849762718999955, 0.0 ], [ 106.113230699000042, -1.84958843499993, 0.0 ], [ 106.113322864000054, -1.849326692999966, 0.0 ], [ 106.113551030000053, -1.84905084299993, 0.0 ], [ 106.113574973000084, -1.848971014999961, 0.0 ], [ 106.113460040000064, -1.848668949999933, 0.0 ], [ 106.113461861000076, -1.848637506999978, 0.0 ], [ 106.113764680000088, -1.848475532999942, 0.0 ], [ 106.114021662000084, -1.848339903999943, 0.0 ], [ 106.114212722000048, -1.84824561299996, 0.0 ], [ 106.114128738000034, -1.848040091999962, 0.0 ], [ 106.114642701000037, -1.847840216999941, 0.0 ], [ 106.114917, -1.848421, 0.0 ], [ 106.115099558000054, -1.848289934999968, 0.0 ], [ 106.115021035000041, -1.848140028999978, 0.0 ], [ 106.11504958900008, -1.848025814999971, 0.0 ], [ 106.115192357000069, -1.84801867699997, 0.0 ], [ 106.11531999500005, -1.848120132999952, 0.0 ], [ 106.115435062000074, -1.848204274999944, 0.0 ], [ 106.115614519000076, -1.847726647999934, 0.0 ], [ 106.115763, -1.847656, 0.0 ], [ 106.115807, -1.847524, 0.0 ], [ 106.115839220000055, -1.847401784999931, 0.0 ], [ 106.116070378000074, -1.847476159999928, 0.0 ], [ 106.116156038000042, -1.847269146999963, 0.0 ], [ 106.116156038000042, -1.847176347999948, 0.0 ], [ 106.116170315000033, -1.847090686999934, 0.0 ], [ 106.116327360000071, -1.847019302999968, 0.0 ], [ 106.116505819000054, -1.84689795099996, 0.0 ], [ 106.116641448000053, -1.846655245999955, 0.0 ], [ 106.116691417000084, -1.846348294999927, 0.0 ], [ 106.116591480000068, -1.846219803999929, 0.0 ], [ 106.116327360000071, -1.846062759999938, 0.0 ], [ 106.116220284000065, -1.845891438999956, 0.0 ], [ 106.116098931000067, -1.845527380999954, 0.0 ], [ 106.116098931000067, -1.845184738999933, 0.0 ], [ 106.116220284000065, -1.844799265999939, 0.0 ], [ 106.116363051000064, -1.844677913999931, 0.0 ], [ 106.11646298900007, -1.844642221999948, 0.0 ], [ 106.116527234000046, -1.844827819999978, 0.0 ], [ 106.116548649000038, -1.845127631999958, 0.0 ], [ 106.116527234000046, -1.845363197999973, 0.0 ], [ 106.116427297000087, -1.845598764999977, 0.0 ], [ 106.116434435000087, -1.845727255999975, 0.0 ], [ 106.116512958000044, -1.845777224999949, 0.0 ], [ 106.116641448000053, -1.845698701999936, 0.0 ], [ 106.116783916000088, -1.845560983999974, 0.0 ], [ 106.117033, -1.84553, 0.0 ], [ 106.117262488000051, -1.845520242999953, 0.0 ], [ 106.117405255000051, -1.845434581999939, 0.0 ], [ 106.117662237000047, -1.845220430999973, 0.0 ], [ 106.117740759000071, -1.84514904699995, 0.0 ], [ 106.117819282000085, -1.845127631999958, 0.0 ], [ 106.117912081000043, -1.845320367999932, 0.0 ], [ 106.117933496000035, -1.845620179999969, 0.0 ], [ 106.117897804000052, -1.845777224999949, 0.0 ], [ 106.117783590000045, -1.845777224999949, 0.0 ], [ 106.117769313000053, -1.846234080999977, 0.0 ], [ 106.118447459000038, -1.846198388999937, 0.0 ], [ 106.118447459000038, -1.846112728999969, 0.0 ], [ 106.118540258000053, -1.846112728999969, 0.0 ], [ 106.118554535000044, -1.84596996099998, 0.0 ], [ 106.118683026000042, -1.845984237999971, 0.0 ], [ 106.118697303000033, -1.846062759999938, 0.0 ], [ 106.118982838000079, -1.846019929999954, 0.0 ], [ 106.119182713000043, -1.845941406999941, 0.0 ], [ 106.119368311000073, -1.845912853999948, 0.0 ], [ 106.119525355000064, -1.845941406999941, 0.0 ], [ 106.119675261000054, -1.845755808999968, 0.0 ], [ 106.119646708000062, -1.845677286999944, 0.0 ], [ 106.119589601000087, -1.845648733999951, 0.0 ], [ 106.119489663000081, -1.845734393999976, 0.0 ], [ 106.119246958000076, -1.845770085999959, 0.0 ], [ 106.119047083000055, -1.845691563999935, 0.0 ], [ 106.11914702100006, -1.845591626999976, 0.0 ], [ 106.119097052000086, -1.845427443999938, 0.0 ], [ 106.118982838000079, -1.845398889999956, 0.0 ], [ 106.118918593000046, -1.845491688999971, 0.0 ], [ 106.118754410000065, -1.845391751999955, 0.0 ], [ 106.118718718000082, -1.845220430999973, 0.0 ], [ 106.118797240000049, -1.844977725999968, 0.0 ], [ 106.118961423000087, -1.844720743999972, 0.0 ], [ 106.119154159000061, -1.844599390999974, 0.0 ], [ 106.119468248000032, -1.844677913999931, 0.0 ], [ 106.119753783000078, -1.844806404999929, 0.0 ], [ 106.119960797000033, -1.844842095999979, 0.0 ], [ 106.120046457000058, -1.844963448999977, 0.0 ], [ 106.12007501100004, -1.845134769999959, 0.0 ], [ 106.119975073000035, -1.845263260999957, 0.0 ], [ 106.119825167000045, -1.845291814999939, 0.0 ], [ 106.119690585000058, -1.845318730999963, 0.0 ], [ 106.119653846000062, -1.845434581999939, 0.0 ], [ 106.119689538000046, -1.845555934999936, 0.0 ], [ 106.11977519900006, -1.845720117999974, 0.0 ], [ 106.119932243000051, -1.845798639999941, 0.0 ], [ 106.120089287000042, -1.845777224999949, 0.0 ], [ 106.12011070300008, -1.845663009999953, 0.0 ], [ 106.120232055000088, -1.845577349999928, 0.0 ], [ 106.120381961000078, -1.845477412999969, 0.0 ], [ 106.120474760000036, -1.845413166999947, 0.0 ], [ 106.12056042100005, -1.845520242999953, 0.0 ], [ 106.120646081000075, -1.845605902999978, 0.0 ], [ 106.120795987000065, -1.845555934999936, 0.0 ], [ 106.120803126000055, -1.845455996999931, 0.0 ], [ 106.12088878600008, -1.845413166999947, 0.0 ], [ 106.121581209000055, -1.845455996999931, 0.0 ], [ 106.121586663000073, -1.845363282999926, 0.0 ], [ 106.121716839000044, -1.845327505999933, 0.0 ], [ 106.121888160000083, -1.845220430999973, 0.0 ], [ 106.122123727000087, -1.845177599999943, 0.0 ], [ 106.122280771000078, -1.845256122999956, 0.0 ], [ 106.122387847000084, -1.845256122999956, 0.0 ], [ 106.122437815000069, -1.845177599999943, 0.0 ], [ 106.122337878000053, -1.845134769999959, 0.0 ], [ 106.122273633000077, -1.845106216999966, 0.0 ], [ 106.122280771000078, -1.845041970999944, 0.0 ], [ 106.122416400000077, -1.845063385999936, 0.0 ], [ 106.122637690000033, -1.845106216999966, 0.0 ], [ 106.122773319000032, -1.845113354999967, 0.0 ], [ 106.122851842000046, -1.845049109999934, 0.0 ], [ 106.122766181000088, -1.844970586999978, 0.0 ], [ 106.12260199800005, -1.844949171999929, 0.0 ], [ 106.122423539000067, -1.844856372999971, 0.0 ], [ 106.122330740000052, -1.844742158999964, 0.0 ], [ 106.122187972000063, -1.844570837999925, 0.0 ], [ 106.122002374000033, -1.844435208999926, 0.0 ], [ 106.12167400800007, -1.844228194999971, 0.0 ], [ 106.121624040000086, -1.843949798999972, 0.0 ], [ 106.121628027000042, -1.843870043999971, 0.0 ], [ 106.121635, -1.84387, 0.0 ], [ 106.121631178000086, -1.843757061999952, 0.0 ], [ 106.12166687000007, -1.843600017999961, 0.0 ], [ 106.121788223000067, -1.843385865999949, 0.0 ], [ 106.121881022000082, -1.843278790999932, 0.0 ], [ 106.122023789000082, -1.843228821999958, 0.0 ], [ 106.122138003000089, -1.84325023699995, 0.0 ], [ 106.122173695000072, -1.843093192999959, 0.0 ], [ 106.122316463000061, -1.842936147999978, 0.0 ], [ 106.122473507000052, -1.842793380999979, 0.0 ], [ 106.12260913700004, -1.842693442999973, 0.0 ], [ 106.122694797000065, -1.842686304999972, 0.0 ], [ 106.122773319000032, -1.842736272999957, 0.0 ], [ 106.122809011000072, -1.842657750999933, 0.0 ], [ 106.122737627000049, -1.842572090999965, 0.0 ], [ 106.122780458000079, -1.842507844999943, 0.0 ], [ 106.122916087000078, -1.842393630999936, 0.0 ], [ 106.123008886000036, -1.842293693999977, 0.0 ], [ 106.123073131000069, -1.842150925999931, 0.0 ], [ 106.123180207000075, -1.841929635999975, 0.0 ], [ 106.12323731400005, -1.841765452999937, 0.0 ], [ 106.12338008200004, -1.84165123899993, 0.0 ], [ 106.12356568000007, -1.841679792999969, 0.0 ], [ 106.123758416000044, -1.841808283999967, 0.0 ], [ 106.123851215000059, -1.841901082999925, 0.0 ], [ 106.123922599000082, -1.841958189999957, 0.0 ], [ 106.124029675000088, -1.842001019999941, 0.0 ], [ 106.124172442000088, -1.842072403999964, 0.0 ], [ 106.124229550000052, -1.842165202999979, 0.0 ], [ 106.124376256000062, -1.842362452999964, 0.0 ], [ 106.124558535000062, -1.842526749999934, 0.0 ], [ 106.124766283000042, -1.842709580999951, 0.0 ] ] ], [ [ [ 106.127398738000068, -1.845547394999926, 0.0 ], [ 106.127315138000085, -1.845552874999953, 0.0 ], [ 106.127244479000069, -1.845552376999933, 0.0 ], [ 106.127172194000082, -1.845538854999973, 0.0 ], [ 106.127097193000054, -1.845494398999961, 0.0 ], [ 106.12702809700005, -1.845405978999963, 0.0 ], [ 106.126943329000085, -1.845270893999952, 0.0 ], [ 106.126860176000037, -1.845128751999937, 0.0 ], [ 106.126767839000081, -1.844964906999962, 0.0 ], [ 106.126645278000069, -1.844771230999925, 0.0 ], [ 106.126535143000069, -1.844609025999944, 0.0 ], [ 106.126443365000057, -1.844475572999954, 0.0 ], [ 106.126414201000046, -1.844415891999972, 0.0 ], [ 106.126413644000081, -1.844387669999946, 0.0 ], [ 106.126431416000059, -1.844344240999931, 0.0 ], [ 106.126485328000058, -1.844302958999947, 0.0 ], [ 106.12656729400004, -1.844271971999945, 0.0 ], [ 106.126669760000084, -1.844246940999938, 0.0 ], [ 106.126812680000057, -1.844222969999976, 0.0 ], [ 106.126972326000043, -1.844208213999934, 0.0 ], [ 106.127163800000062, -1.844200493999949, 0.0 ], [ 106.127278682000053, -1.84419173699996, 0.0 ], [ 106.127347193000048, -1.844206889999953, 0.0 ], [ 106.127413545000081, -1.844220415999928, 0.0 ], [ 106.127486902000044, -1.844223625999973, 0.0 ], [ 106.127559726000072, -1.844236604999935, 0.0 ], [ 106.127599654000051, -1.844258830999934, 0.0 ], [ 106.127666043000033, -1.844330428999967, 0.0 ], [ 106.127712503000055, -1.844447627999955, 0.0 ], [ 106.127744440000072, -1.844627793999962, 0.0 ], [ 106.127739165000037, -1.84481612299993, 0.0 ], [ 106.127718768000079, -1.844974069999978, 0.0 ], [ 106.127669268000034, -1.845170025999948, 0.0 ], [ 106.127613267000072, -1.84531876899996, 0.0 ], [ 106.127561560000061, -1.845434945999955, 0.0 ], [ 106.127487716000076, -1.84551640199993, 0.0 ], [ 106.127398738000068, -1.845547394999926, 0.0 ] ] ], [ [ [ 106.128080861000058, -1.848025495999934, 0.0 ], [ 106.128063983000061, -1.848032498999942, 0.0 ], [ 106.128016378000041, -1.848024505999945, 0.0 ], [ 106.127972764000049, -1.848002073999965, 0.0 ], [ 106.127945536000084, -1.847976456999959, 0.0 ], [ 106.127917710000077, -1.847915028999978, 0.0 ], [ 106.127909153000076, -1.847844533999933, 0.0 ], [ 106.127918276000059, -1.84778605799994, 0.0 ], [ 106.127933954000071, -1.847756559999937, 0.0 ], [ 106.127962646000071, -1.847737518999963, 0.0 ], [ 106.128001727000083, -1.847729343999958, 0.0 ], [ 106.128019087000041, -1.847731114999931, 0.0 ], [ 106.128027802000076, -1.847751135999943, 0.0 ], [ 106.128024634000042, -1.847788142999946, 0.0 ], [ 106.128008646000069, -1.847823185999971, 0.0 ], [ 106.128003350000085, -1.84786429199994, 0.0 ], [ 106.128005856000073, -1.847869895999963, 0.0 ], [ 106.128009764000069, -1.847878636999951, 0.0 ], [ 106.128012974000058, -1.847885814999927, 0.0 ], [ 106.128019277000078, -1.847899911999946, 0.0 ], [ 106.128020825000078, -1.84790337499993, 0.0 ], [ 106.128025178000087, -1.847913110999968, 0.0 ], [ 106.128027655000039, -1.84791864999994, 0.0 ], [ 106.128030141000067, -1.847924209999974, 0.0 ], [ 106.128035758000067, -1.84793575499998, 0.0 ], [ 106.128035945000079, -1.847936139999945, 0.0 ], [ 106.128042084000072, -1.847948756999926, 0.0 ], [ 106.128049944000054, -1.847964910999963, 0.0 ], [ 106.128072649000046, -1.848003294999955, 0.0 ], [ 106.128082247000066, -1.848014061999947, 0.0 ], [ 106.128080861000058, -1.848025495999934, 0.0 ] ] ] ] } },
{ "type": "Feature", "properties": { "OBJECTID": 59057.0, "NAMOBJ": "Surya Timur", "FCODE": "BA03070040", "REMARK": null, "METADATA": "TASWIL1000020221227_DATA_BATAS_DESAKELURAHAN", "SRS_ID": "4326", "KDBBPS": null, "KDCBPS": null, "KDCPUM": "19.01.01", "KDEBPS": null, "KDEPUM": "19.01.01.1011", "KDPBPS": null, "KDPKAB": "19.01", "KDPPUM": "19", "LUASWH": 0.0, "TIPADM": 2.0, "WADMKC": "Sungailiat", "WADMKD": "Surya Timur", "WADMKK": "Bangka", "WADMPR": "Kepulauan Bangka Belitung", "WIADKC": null, "WIADKK": null, "WIADPR": null, "WIADKD": "0", "UUPP": "Hasil Delineasi Batas Desa 2019", "LUAS": 8.38716964 }, "geometry": { "type": "MultiPolygon", "coordinates": [ [ [ [ 106.128710926000053, -1.883782757999938, 0.0 ], [ 106.128570472000035, -1.883924039999954, 0.0 ], [ 106.12849368500008, -1.884355837999976, 0.0 ], [ 106.128225451000048, -1.884462274999976, 0.0 ], [ 106.128271107000046, -1.884841363999954, 0.0 ], [ 106.130027197000061, -1.884942616999979, 0.0 ], [ 106.130232877000083, -1.885210529999938, 0.0 ], [ 106.130392860000086, -1.885432521999974, 0.0 ], [ 106.130644180000047, -1.885654453999962, 0.0 ], [ 106.130766145000052, -1.885937739999974, 0.0 ], [ 106.130903343000057, -1.886236329999974, 0.0 ], [ 106.13101766300008, -1.886466009999936, 0.0 ], [ 106.130941885000084, -1.886986837999928, 0.0 ], [ 106.13079777300004, -1.88776809899997, 0.0 ], [ 106.13076753100006, -1.888082114999975, 0.0 ], [ 106.131644434000066, -1.888158838999971, 0.0 ], [ 106.131886973000064, -1.887869226999953, 0.0 ], [ 106.132138711000039, -1.887905241999931, 0.0 ], [ 106.131744013000059, -1.889226134999944, 0.0 ], [ 106.134235036000064, -1.89051799799995, 0.0 ], [ 106.134940520000043, -1.891070016999947, 0.0 ], [ 106.135785850000048, -1.891781698999978, 0.0 ], [ 106.135928909000086, -1.892242851999924, 0.0 ], [ 106.135707193000087, -1.893723174999934, 0.0 ], [ 106.136339373000055, -1.894833227999925, 0.0 ], [ 106.137135821000072, -1.895523914999956, 0.0 ], [ 106.137376411000048, -1.895418486999972, 0.0 ], [ 106.138994736000086, -1.896765247999951, 0.0 ], [ 106.139488952000079, -1.896421195999949, 0.0 ], [ 106.145639111000037, -1.898099554999931, 0.0 ], [ 106.148635834000061, -1.902801155999953, 0.0 ], [ 106.153699264000068, -1.906026955999948, 0.0 ], [ 106.147119241000041, -1.90687259799995, 0.0 ], [ 106.14444883200008, -1.904658262999931, 0.0 ], [ 106.143068200000073, -1.905655065999952, 0.0 ], [ 106.142942775000051, -1.905902133999973, 0.0 ], [ 106.142663215000084, -1.906146433999936, 0.0 ], [ 106.142354202000035, -1.906237759999954, 0.0 ], [ 106.142155342000081, -1.906436837999934, 0.0 ], [ 106.142046962000052, -1.906566145999932, 0.0 ], [ 106.141952740000079, -1.906517386999951, 0.0 ], [ 106.141860884000039, -1.906387662999975, 0.0 ], [ 106.141333588000066, -1.906868173999953, 0.0 ], [ 106.140463274000069, -1.907244977999937, 0.0 ], [ 106.139478088000033, -1.90726665699998, 0.0 ], [ 106.139155452000068, -1.908786500999952, 0.0 ], [ 106.138760383000033, -1.90895777999998, 0.0 ], [ 106.138517924000041, -1.90919630999997, 0.0 ], [ 106.138492411000072, -1.909463416999927, 0.0 ], [ 106.138589578000051, -1.909644281999931, 0.0 ], [ 106.13841562500005, -1.909888512999942, 0.0 ], [ 106.138230436000072, -1.910225338999965, 0.0 ], [ 106.138144705000059, -1.910253427999976, 0.0 ], [ 106.137790547000066, -1.90991190699998, 0.0 ], [ 106.137233637000065, -1.90942691999993, 0.0 ], [ 106.137105169000051, -1.909389669999939, 0.0 ], [ 106.136440075000053, -1.909329801999945, 0.0 ], [ 106.136214575000054, -1.909312721999925, 0.0 ], [ 106.135834884000076, -1.909209583999939, 0.0 ], [ 106.135649240000077, -1.90903739099997, 0.0 ], [ 106.135443525000085, -1.908724486999972, 0.0 ], [ 106.135366291000082, -1.908468936999952, 0.0 ], [ 106.135307398000066, -1.908228244999975, 0.0 ], [ 106.135231992000058, -1.908245016999956, 0.0 ], [ 106.135116721000088, -1.908383662999938, 0.0 ], [ 106.134817204000058, -1.908666267999934, 0.0 ], [ 106.134613031000072, -1.908891610999945, 0.0 ], [ 106.134356313000069, -1.909513793999963, 0.0 ], [ 106.134032085000058, -1.910146722999968, 0.0 ], [ 106.134323524000081, -1.910294022999949, 0.0 ], [ 106.135156006000045, -1.910417338999935, 0.0 ], [ 106.134766435000074, -1.91104521699998, 0.0 ], [ 106.134719162000067, -1.911499971999945, 0.0 ], [ 106.134557920000077, -1.912265925999975, 0.0 ], [ 106.13432004200007, -1.912237364999953, 0.0 ], [ 106.134091883000053, -1.912519922999934, 0.0 ], [ 106.133701811000037, -1.912548901999969, 0.0 ], [ 106.133135014000061, -1.91307803899997, 0.0 ], [ 106.13235344900005, -1.912743319999947, 0.0 ], [ 106.131182696000053, -1.912006966999968, 0.0 ], [ 106.130211966000047, -1.911605539999925, 0.0 ], [ 106.128908381000088, -1.911434085999929, 0.0 ], [ 106.126063383000087, -1.911139198999933, 0.0 ], [ 106.121725281000067, -1.91084230499996, 0.0 ], [ 106.121382033000089, -1.910740206999947, 0.0 ], [ 106.120940502000053, -1.910644766999951, 0.0 ], [ 106.120309104000057, -1.911200423999958, 0.0 ], [ 106.119596978000061, -1.910511622999934, 0.0 ], [ 106.119509169000082, -1.910082803999956, 0.0 ], [ 106.119295811000086, -1.909719163999966, 0.0 ], [ 106.119112851000068, -1.909282747999953, 0.0 ], [ 106.118808201000036, -1.908991922999974, 0.0 ], [ 106.118408479000038, -1.908812209999951, 0.0 ], [ 106.118035421000059, -1.908666942999957, 0.0 ], [ 106.11789841600006, -1.908670859999972, 0.0 ], [ 106.117608228000051, -1.908674878999932, 0.0 ], [ 106.11740360400006, -1.908574494999925, 0.0 ], [ 106.116984895000087, -1.90845989099995, 0.0 ], [ 106.11651863700007, -1.908378822999964, 0.0 ], [ 106.11588101600006, -1.908139910999978, 0.0 ], [ 106.115619200000083, -1.907876820999945, 0.0 ], [ 106.115390808000086, -1.907805169999961, 0.0 ], [ 106.115048137000088, -1.907570852999925, 0.0 ], [ 106.114748344000077, -1.907432234999931, 0.0 ], [ 106.114557951000052, -1.90726961699994, 0.0 ], [ 106.114495935000036, -1.907001607999973, 0.0 ], [ 106.114476720000084, -1.906714424999961, 0.0 ], [ 106.114367245000039, -1.906623552999974, 0.0 ], [ 106.114233910000053, -1.906641054999966, 0.0 ], [ 106.113897765000047, -1.905647534999957, 0.0 ], [ 106.113132141000051, -1.904612214999929, 0.0 ], [ 106.112808417000053, -1.904248389999964, 0.0 ], [ 106.112591374000033, -1.904068554999981, 0.0 ], [ 106.112275410000052, -1.90393473599994, 0.0 ], [ 106.111818640000081, -1.903812495999944, 0.0 ], [ 106.111507373000052, -1.903650743999947, 0.0 ], [ 106.111331306000068, -1.903506469999968, 0.0 ], [ 106.110680230000071, -1.902527659999976, 0.0 ], [ 106.112137089000043, -1.902002944999936, 0.0 ], [ 106.112398147000079, -1.901088057999971, 0.0 ], [ 106.112448878000066, -1.899983898999949, 0.0 ], [ 106.112125502000083, -1.899225114999979, 0.0 ], [ 106.112107106000053, -1.89857385199997, 0.0 ], [ 106.112736269000038, -1.898365397999953, 0.0 ], [ 106.113535117000083, -1.896402006999949, 0.0 ], [ 106.113668112000084, -1.893498315999977, 0.0 ], [ 106.115222678000066, -1.892420898999944, 0.0 ], [ 106.115133963000062, -1.891708944999948, 0.0 ], [ 106.115088102000072, -1.89087140099997, 0.0 ], [ 106.115355848000036, -1.889998155999933, 0.0 ], [ 106.11576935800008, -1.889471377999939, 0.0 ], [ 106.115822893000086, -1.889118904999975, 0.0 ], [ 106.115652063000084, -1.889082831999929, 0.0 ], [ 106.115723410000044, -1.888187282999979, 0.0 ], [ 106.11460850900005, -1.88794377399995, 0.0 ], [ 106.114859685000056, -1.887093334999975, 0.0 ], [ 106.113375774000076, -1.88618069599994, 0.0 ], [ 106.122948876000066, -1.884455868999964, 0.0 ], [ 106.122912297000084, -1.883488026999942, 0.0 ], [ 106.123487641000054, -1.883478608999951, 0.0 ], [ 106.12416999900006, -1.882121346999952, 0.0 ], [ 106.125258010000039, -1.882500548999928, 0.0 ], [ 106.128710926000053, -1.883782757999938, 0.0 ] ] ] ] } }
]
}
