{
"type": "FeatureCollection",
"name": "pemukiman",
"crs": { "type": "name", "properties": { "name": "urn:ogc:def:crs:OGC:1.3:CRS84" } },
"features": [
{ "type": "Feature", "properties": { "fid": 1, "NAMOBJ": "Airmerapin", "FCODE": null, "REMARK": "Permukiman dan Tempat Kegiatan", "SRS_ID": null, "LCODE": "GA0040", "METADATA": null, "SHAPE_Leng": 0.20382241827, "SHAPE_Area": 8.547972e-05 }, "geometry": { "type": "MultiPolygon", "coordinates": [ [ [ [ 106.106727514000056, -1.881787991999912, 0.0 ], [ 106.106986064000054, -1.881847231999928, 0.0 ], [ 106.107359082000087, -1.881876697999968, 0.0 ], [ 106.107617602000076, -1.881887670999988, 0.0 ], [ 106.108074726000069, -1.882015689999922, 0.0 ], [ 106.108261077000023, -1.882128946999967, 0.0 ], [ 106.108368678000048, -1.882215524999936, 0.0 ], [ 106.108486577000036, -1.88231039199997, 0.0 ], [ 106.108590460000102, -1.882389094, 0.0 ], [ 106.108700524000056, -1.882462399999935, 0.0 ], [ 106.108792853000068, -1.882524121999979, 0.0 ], [ 106.108894661000051, -1.882576701999978, 0.0 ], [ 106.108931266000056, -1.882803400999905, 0.0 ], [ 106.10899663800005, -1.883060094, 0.0 ], [ 106.109002170000068, -1.883213040999959, 0.0 ], [ 106.109670113000078, -1.883220978999906, 0.0 ], [ 106.109633441000071, -1.883872278999971, 0.0 ], [ 106.109801986000065, -1.883848426999951, 0.0 ], [ 106.10976865700006, -1.884452236, 0.0 ], [ 106.109913614000064, -1.884445358999959, 0.0 ], [ 106.10986549900008, -1.885067982999961, 0.0 ], [ 106.109291440000021, -1.885023647999934, 0.0 ], [ 106.108845745000082, -1.88496242400002, 0.0 ], [ 106.10863125900002, -1.884953967999942, 0.0 ], [ 106.108342088000072, -1.884907414999909, 0.0 ], [ 106.107787582000114, -1.884848765999942, 0.0 ], [ 106.106919849000079, -1.884776748999934, 0.0 ], [ 106.106349944000087, -1.884720579, 0.0 ], [ 106.105671736000019, -1.884618779999919, 0.0 ], [ 106.105154981000069, -1.884579969999906, 0.0 ], [ 106.104685254000103, -1.884544050999954, 0.0 ], [ 106.104132850000056, -1.884463313999935, 0.0 ], [ 106.104135334000077, -1.884321932999961, 0.0 ], [ 106.104189979000068, -1.883447938999944, 0.0 ], [ 106.104626905000075, -1.883593620999918, 0.0 ], [ 106.104940560000088, -1.883689981999987, 0.0 ], [ 106.105167133000094, -1.883733635999957, 0.0 ], [ 106.105367478000062, -1.883756728, 0.0 ], [ 106.105568334000068, -1.883776119999919, 0.0 ], [ 106.105825317000026, -1.883802865999912, 0.0 ], [ 106.106224952000048, -1.883856955999947, 0.0 ], [ 106.106493988000096, -1.883878420999946, 0.0 ], [ 106.106933472000051, -1.883927212999898, 0.0 ], [ 106.106947481000049, -1.883689758999968, 0.0 ], [ 106.106954165000076, -1.883483968999905, 0.0 ], [ 106.10696610300009, -1.883283449000012, 0.0 ], [ 106.106984310000087, -1.883044409999951, 0.0 ], [ 106.107010923000061, -1.882835974999936, 0.0 ], [ 106.10702653700011, -1.882646533999982, 0.0 ], [ 106.107051477000041, -1.88234127999995, 0.0 ], [ 106.10684460700007, -1.882326342999957, 0.0 ], [ 106.10663953600006, -1.882247825999944, 0.0 ], [ 106.106511294000114, -1.882179676, 0.0 ], [ 106.106375530000065, -1.882141856999969, 0.0 ], [ 106.106194525000021, -1.882115435999915, 0.0 ], [ 106.10591336100002, -1.882100323, 0.0 ], [ 106.105747425000061, -1.882108012999923, 0.0 ], [ 106.105694649000043, -1.88214217, 0.0 ], [ 106.105664718000057, -1.882525141999975, 0.0 ], [ 106.105642318000065, -1.882885355999936, 0.0 ], [ 106.105434149000075, -1.882884786999978, 0.0 ], [ 106.105232588, -1.882832386, 0.0 ], [ 106.104960120000015, -1.882780032999926, 0.0 ], [ 106.1042375050001, -1.882805033999952, 0.0 ], [ 106.104250472000018, -1.882267359999962, 0.0 ], [ 106.104261623000042, -1.881804946999982, 0.0 ], [ 106.104709496000069, -1.881857190999953, 0.0 ], [ 106.10492593500004, -1.881830787999989, 0.0 ], [ 106.105082656000036, -1.881793166999985, 0.0 ], [ 106.105384949, -1.881796726999924, 0.0 ], [ 106.105610907000042, -1.881792538999933, 0.0 ], [ 106.105821411000051, -1.881792404999922, 0.0 ], [ 106.10598759500003, -1.881788584999961, 0.0 ], [ 106.106187008000106, -1.881769894999924, 0.0 ], [ 106.10638035700002, -1.881769647999904, 0.0 ], [ 106.106587166000082, -1.881765803999941, 0.0 ], [ 106.106727514000056, -1.881787991999912, 0.0 ] ] ], [ [ [ 106.105500088000028, -1.875725855999971, 0.0 ], [ 106.105032928000099, -1.875864548999989, 0.0 ], [ 106.104866969000042, -1.875827440999939, 0.562999999994645 ], [ 106.105041310000075, -1.875627061999968, 0.675600000002305 ], [ 106.105368364000043, -1.875331102, 0.562999999994645 ], [ 106.105500088000028, -1.875725855999971, 0.0 ] ] ], [ [ [ 106.122407126000041, -1.875000003999955, 0.0 ], [ 106.122726389000078, -1.875255266999937, 0.0 ], [ 106.122821129, -1.875800647999943, 0.0 ], [ 106.122670407000058, -1.876281059, 0.0 ], [ 106.122028686000078, -1.876520274999977, 0.0 ], [ 106.121241166000019, -1.87649907299991, 0.0 ], [ 106.121276029000057, -1.876189695999892, 0.0 ], [ 106.12072037500009, -1.876057084999933, 0.0 ], [ 106.120752425, -1.87556589499997, 0.0 ], [ 106.120452975, -1.875424978999946, 0.0 ], [ 106.120468988000084, -1.875159030999968, 0.0 ], [ 106.120641389000042, -1.875024295999922, 0.0 ], [ 106.120693719000116, -1.875137602999971, 0.0 ], [ 106.120757077000022, -1.875260823999953, 0.0 ], [ 106.120825072000059, -1.875367679999912, 0.0 ], [ 106.120912814000036, -1.875469276999969, 0.0 ], [ 106.121021430000042, -1.875542230999966, 0.0 ], [ 106.121156165000087, -1.875606402999947, 0.0 ], [ 106.121292031000053, -1.875625590999936, 0.0 ], [ 106.121491767000066, -1.875638315999923, 0.0 ], [ 106.121650849000076, -1.875638213999914, 0.0 ], [ 106.121803537000105, -1.875631692999908, 0.0 ], [ 106.121921383000085, -1.875600065999955, 0.0 ], [ 106.122005523000027, -1.875538674999938, 0.0 ], [ 106.122097774000025, -1.875435794999952, 0.0 ], [ 106.12216042600005, -1.875354553999981, 0.0 ], [ 106.122228290000066, -1.87525578799998, 0.0 ], [ 106.122313554000115, -1.875122537999968, 0.0 ], [ 106.122405210000053, -1.875002717, 0.0 ], [ 106.122407126000041, -1.875000003999955, 0.0 ] ] ], [ [ [ 106.107633693000082, -1.875100954999959, 0.0 ], [ 106.1073763200001, -1.875336337999983, 0.0 ], [ 106.107295383000064, -1.875289578999934, 0.0 ], [ 106.106992207000118, -1.875658150999965, 0.0 ], [ 106.106722299000069, -1.875440872999929, 0.0 ], [ 106.106838142000072, -1.875290710999939, 0.0 ], [ 106.106917606000067, -1.87519531199995, 0.0 ], [ 106.107036140000019, -1.875000001999955, 0.0 ], [ 106.107188456000102, -1.874773210999931, 0.0 ], [ 106.107282542000064, -1.874641185999931, 0.0 ], [ 106.107366329000072, -1.874529502000017, 0.0 ], [ 106.107460435000036, -1.874430357999896, 0.0 ], [ 106.107710343000022, -1.874815591999973, 0.0 ], [ 106.107508673000041, -1.87491362, 0.0 ], [ 106.107562896000076, -1.875000001999955, 0.0 ], [ 106.107633693000082, -1.875100954999959, 0.0 ] ] ], [ [ [ 106.122407126000041, -1.875000003999955, 0.0 ], [ 106.122141082000056, -1.874865949999966, 0.0 ], [ 106.122685224000037, -1.874380758999966, 0.0 ], [ 106.12351374500011, -1.873875376999895, 0.885699999998906 ], [ 106.12410432700004, -1.874256173999961, 0.333700000002864 ], [ 106.124741399000087, -1.874486163999983, 0.099799999996321 ], [ 106.124738457000021, -1.874539057999919, 0.0 ], [ 106.124738157000081, -1.874646908999961, 0.0 ], [ 106.124744476000075, -1.874771006999926, 0.0 ], [ 106.124765846000059, -1.874884016999951, 0.0 ], [ 106.124783893000043, -1.874977083999924, 0.0 ], [ 106.12478827700005, -1.875, 0.0 ], [ 106.124821619000059, -1.87510419199996, 0.0 ], [ 106.12487880900008, -1.87525124699996, 0.0 ], [ 106.12494349100011, -1.875402351999939, 0.0 ], [ 106.125000001000075, -1.875528533999987, 0.0 ], [ 106.124735685000061, -1.875664198999933, 0.0 ], [ 106.124782216000085, -1.875784845999967, 0.0 ], [ 106.124526145000033, -1.875870915999983, 0.0 ], [ 106.124371208000099, -1.875481038999966, 0.0 ], [ 106.12390175700007, -1.875596206999902, 0.0 ], [ 106.123838309000064, -1.875274136999988, 0.0 ], [ 106.124249653000078, -1.875181829999989, 0.0 ], [ 106.124372233000088, -1.875159632999929, 0.0 ], [ 106.124344558000118, -1.875000000999955, 0.0 ], [ 106.12429154200008, -1.874530971999961, 0.0 ], [ 106.123620500000072, -1.87467074999998, 0.0 ], [ 106.12355125000002, -1.874443418999911, 0.0 ], [ 106.123461693000067, -1.874457885999953, 0.0 ], [ 106.123318175000094, -1.874477552999982, 0.0 ], [ 106.123192278000076, -1.874497579999951, 0.0 ], [ 106.123071898000063, -1.874530528000013, 0.0 ], [ 106.122995193000108, -1.874551635999983, 0.0 ], [ 106.122914074000064, -1.874575324999989, 0.0 ], [ 106.122817555000069, -1.874609732999905, 0.0 ], [ 106.122734249000104, -1.874642295999934, 0.0 ], [ 106.122668928000024, -1.874669301999949, 0.0 ], [ 106.122605447000097, -1.874704429999924, 0.0 ], [ 106.122531693000042, -1.874758036999919, 0.0 ], [ 106.122494628000084, -1.87482338, 0.0 ], [ 106.122466293000045, -1.874892695999958, 0.0 ], [ 106.122450041000036, -1.874933921, 0.0 ], [ 106.122424748000071, -1.874975758999903, 0.0 ], [ 106.122407126000041, -1.875000003999955, 0.0 ] ] ], [ [ [ 106.118253188000068, -1.874505183999958, 0.0 ], [ 106.118210619000095, -1.874799161999946, 0.0 ], [ 106.118017525000099, -1.874782298999972, 0.0 ], [ 106.117988965000052, -1.874897556999916, 0.0 ], [ 106.117288677000019, -1.874812381999974, 0.0 ], [ 106.117278057000121, -1.874864833999962, 0.0 ], [ 106.117257187000078, -1.874942412999897, 0.0 ], [ 106.11724095200006, -1.875, 0.0 ], [ 106.11720059000001, -1.875226374999944, 0.0 ], [ 106.1171694330001, -1.875390606999944, 0.0 ], [ 106.117170946000044, -1.875454092999957, 0.0 ], [ 106.117184786000038, -1.875532080000014, 0.0 ], [ 106.117236575000064, -1.875660305999966, 0.0 ], [ 106.117250425000051, -1.875757359, 0.0 ], [ 106.11725220400011, -1.875844018999978, 0.0 ], [ 106.117243634000019, -1.875918552000017, 0.0 ], [ 106.117210936000063, -1.87600003599992, 0.0 ], [ 106.117252314000027, -1.876384952999971, 0.0 ], [ 106.117654703000099, -1.876321267999942, 0.0 ], [ 106.117845118000048, -1.876282358, 0.0 ], [ 106.118073452000019, -1.876157745999913, 0.0 ], [ 106.118069935000094, -1.876055280999961, 0.0 ], [ 106.118043923000073, -1.875864256999965, 0.0 ], [ 106.118013340000019, -1.875723021999915, 0.0 ], [ 106.117992511000082, -1.87553894199996, 0.0 ], [ 106.118173131, -1.875476302999929, 0.0 ], [ 106.11850969200006, -1.875450035999976, 0.0 ], [ 106.118538500000042, -1.875514275999962, 0.0 ], [ 106.118725487000063, -1.875511261999979, 0.0 ], [ 106.118764188000071, -1.87575148499996, 0.0 ], [ 106.118956886000021, -1.875683627999941, 0.0 ], [ 106.119153623000045, -1.875633714999897, 0.0 ], [ 106.119278998000112, -1.875553744999942, 0.0 ], [ 106.119319203000074, -1.875444883999905, 0.0 ], [ 106.119226031, -1.875149962999928, 0.0 ], [ 106.11972612100007, -1.875000003999955, 0.0 ], [ 106.119768221000101, -1.875083860999966, 0.0 ], [ 106.119860024000047, -1.875195386999956, 0.0 ], [ 106.119943692000049, -1.875291721999933, 0.0 ], [ 106.119922196000047, -1.875405364999922, 0.0 ], [ 106.119900887000057, -1.875538980999964, 0.0 ], [ 106.119861333000074, -1.875682105999904, 0.0 ], [ 106.119839368000029, -1.875778363999964, 0.0 ], [ 106.11980985100007, -1.875872093999903, 0.0 ], [ 106.119782820000054, -1.875917066999894, 0.0 ], [ 106.119685959000037, -1.875994377999985, 0.0 ], [ 106.119592865000058, -1.876057755999988, 0.0 ], [ 106.119421122000062, -1.876138913999953, 0.0 ], [ 106.119212881000067, -1.876222628999952, 0.0 ], [ 106.119002763000083, -1.876322806999981, 0.0 ], [ 106.118876324000013, -1.876398236999916, 0.0 ], [ 106.118658639000031, -1.876472459999929, 0.0 ], [ 106.118751062000044, -1.876726478999985, 0.0 ], [ 106.118579901, -1.876806550999949, 0.0 ], [ 106.118395291000098, -1.876870756999932, 0.0 ], [ 106.118241645000083, -1.876924947999975, 0.0 ], [ 106.118138300000055, -1.877056128999905, 0.0 ], [ 106.118140186000034, -1.87726544, 0.0 ], [ 106.11821509100011, -1.877437662999943, 0.0 ], [ 106.118319776000064, -1.877576941, 0.0 ], [ 106.118420370000038, -1.877712694999961, 0.0 ], [ 106.118435094000105, -1.877897303999959, 0.0 ], [ 106.118436346000024, -1.878027828999923, 0.0 ], [ 106.118126650000079, -1.878033319999934, 0.0 ], [ 106.117995181000126, -1.878043987999928, 0.0 ], [ 106.117998237000023, -1.878256238, 0.0 ], [ 106.118332479000046, -1.878256022999975, 0.0 ], [ 106.118439334000101, -1.878613768, 0.0 ], [ 106.117482308000049, -1.879040840999985, 0.0 ], [ 106.11687305, -1.879031454999919, 0.0 ], [ 106.116678117000035, -1.879040970999907, 0.0 ], [ 106.11640829000001, -1.879054140999931, 0.0 ], [ 106.116405700000058, -1.878867579999949, 0.0 ], [ 106.116194995000029, -1.878846666, 0.0 ], [ 106.116196816000098, -1.878334384999975, 0.0 ], [ 106.115897895000046, -1.878364288999962, 0.0 ], [ 106.115770156000053, -1.878373236, 0.0 ], [ 106.115629196000029, -1.878375225999979, 0.0 ], [ 106.115473745000131, -1.878349364999971, 0.0 ], [ 106.115379954, -1.878305736, 0.0 ], [ 106.11529370600006, -1.87824880499991, 0.0 ], [ 106.11528056000013, -1.878415575999942, 0.0 ], [ 106.115495660000079, -1.878445288, 0.0 ], [ 106.11546140100009, -1.879000024999894, 0.0 ], [ 106.115199329000077, -1.878970342999925, 0.0 ], [ 106.11509094600008, -1.87959228999996, 0.0 ], [ 106.115345590000089, -1.87960207699997, 0.0 ], [ 106.116189101000074, -1.879544652999926, 0.0 ], [ 106.116225836000098, -1.879790056999981, 0.0 ], [ 106.116160858000043, -1.879810801999921, 0.0 ], [ 106.115755996000033, -1.879972822999915, 0.0 ], [ 106.115523187000051, -1.88011637099989, 0.0 ], [ 106.115266963000067, -1.880322021999942, 0.0 ], [ 106.114973367000033, -1.880539935999942, 0.0 ], [ 106.11463113800005, -1.880789358999974, 0.0 ], [ 106.114401083000104, -1.881003888999961, 0.0 ], [ 106.114376957000061, -1.881095064999955, 0.0 ], [ 106.11429190900013, -1.881541148999916, 0.0 ], [ 106.114206749000104, -1.881840634999915, 0.0 ], [ 106.11410800500002, -1.882218105999883, 0.0 ], [ 106.1140156740001, -1.882749421999969, 0.0 ], [ 106.113942447000085, -1.883106468999935, 0.0 ], [ 106.113900495000081, -1.883377695, 0.0 ], [ 106.113706953000047, -1.884410279999899, 0.0 ], [ 106.113620729000019, -1.884885357999949, 0.0 ], [ 106.113514988000063, -1.88537724599997, 0.0 ], [ 106.112948472000085, -1.885347240999974, 0.0 ], [ 106.112102465000078, -1.885287043999967, 0.0 ], [ 106.110976951000026, -1.88517387699993, 0.0 ], [ 106.110666196000082, -1.885139599999936, 0.0 ], [ 106.110665605000023, -1.884780690999905, 0.0 ], [ 106.111191546000029, -1.884831233999912, 0.0 ], [ 106.11126203, -1.88433933999998, 0.0 ], [ 106.111885607000076, -1.884189688999943, 0.0 ], [ 106.111929340000046, -1.884043801999952, 0.0 ], [ 106.112195676000056, -1.884060591, 0.0 ], [ 106.112198903000063, -1.883833320999945, 0.0 ], [ 106.111858411000043, -1.883833538999963, 0.0 ], [ 106.111878423000107, -1.883494319999962, 0.0 ], [ 106.111082756000087, -1.883393068999934, 0.0 ], [ 106.111025587000057, -1.883616981999986, 0.0 ], [ 106.110277139000033, -1.883553011999934, 0.0 ], [ 106.110293796000079, -1.883237539999944, 0.0 ], [ 106.109973527000051, -1.883230960999932, 0.0 ], [ 106.109909275000064, -1.882612673999934, 0.0 ], [ 106.109955856000099, -1.881941986999952, 0.0 ], [ 106.110245792000015, -1.881962152999933, 0.0 ], [ 106.110269328000101, -1.881863767999964, 0.0 ], [ 106.110762471000044, -1.881975769, 0.0 ], [ 106.11079165600006, -1.88182578999993, 0.0 ], [ 106.110864658000068, -1.881463090999941, 0.0 ], [ 106.110954192000108, -1.88107091099991, 0.0 ], [ 106.111893549000015, -1.881236899999966, 0.0 ], [ 106.112714480000093, -1.881413854999953, 0.0 ], [ 106.112602668000079, -1.881831033, 0.0 ], [ 106.113079047000056, -1.881939652999937, 0.0 ], [ 106.113593012000123, -1.882062983999927, 0.0 ], [ 106.113595804000084, -1.882063826, 0.0 ], [ 106.113701129, -1.881908315, 0.0 ], [ 106.113828748000088, -1.881708869999938, 0.0 ], [ 106.113955490000095, -1.881500678999942, 0.0 ], [ 106.113522234000044, -1.881390185999948, 0.0 ], [ 106.113569300000023, -1.881183239999968, 0.0 ], [ 106.113319816000086, -1.88115965499997, 0.0 ], [ 106.113353339000099, -1.880861131999962, 0.0 ], [ 106.113788222000025, -1.880857460999924, 0.0 ], [ 106.113792290000092, -1.880426503999971, 0.0 ], [ 106.114135969000102, -1.880407920999944, 0.0 ], [ 106.114151877, -1.88017542299998, 0.0 ], [ 106.113993425000032, -1.880165348999946, 0.0 ], [ 106.114059866000034, -1.879712098000014, 0.0 ], [ 106.114087413000092, -1.879524188999921, 0.0 ], [ 106.114212144000106, -1.8795207169999, 0.0 ], [ 106.114252303000058, -1.879055978999905, 0.0 ], [ 106.11476131200007, -1.878991202999964, 0.0 ], [ 106.114870534000048, -1.878217995999937, 0.0 ], [ 106.114393345000082, -1.878190912, 0.0 ], [ 106.114395979000037, -1.878090505999958, 0.0 ], [ 106.1138835510001, -1.878079979999975, 0.0 ], [ 106.113880702000031, -1.877838466999976, 0.0 ], [ 106.113217282000036, -1.877885024, 0.0 ], [ 106.113217392000038, -1.878061410999948, 0.0 ], [ 106.113004361, -1.878104966, 0.0 ], [ 106.113013237000118, -1.878323879999905, 0.0 ], [ 106.11303322, -1.878419893999944, 0.0 ], [ 106.113075834000057, -1.878636731999944, 0.0 ], [ 106.113127923, -1.878909501999954, 0.0 ], [ 106.113217752000068, -1.879154269999955, 0.0 ], [ 106.113290787000082, -1.879370039999956, 0.0 ], [ 106.113352803000055, -1.879588973999952, 0.0 ], [ 106.113384316000094, -1.879805813999952, 0.0 ], [ 106.11324473500008, -1.879857123999934, 0.0 ], [ 106.113123721000107, -1.87989541, 0.0 ], [ 106.113005078000057, -1.879932898999898, 0.0 ], [ 106.112905023000039, -1.879964802999962, 0.0 ], [ 106.11282197300001, -1.879991123999919, 0.0 ], [ 106.112715180000052, -1.880000745, 0.0 ], [ 106.112613127000046, -1.880000411999977, 0.0 ], [ 106.112511861000115, -1.8799941089999, 0.0 ], [ 106.112407034000057, -1.879985021999947, 0.0 ], [ 106.111990058000103, -1.879886385999957, 0.0 ], [ 106.11170890400011, -1.879776816999951, 0.0 ], [ 106.111845574000043, -1.879533088999946, 0.0 ], [ 106.112171875000044, -1.879484033999973, 0.0 ], [ 106.112223182000022, -1.879587119999976, 0.0 ], [ 106.112598031000047, -1.879543461, 0.0 ], [ 106.112549318, -1.879277554999942, 0.0 ], [ 106.112285066000084, -1.879356419999984, 0.0 ], [ 106.111993409000021, -1.878746034999929, 0.0 ], [ 106.112128194000078, -1.878645543999963, 0.0 ], [ 106.111974209000039, -1.878238594999954, 0.0 ], [ 106.111863672000126, -1.878298365999926, 0.0 ], [ 106.11167415400007, -1.87789826499995, 0.0 ], [ 106.111288911000088, -1.878170057999967, 0.0 ], [ 106.111610386000038, -1.878659442999958, 0.0 ], [ 106.111335400000115, -1.878822438999944, 0.0 ], [ 106.111001211000087, -1.879191708999945, 0.0 ], [ 106.110848167000128, -1.879489268999962, 0.0 ], [ 106.110591647000035, -1.879356463999987, 0.0 ], [ 106.11047570200013, -1.879280030999969, 0.0 ], [ 106.110175014000021, -1.879021367999973, 0.0 ], [ 106.109839636000075, -1.879204404999929, 0.0 ], [ 106.110084703000012, -1.879602672000019, 0.0 ], [ 106.110397511000045, -1.88018698699996, 0.0 ], [ 106.110469024000011, -1.880320567, 0.0 ], [ 106.110621674000029, -1.880350682, 0.0 ], [ 106.110608325000086, -1.880567781999937, 0.0 ], [ 106.110373695000121, -1.880576072999912, 0.0 ], [ 106.110379192000039, -1.880738888999972, 0.0 ], [ 106.10900108900006, -1.880807611999974, 0.0 ], [ 106.108949751000083, -1.880655679999927, 0.0 ], [ 106.108871212000068, -1.880420257999988, 0.0 ], [ 106.108799837000021, -1.880330607999942, 0.0 ], [ 106.108754125000061, -1.880189218999967, 0.0 ], [ 106.108723587000014, -1.88000508999992, 0.0 ], [ 106.108634663000032, -1.879623842999906, 0.0 ], [ 106.108604537000119, -1.879568891999978, 0.0 ], [ 106.108557507000043, -1.879476539999886, 0.0 ], [ 106.108519730000111, -1.879386335999883, 0.0 ], [ 106.108471988000076, -1.87929399299997, 0.0 ], [ 106.108409322000043, -1.879240683, 0.0 ], [ 106.10829648100011, -1.879183107999943, 0.0 ], [ 106.108176168000014, -1.879122669999917, 0.0 ], [ 106.108055147000044, -1.87906653799998, 0.0 ], [ 106.108247296000044, -1.878680587999932, 0.0 ], [ 106.108500688000049, -1.878487756999964, 0.0 ], [ 106.108727580000078, -1.879038483999968, 0.0 ], [ 106.109253320000064, -1.87877492400001, 0.0 ], [ 106.109299297000049, -1.878978418999972, 0.0 ], [ 106.109444915000012, -1.878951188999939, 0.0 ], [ 106.109509719000044, -1.879073262, 0.0 ], [ 106.109913725000084, -1.878804026999931, 0.0 ], [ 106.109837015000039, -1.878691720999965, 0.0 ], [ 106.10977886000002, -1.878593089999886, 0.0 ], [ 106.109731419000099, -1.878504402, 0.0 ], [ 106.109932720000046, -1.878405433, 0.0 ], [ 106.109870596000064, -1.878256222, 0.0 ], [ 106.110121344000021, -1.878147514999967, 0.0 ], [ 106.110045741000079, -1.878006453999931, 0.0 ], [ 106.110167062000073, -1.877941248999954, 0.0 ], [ 106.109910388000074, -1.87720601299996, 0.0 ], [ 106.110231958000028, -1.877070024999989, 0.0 ], [ 106.1102864490001, -1.877230438999939, 0.0 ], [ 106.11039827700003, -1.877491556999961, 0.0 ], [ 106.110530732000058, -1.877804483, 0.0 ], [ 106.110610449, -1.877973155999929, 0.0 ], [ 106.111180936000039, -1.87765566699995, 0.0 ], [ 106.110999955000068, -1.877202602999945, 0.0 ], [ 106.111183308000051, -1.877140072000011, 0.0 ], [ 106.111113009000093, -1.876857897000023, 0.0 ], [ 106.111563338000053, -1.876759917, 0.0 ], [ 106.111500643000014, -1.876461844999938, 0.0 ], [ 106.111463105000027, -1.876395537999959, 0.0 ], [ 106.111444913000113, -1.876301855999935, 0.0 ], [ 106.110994048000023, -1.876391224999957, 0.0 ], [ 106.110923464000052, -1.875655869999954, 0.0 ], [ 106.110610671000103, -1.875740192999914, 0.0 ], [ 106.11059975100008, -1.875531248999946, 0.0 ], [ 106.110354339000125, -1.875547686999973, 0.0 ], [ 106.110329883000048, -1.875257341999931, 0.0 ], [ 106.110775729000082, -1.875229672999951, 0.0 ], [ 106.110797924000053, -1.875000003999955, 0.0 ], [ 106.110818914, -1.87481996099998, 0.0 ], [ 106.110987074000064, -1.874827632, 0.0 ], [ 106.111024943000089, -1.874605902999943, 0.0 ], [ 106.110863869000084, -1.874600813999966, 0.0 ], [ 106.110872159000067, -1.874460141999962, 0.0 ], [ 106.110796127000086, -1.874451759999979, 0.0 ], [ 106.110815991000038, -1.874276064999919, 0.0 ], [ 106.110701303000056, -1.874267065999974, 0.0 ], [ 106.110707653000048, -1.874116661999964, 0.0 ], [ 106.109699989000063, -1.874082949999928, 0.0 ], [ 106.109682802000066, -1.874413573999928, 0.0 ], [ 106.109785243000019, -1.874416746999924, 0.0 ], [ 106.109819254000072, -1.874191781999962, 0.0 ], [ 106.110206480000059, -1.874232374999946, 0.0 ], [ 106.110213023000057, -1.874384063999973, 0.0 ], [ 106.110289693000098, -1.87439439099994, 0.0 ], [ 106.11029443300005, -1.874753520999989, 0.0 ], [ 106.110061214000027, -1.874761448999934, 0.0 ], [ 106.110066853000049, -1.875000002999955, 0.0 ], [ 106.110071298000065, -1.875112693999953, 0.0 ], [ 106.10933732000008, -1.875122291999948, 0.0 ], [ 106.10937551400005, -1.87581425, 0.0 ], [ 106.109012823000057, -1.875878866999931, 0.0 ], [ 106.109048334000065, -1.875994518, 0.0 ], [ 106.109125148000018, -1.876273993999939, 0.0 ], [ 106.108901236000065, -1.876290824, 0.0 ], [ 106.108669953000017, -1.876321215999938, 0.0 ], [ 106.108476275000072, -1.87634402399996, 0.0 ], [ 106.108292005000095, -1.876376275999964, 0.0 ], [ 106.108134057000086, -1.876399058999895, 0.0 ], [ 106.107965056000054, -1.876430684999936, 0.0 ], [ 106.107871240000108, -1.876465782, 0.0 ], [ 106.107798889000065, -1.876527814999979, 0.0 ], [ 106.107793583000074, -1.876619450999923, 0.0 ], [ 106.107739994000084, -1.876673385999944, 0.0 ], [ 106.107670294000087, -1.876686906, 0.0 ], [ 106.107584505, -1.876697742, 0.0 ], [ 106.107463875000064, -1.876727463999978, 0.0 ], [ 106.107324495000071, -1.876786844, 0.0 ], [ 106.107198723000053, -1.876781695999935, 0.0 ], [ 106.107111105000087, -1.87676040299995, 0.0 ], [ 106.106943545, -1.876901260999969, 0.0 ], [ 106.107235154000051, -1.877438379999913, 0.0 ], [ 106.10754838400004, -1.878046039, 0.0 ], [ 106.107203267000074, -1.878195509999942, 0.0 ], [ 106.10612984800008, -1.878147347999954, 0.0 ], [ 106.105938128000034, -1.877772984999976, 0.0 ], [ 106.105633415000042, -1.877841020999921, 0.0 ], [ 106.105498260000047, -1.877352647999925, 0.0 ], [ 106.105851495000053, -1.877246590999943, 0.0 ], [ 106.105881243000027, -1.877376827999972, 0.0 ], [ 106.1061751350001, -1.877254525999978, 0.0 ], [ 106.106058898000072, -1.876828556, 0.0 ], [ 106.105187960000038, -1.8771140439999, 0.0 ], [ 106.105366250000046, -1.877575251999958, 0.0 ], [ 106.105444648000059, -1.877873704999961, 0.0 ], [ 106.105477298, -1.878329578000021, 0.0 ], [ 106.105827870000056, -1.878277796, 0.0 ], [ 106.1058659320001, -1.878760801999907, 0.0 ], [ 106.105523420000083, -1.878763733999972, 0.0 ], [ 106.10552905900002, -1.879154496999974, 0.0 ], [ 106.106090015000078, -1.879135143999972, 0.0 ], [ 106.106092613000015, -1.878977751, 0.0 ], [ 106.106340738000128, -1.878985732999955, 0.0 ], [ 106.106330032000031, -1.879115995999897, 0.0 ], [ 106.106839764000114, -1.879126525999969, 0.0 ], [ 106.106834423000024, -1.879210651999913, 0.0 ], [ 106.108056151000127, -1.879218013999989, 0.0 ], [ 106.108063951000062, -1.87958692899996, 0.0 ], [ 106.107990643000036, -1.880290492, 0.0 ], [ 106.108338856000074, -1.880289744999936, 0.0 ], [ 106.108278485000042, -1.880737744999966, 0.0 ], [ 106.108518407000091, -1.88073897599998, 0.0 ], [ 106.10861353100006, -1.88101341899995, 0.0 ], [ 106.108406803, -1.88107460799995, 0.0 ], [ 106.108409100000102, -1.881153754999926, 0.0 ], [ 106.107966360000063, -1.881169868000016, 0.0 ], [ 106.107963846000033, -1.880749252999942, 0.0 ], [ 106.107586333000071, -1.880846732999925, 0.0 ], [ 106.107568228000076, -1.880690727999895, 0.0 ], [ 106.107550647000039, -1.880541402999975, 0.0 ], [ 106.107164263000044, -1.880496714999919, 0.0 ], [ 106.106228352000059, -1.880394192999963, 0.0 ], [ 106.105575632000054, -1.880305057999959, 0.0 ], [ 106.105141388, -1.880253774999979, 0.0 ], [ 106.104567328000115, -1.88023600399993, 0.0 ], [ 106.104634071000049, -1.879896003999954, 0.0 ], [ 106.104756137000024, -1.879517500999989, 0.0 ], [ 106.104963249, -1.879187891999984, 0.0 ], [ 106.105081549000033, -1.878933880999928, 0.0 ], [ 106.105124671000041, -1.878702722999987, 0.0 ], [ 106.105123448000128, -1.878401108999989, 0.0 ], [ 106.10507179000011, -1.87815446199992, 0.0 ], [ 106.104947946000081, -1.877783483999957, 0.0 ], [ 106.104829207000108, -1.877337876999946, 0.0 ], [ 106.104730080000081, -1.87695755799992, 0.0 ], [ 106.10505413000007, -1.876759896999908, 0.0 ], [ 106.105152586000045, -1.876714642999983, 0.0 ], [ 106.105274509000097, -1.876661910999972, 0.0 ], [ 106.105431458000027, -1.876597551999976, 0.0 ], [ 106.105553783000019, -1.876524919999917, 0.0 ], [ 106.105752321000111, -1.876421149999946, 0.0 ], [ 106.105941378000026, -1.876320696999895, 0.0 ], [ 106.106057131000014, -1.876263003999918, 0.0 ], [ 106.106150212000074, -1.876206139, 0.0 ], [ 106.106214449000063, -1.876141837999929, 0.0 ], [ 106.106292258000025, -1.876044359999946, 0.0 ], [ 106.106353604000034, -1.875956017999919, 0.0 ], [ 106.106422341000041, -1.875844035999891, 0.0 ], [ 106.106498494000036, -1.875729145999977, 0.0 ], [ 106.106576715000102, -1.87563042699998, 0.0 ], [ 106.106638470000064, -1.875549538999949, 0.0 ], [ 106.106669442000054, -1.875652755999963, 0.0 ], [ 106.106720615000114, -1.875785800999958, 0.0 ], [ 106.10678087200003, -1.87594040499996, 0.0 ], [ 106.106850197000085, -1.876102465999957, 0.0 ], [ 106.106931545000066, -1.876388061999962, 0.0 ], [ 106.107310701000088, -1.876174491999966, 0.0 ], [ 106.107274226000087, -1.876068681999915, 0.0 ], [ 106.107512856000113, -1.875989155999908, 0.0 ], [ 106.108038635000099, -1.875787332, 0.0 ], [ 106.107973460000039, -1.875546617999974, 0.0 ], [ 106.107840808000077, -1.875577800999978, 0.0 ], [ 106.107750571000068, -1.87558365699993, 0.0 ], [ 106.107636855000067, -1.875592024, 0.0 ], [ 106.107554315000087, -1.875328082999922, 0.0 ], [ 106.108156997000037, -1.875, 0.0 ], [ 106.108162576000055, -1.874813875, 0.0 ], [ 106.108584548000053, -1.874768224999962, 0.0 ], [ 106.108582942000012, -1.874272305999964, 0.0 ], [ 106.108384523000026, -1.874294475999933, 0.0 ], [ 106.108378654000077, -1.874182323999979, 0.0 ], [ 106.108106147000086, -1.874212320999974, 0.0 ], [ 106.108104268000019, -1.874299836999932, 0.0 ], [ 106.10761040600002, -1.874261951999906, 0.0 ], [ 106.107730916000037, -1.874144068999922, 1.153200000000652 ], [ 106.108063372000103, -1.874110086999953, 0.667400000005728 ], [ 106.109381978000044, -1.874030850999969, 0.667400000005728 ], [ 106.109937071000061, -1.873985423999941, 0.667400000005728 ], [ 106.110480477000081, -1.873938039999929, 0.667400000005728 ], [ 106.111688077000068, -1.8738765109999, 0.667400000005728 ], [ 106.112241228000102, -1.873844805999942, 0.667400000005728 ], [ 106.113024199000051, -1.873777667999982, 0.667400000005728 ], [ 106.113822727000041, -1.873675240999945, 0.667400000005728 ], [ 106.114381718000104, -1.873625892999947, 0.800900000002002 ], [ 106.115338021000085, -1.873529244999944, 0.0 ], [ 106.115549897000037, -1.873513665999988, 0.0 ], [ 106.115535960000031, -1.873626025999958, 0.0 ], [ 106.115495960000018, -1.873962267999979, 0.0 ], [ 106.115742218000051, -1.87399543499997, 0.0 ], [ 106.115897791000037, -1.873973806999957, 0.0 ], [ 106.116026127000097, -1.873941441999944, 0.0 ], [ 106.116235182000068, -1.87392075599992, 0.0 ], [ 106.116453978000052, -1.873941166999921, 0.0 ], [ 106.116551256000022, -1.873996869999911, 0.0 ], [ 106.116714708000046, -1.874136680999933, 0.0 ], [ 106.116834384000086, -1.874255968999944, 0.0 ], [ 106.116964723000123, -1.874306765999973, 0.0 ], [ 106.117049511000033, -1.874327877999943, 0.0 ], [ 106.117335425000064, -1.874374395999973, 0.0 ], [ 106.117431323000091, -1.874351295999927, 0.0 ], [ 106.117517327000101, -1.874335672999966, 0.0 ], [ 106.117631180000018, -1.874330000999941, 0.0 ], [ 106.117784027000056, -1.874334262999938, 0.0 ], [ 106.117930104000067, -1.87439331799994, 0.0 ], [ 106.118118886000047, -1.874472886999951, 0.0 ], [ 106.118253188000068, -1.874505183999958, 0.0 ] ], [ [ 106.116699464000121, -1.874425603999947, 0.0 ], [ 106.116250836000034, -1.874338719999952, 0.0 ], [ 106.116202462000032, -1.87446655499996, 0.0 ], [ 106.115862504000049, -1.874411369000012, 0.0 ], [ 106.115798194000064, -1.874870152999958, 0.0 ], [ 106.115979530000061, -1.87487446899996, 0.0 ], [ 106.116273240000027, -1.874890063999918, 0.0 ], [ 106.116300999000103, -1.874722080999963, 0.0 ], [ 106.116640932000067, -1.874737375999897, 0.0 ], [ 106.116699464000121, -1.874425603999947, 0.0 ] ], [ [ 106.113028089000096, -1.875000004999955, 0.0 ], [ 106.112073515000077, -1.874874426999956, 0.0 ], [ 106.112061851000092, -1.875000004999955, 0.0 ], [ 106.112065925000067, -1.875131154999971, 0.0 ], [ 106.112103506000068, -1.875244648999947, 0.0 ], [ 106.112122978000087, -1.875415451999957, 0.0 ], [ 106.112131357000067, -1.875644297999973, 0.0 ], [ 106.112146305000067, -1.875825460999953, 0.0 ], [ 106.112190246000054, -1.876179011999985, 0.0 ], [ 106.112300689000051, -1.876183219999978, 0.0 ], [ 106.112330580000034, -1.876439640999966, 0.0 ], [ 106.113243774000097, -1.876336480999957, 0.0 ], [ 106.113248312000024, -1.876802338999956, 0.0 ], [ 106.113018982000057, -1.87687514799994, 0.0 ], [ 106.113057305000027, -1.877016160999973, 0.0 ], [ 106.114068225000011, -1.876964225999939, 0.0 ], [ 106.114139687000062, -1.875788834999942, 0.0 ], [ 106.114572965000022, -1.875809923, 0.0 ], [ 106.11471218200009, -1.875400108999931, 0.0 ], [ 106.114485123000037, -1.875352167999961, 0.0 ], [ 106.11434544600003, -1.87534893799996, 0.0 ], [ 106.11425314500012, -1.875344854999978, 0.0 ], [ 106.114054533000029, -1.875330463999942, 0.0 ], [ 106.11372737800005, -1.875321138999969, 0.0 ], [ 106.11352259700007, -1.875318782999952, 0.0 ], [ 106.113322348000025, -1.875316422999934, 0.0 ], [ 106.113163299000092, -1.875316108999908, 0.0 ], [ 106.113021558000099, -1.875317448000019, 0.0 ], [ 106.113006665000015, -1.875223763999906, 0.0 ], [ 106.113028089000096, -1.875000004999955, 0.0 ] ] ], [ [ [ 106.118253188000068, -1.874505183999958, 0.0 ], [ 106.118416819000103, -1.874163167999904, 0.0 ], [ 106.117865040000098, -1.87386220799996, 0.0 ], [ 106.118012366000031, -1.873339284999948, 0.0 ], [ 106.118067906000093, -1.872716340999919, 0.0 ], [ 106.1181033270001, -1.872575786999925, 0.0 ], [ 106.118218652000053, -1.872509608999956, 0.0 ], [ 106.118166742000099, -1.872164981999952, 0.078099999998813 ], [ 106.118695969000015, -1.872019698000011, 0.0 ], [ 106.118789924000069, -1.872366386999919, 0.0 ], [ 106.119362569000103, -1.872314151999949, 0.0 ], [ 106.119783991000062, -1.872369854999939, 0.0 ], [ 106.120310890000056, -1.872650585999986, 0.0 ], [ 106.120221204000089, -1.87306868099994, 0.0 ], [ 106.120604723000028, -1.873092259999937, 0.0 ], [ 106.121057311000087, -1.87311615599996, 0.0 ], [ 106.121299485000051, -1.8730275, 0.0 ], [ 106.121552906000062, -1.873209557999961, 0.0 ], [ 106.12139485800013, -1.87410289999998, 0.0 ], [ 106.121180669000083, -1.874175681999962, 0.0 ], [ 106.121496906000047, -1.874491092999947, 0.0 ], [ 106.121133815000107, -1.874713501999964, 0.0 ], [ 106.120614124000014, -1.874951545999942, 0.0 ], [ 106.12059011500007, -1.874872420999968, 0.0 ], [ 106.120546990000051, -1.874783862999924, 0.0 ], [ 106.120487157000071, -1.874680568, 0.0 ], [ 106.120404191000048, -1.874610265999949, 0.0 ], [ 106.120307613000051, -1.874539347999943, 0.0 ], [ 106.120215987000023, -1.874465939999909, 0.0 ], [ 106.120134262000093, -1.874396875999968, 0.0 ], [ 106.119952343000051, -1.874408199999928, 0.0 ], [ 106.11996214900006, -1.874236311999916, 0.0 ], [ 106.119964305000067, -1.874163177, 0.0 ], [ 106.1199701070001, -1.874055314999951, 0.0 ], [ 106.119980309000056, -1.873939336999947, 0.0 ], [ 106.119983925, -1.873844410999909, 0.0 ], [ 106.119972134000093, -1.873777563999973, 0.0 ], [ 106.11994422, -1.8737487719999, 0.0 ], [ 106.119915572000124, -1.873724412999928, 0.0 ], [ 106.119906368000073, -1.873684898999945, 0.0 ], [ 106.119907781000094, -1.873602901, 0.0 ], [ 106.119930056000072, -1.873416359000019, 0.0 ], [ 106.119691350000039, -1.87317543299998, 0.0 ], [ 106.119487525000054, -1.873092019999917, 0.0 ], [ 106.119189463000083, -1.873010195999897, 0.0 ], [ 106.118811277000049, -1.872978652999952, 0.0 ], [ 106.118594787000077, -1.873124316000014, 0.0 ], [ 106.118320057000091, -1.87346097499998, 0.0 ], [ 106.118415916000032, -1.873548456000024, 0.0 ], [ 106.118482417000024, -1.873638161999986, 0.0 ], [ 106.118550025000019, -1.873731196999956, 0.0 ], [ 106.118610636000057, -1.873805031999937, 0.0 ], [ 106.118675658000114, -1.873872948999961, 0.0 ], [ 106.118706524000089, -1.873922055999938, 0.0 ], [ 106.118770083000115, -1.874007331999977, 0.0 ], [ 106.118826270000056, -1.874051618999911, 0.0 ], [ 106.118910741000022, -1.87411398699992, 0.0 ], [ 106.1189577640001, -1.874166412, 0.0 ], [ 106.118976505000049, -1.874204435999943, 0.0 ], [ 106.119027803000023, -1.874321631999959, 0.0 ], [ 106.118974610000066, -1.874362759999898, 0.0 ], [ 106.11888122200007, -1.874431303999885, 0.0 ], [ 106.118800192000023, -1.874494248999942, 0.0 ], [ 106.118734634000106, -1.874543470999929, 0.0 ], [ 106.118673394000012, -1.874569046, 0.0 ], [ 106.118523015000093, -1.874559798999948, 0.0 ], [ 106.118387491000078, -1.874541206999919, 0.0 ], [ 106.118253188000068, -1.874505183999958, 0.0 ] ] ] ] } },
{ "type": "Feature", "properties": { "fid": 2, "NAMOBJ": "Cendrawasih", "FCODE": null, "REMARK": "Permukiman dan Tempat Kegiatan", "SRS_ID": null, "LCODE": "GA0040", "METADATA": null, "SHAPE_Leng": 0.02344115208, "SHAPE_Area": 3.97875e-06 }, "geometry": { "type": "MultiPolygon", "coordinates": [ [ [ [ 106.105126391000056, -1.874814575999949, 0.0 ], [ 106.105520205000062, -1.87443559899998, 0.0 ], [ 106.105379336292316, -1.874081540896066, 0.0 ], [ 106.105432999000072, -1.874054791999908, 0.0 ], [ 106.105592609000041, -1.874400418999906, 0.0 ], [ 106.105677075000102, -1.874573650999939, 0.0 ], [ 106.105763054000107, -1.874530331999908, 0.0 ], [ 106.105974924000051, -1.874879080999986, 0.079100000002654 ], [ 106.105818958000029, -1.875000002999955, 0.007599999997183 ], [ 106.105724071000083, -1.875067849999973, 0.079100000002654 ], [ 106.105520216000087, -1.875223743999904, 0.079100000002654 ], [ 106.105368364000043, -1.875331102, 0.562999999994645 ], [ 106.105041310000075, -1.875627061999968, 0.675600000002305 ], [ 106.104866969000042, -1.875827440999939, 0.562999999994645 ], [ 106.104749961000039, -1.87527892299994, 0.0 ], [ 106.104882557000082, -1.875124178999926, 0.0 ], [ 106.104975051000011, -1.875000003999955, 0.0 ], [ 106.104981433, -1.874990711999986, 0.0 ], [ 106.104979590773524, -1.874987302646881, 0.0 ], [ 106.105126391000056, -1.874814575999949, 0.0 ] ] ], [ [ [ 106.104974094555146, -1.873063010071277, 0.0 ], [ 106.105140115000083, -1.872957981999929, 0.0 ], [ 106.105351182000049, -1.873537737999937, 0.0 ], [ 106.105198661535269, -1.873627434636917, 0.0 ], [ 106.104974094555146, -1.873063010071277, 0.0 ] ] ] ] } },
{ "type": "Feature", "properties": { "fid": 3, "NAMOBJ": "Paritpadang", "FCODE": null, "REMARK": "Permukiman dan Tempat Kegiatan", "SRS_ID": null, "LCODE": "GA0040", "METADATA": null, "SHAPE_Leng": 0.14542621602, "SHAPE_Area": 7.071829e-05 }, "geometry": { "type": "MultiPolygon", "coordinates": [ [ [ [ 106.105796012000084, -1.902391080999938, 0.0 ], [ 106.105800643000109, -1.902548107999963, 0.0 ], [ 106.106418862000012, -1.902541123999918, 0.0 ], [ 106.106773280000112, -1.902534816999929, 0.0 ], [ 106.107484381000063, -1.902553271999946, 0.0 ], [ 106.107482720000107, -1.90282453, 0.0 ], [ 106.107431638000051, -1.903293379999988, 0.0 ], [ 106.107413607000069, -1.903981974999941, 0.0 ], [ 106.106870256000065, -1.90381986899994, 0.0 ], [ 106.106479014000016, -1.903710706999967, 0.0 ], [ 106.106055055000112, -1.903613216999894, 0.0 ], [ 106.105472058000018, -1.903590797999905, 0.0 ], [ 106.105471158000029, -1.903757959999969, 0.0 ], [ 106.104989342000039, -1.903720785999913, 0.0 ], [ 106.104975049000103, -1.903411799999927, 0.0 ], [ 106.105187001000047, -1.903417741999974, 0.0 ], [ 106.105287598000118, -1.902956008999962, 0.0 ], [ 106.105148650000075, -1.90295812499996, 0.0 ], [ 106.105018766000072, -1.902963780999895, 0.0 ], [ 106.104788200000101, -1.902976592999978, 0.0 ], [ 106.104711751000082, -1.902621752999928, 0.0 ], [ 106.104660696000025, -1.902296073999893, 0.0 ], [ 106.104698831000078, -1.902097988999935, 0.0 ], [ 106.104790344, -1.901920130999962, 0.0 ], [ 106.104877833000046, -1.901747341999966, 0.0 ], [ 106.104950215000088, -1.901570002999947, 0.0 ], [ 106.105038675000031, -1.901340984999917, 0.0 ], [ 106.105169925000055, -1.901108900999898, 0.0 ], [ 106.105311259000118, -1.900900618999985, 0.0 ], [ 106.105387130000096, -1.900667556999974, 0.0 ], [ 106.105382954, -1.900434040999927, 0.0 ], [ 106.105266439000047, -1.900087128999911, 0.0 ], [ 106.105148472000067, -1.899829877999943, 0.0 ], [ 106.105452988000124, -1.899730398999972, 0.0 ], [ 106.105626424, -1.900129447999949, 0.0 ], [ 106.105643194000052, -1.900375619999978, 0.0 ], [ 106.105646375000049, -1.900626865999894, 0.0 ], [ 106.105663165000109, -1.900904950999988, 0.0 ], [ 106.105646760000084, -1.901232698999928, 0.0 ], [ 106.105589502000043, -1.901443459999958, 0.0 ], [ 106.105479876000032, -1.901636525999945, 0.0 ], [ 106.1053742980001, -1.901862515, 0.0 ], [ 106.105312023000096, -1.902101645999971, 0.0 ], [ 106.105293565000082, -1.902365569999959, 0.0 ], [ 106.105796012000084, -1.902391080999938, 0.0 ] ] ], [ [ [ 106.10462684900007, -1.876596933000013, 0.0 ], [ 106.104730080000081, -1.87695755799992, 0.0 ], [ 106.104829207000108, -1.877337876999946, 0.0 ], [ 106.104947946000081, -1.877783483999957, 0.0 ], [ 106.10507179000011, -1.87815446199992, 0.0 ], [ 106.105123448000128, -1.878401108999989, 0.0 ], [ 106.105124671000041, -1.878702722999987, 0.0 ], [ 106.105081549000033, -1.878933880999928, 0.0 ], [ 106.104963249, -1.879187891999984, 0.0 ], [ 106.104756137000024, -1.879517500999989, 0.0 ], [ 106.104634071000049, -1.879896003999954, 0.0 ], [ 106.104567328000115, -1.88023600399993, 0.0 ], [ 106.104398733000025, -1.880780263999932, 0.0 ], [ 106.104332027000098, -1.88117934, 0.0 ], [ 106.104261623000042, -1.881804946999982, 0.0 ], [ 106.104250472000018, -1.882267359999962, 0.0 ], [ 106.1042375050001, -1.882805033999952, 0.0 ], [ 106.104189979000068, -1.883447938999944, 0.0 ], [ 106.104135334000077, -1.884321932999961, 0.0 ], [ 106.104132850000056, -1.884463313999935, 0.0 ], [ 106.104051676000083, -1.885392668999914, 0.0 ], [ 106.104051782000099, -1.885581687999921, 0.0 ], [ 106.103970754000045, -1.886459678999914, 0.0 ], [ 106.10395594600007, -1.887084104999887, 0.0 ], [ 106.103819509000061, -1.888040825, 0.0 ], [ 106.103717509000063, -1.889254579999972, 0.0 ], [ 106.103683409000084, -1.889922461999988, 0.0 ], [ 106.103655625000087, -1.890320543999974, 0.0 ], [ 106.103632894000071, -1.890710462999906, 0.0 ], [ 106.103597166000043, -1.891323261999983, 0.0 ], [ 106.103625650000097, -1.892057114999951, 0.0 ], [ 106.103687447000055, -1.892282438999943, 0.0 ], [ 106.103940219, -1.892644449999964, 0.0 ], [ 106.10417906000005, -1.892981925, 0.0 ], [ 106.104434374000036, -1.893379443999938, 0.0 ], [ 106.104763506000012, -1.893809104999961, 0.0 ], [ 106.105119430000059, -1.894339447999966, 0.0 ], [ 106.105486493000058, -1.894908877, 0.0 ], [ 106.105853736000057, -1.895469535999944, 0.0 ], [ 106.105751464000036, -1.895527977999984, 0.0 ], [ 106.105429038000096, -1.895744079999923, 0.0 ], [ 106.104999467000084, -1.896164031999942, 0.0 ], [ 106.10473857000008, -1.896462782999969, 0.0 ], [ 106.104559792000117, -1.896711495999942, 0.0 ], [ 106.104485822000029, -1.896809898, 0.0 ], [ 106.104412822000128, -1.896907009999954, 0.0 ], [ 106.104174982000075, -1.897231480999978, 0.0 ], [ 106.104743703000054, -1.897375355999981, 0.0 ], [ 106.105330708000039, -1.897620768999947, 0.0 ], [ 106.105849615000082, -1.897802903999918, 0.0 ], [ 106.106076979000065, -1.897857219999971, 0.0 ], [ 106.106433630000083, -1.897930675999921, 0.0 ], [ 106.106846955, -1.898004727999919, 0.0 ], [ 106.107246907000047, -1.898086485999934, 0.0 ], [ 106.107583075000065, -1.898124326999956, 0.0 ], [ 106.108201167000047, -1.898974725999975, 0.0 ], [ 106.108737526000098, -1.899805684999895, 0.0 ], [ 106.108624572000082, -1.9001847, 0.0 ], [ 106.108288106000131, -1.901216104999976, 0.0 ], [ 106.107829550000119, -1.90111237799992, 0.0 ], [ 106.107614235000071, -1.901809021999918, 0.0 ], [ 106.107502658000072, -1.901791655999902, 0.0 ], [ 106.107151205000036, -1.901736956, 0.0 ], [ 106.107048083000024, -1.902148593999947, 0.0 ], [ 106.106175969000077, -1.902013473999959, 0.0 ], [ 106.10657464300003, -1.899846814999923, 0.0 ], [ 106.107028645000113, -1.899860090999955, 0.0 ], [ 106.107095701000063, -1.899281134000014, 0.0 ], [ 106.106668643000077, -1.899227135999987, 0.0 ], [ 106.106605898000041, -1.899516632999959, 0.0 ], [ 106.105886654000031, -1.899444731999961, 0.0 ], [ 106.105922396000054, -1.89910097899994, 0.0 ], [ 106.105436923000042, -1.89907867799996, 0.0 ], [ 106.105602067000021, -1.898297942999933, 0.0 ], [ 106.104725333000047, -1.897963369999961, 0.0 ], [ 106.104613812000053, -1.898247018999982, 0.0 ], [ 106.103891088000026, -1.897599327999949, 0.0 ], [ 106.103683672000017, -1.89786984999995, 0.0 ], [ 106.103443149, -1.898159605999944, 0.0 ], [ 106.103273909000038, -1.898394219999905, 0.0 ], [ 106.103095130000071, -1.898641015999986, 0.0 ], [ 106.102888987000071, -1.898921784999946, 0.0 ], [ 106.102689846000033, -1.899199990999962, 0.0 ], [ 106.102468435000091, -1.899501909999985, 0.0 ], [ 106.102252143000044, -1.899839076, 0.0 ], [ 106.102123269000046, -1.900028615999955, 0.0 ], [ 106.101348986000104, -1.899483376999961, 0.0 ], [ 106.103905316000052, -1.896256846999983, 0.0 ], [ 106.10488034400008, -1.895026188999943, 0.0 ], [ 106.104469909000045, -1.894602442999965, 0.0 ], [ 106.104059940000056, -1.894913645999957, 0.0 ], [ 106.103238952000069, -1.893879589999931, 0.0 ], [ 106.102765946000019, -1.894519311999926, 0.0 ], [ 106.102529847000113, -1.894458971999907, 0.0 ], [ 106.102221014000051, -1.894340604999972, 0.0 ], [ 106.102005872000106, -1.894253562999965, 0.0 ], [ 106.101812889000115, -1.894125909999972, 0.0 ], [ 106.101143559000079, -1.894497157999958, 0.0 ], [ 106.100255069000099, -1.893509535999955, 0.0 ], [ 106.099778933000053, -1.892537869999939, 0.0 ], [ 106.099615503000024, -1.892550185999981, 0.0 ], [ 106.098705302000042, -1.89260205399992, 0.0 ], [ 106.098682800000034, -1.892843855999943, 0.0 ], [ 106.098212682000039, -1.89279205299992, 0.0 ], [ 106.098201113000059, -1.892235976999918, 0.0 ], [ 106.098419882000044, -1.892216786999929, 0.0 ], [ 106.098654065000062, -1.892181360999929, 0.0 ], [ 106.098874916000042, -1.892131125999946, 0.0 ], [ 106.099074036000076, -1.892090077000014, 0.0 ], [ 106.09931943100004, -1.892041942999939, 0.0 ], [ 106.099547300000069, -1.891999463999977, 0.0 ], [ 106.09975341600007, -1.891933010999897, 0.0 ], [ 106.099990521000066, -1.891895998999943, 0.0 ], [ 106.100046263000053, -1.891933176999911, 0.0 ], [ 106.10014132500001, -1.891950076999977, 0.0 ], [ 106.100449949000065, -1.892049289999925, 0.0 ], [ 106.100641495, -1.892115127999955, 0.0 ], [ 106.100840529000052, -1.892181421999934, 0.0 ], [ 106.100983367000055, -1.892233152999951, 0.0 ], [ 106.101144296000044, -1.892343531999935, 0.0 ], [ 106.101287818000017, -1.892431222, 0.0 ], [ 106.101466502000065, -1.892156789999938, 0.0 ], [ 106.101560083000081, -1.892064537999944, 0.0 ], [ 106.101585723000071, -1.892008800999951, 0.0 ], [ 106.101577066000061, -1.891852788999921, 0.0 ], [ 106.101576994000055, -1.891738308999952, 0.0 ], [ 106.101579900000033, -1.891556961999957, 0.0 ], [ 106.101581768000088, -1.891325973999941, 0.0 ], [ 106.10157008500002, -1.891161353, 0.0 ], [ 106.101542365000029, -1.891111728999889, 0.0 ], [ 106.101720268000093, -1.891126024999918, 0.0 ], [ 106.101990157000046, -1.891188247999914, 0.0 ], [ 106.101876615000066, -1.891530431999983, 0.0 ], [ 106.102608418000045, -1.891564789999983, 0.0 ], [ 106.102573996000032, -1.891865801999931, 0.0 ], [ 106.102848414000093, -1.891865626, 0.0 ], [ 106.102880273000068, -1.891420339999933, 0.0 ], [ 106.103053328000087, -1.891420228999924, 0.0 ], [ 106.103077887000069, -1.891161510999923, 0.0 ], [ 106.102719400000069, -1.891139352999955, 0.0 ], [ 106.102736510000071, -1.890828400999983, 0.0 ], [ 106.10254367600001, -1.890831012000022, 0.0 ], [ 106.1025532620001, -1.890350913999911, 0.0 ], [ 106.102563125000117, -1.890192815999975, 0.0 ], [ 106.102585080000068, -1.889840951999905, 0.0 ], [ 106.102088153000068, -1.889828831999968, 0.0 ], [ 106.102087329000085, -1.889634450999961, 0.0 ], [ 106.102085250000101, -1.889144764999945, 0.0 ], [ 106.10230775200003, -1.889144622999933, 0.0 ], [ 106.102312907000012, -1.889480434999919, 0.0 ], [ 106.102752958000096, -1.88947020399996, 0.0 ], [ 106.102747798000024, -1.889129416999919, 0.0 ], [ 106.102473373000052, -1.88911715499997, 0.0 ], [ 106.102441047000042, -1.88882116, 0.0 ], [ 106.102747593000103, -1.888803551999957, 0.0 ], [ 106.102747524000094, -1.88869410099996, 0.0 ], [ 106.103071387000071, -1.888696381999972, 0.0 ], [ 106.10306899000004, -1.888815785, 0.0 ], [ 106.103335974000018, -1.888788250999935, 0.0 ], [ 106.103318386000069, -1.888340508999925, 0.0 ], [ 106.102559358000065, -1.888256417999984, 0.0 ], [ 106.102544784000102, -1.888666868000016, 0.0 ], [ 106.102168992000102, -1.88864471999996, 0.0 ], [ 106.10217607500006, -1.888114872999908, 0.0 ], [ 106.101674177000106, -1.888060467999936, 0.0 ], [ 106.101576902000048, -1.88830057, 0.0 ], [ 106.101103728000069, -1.888428998999964, 0.0 ], [ 106.101157607000076, -1.888609475999975, 0.0 ], [ 106.101211139000071, -1.88878128299998, 0.0 ], [ 106.101246850000095, -1.888935202999925, 0.0 ], [ 106.101275440000066, -1.88908912499996, 0.0 ], [ 106.101289755, -1.889200097999905, 0.0 ], [ 106.10130046400009, -1.889394328999988, 0.0 ], [ 106.10130765600006, -1.889505305999934, 0.0 ], [ 106.101311299000102, -1.889634184999939, 0.0 ], [ 106.101289984000019, -1.889806694999913, 0.0 ], [ 106.101261622000067, -1.890014354999953, 0.0 ], [ 106.101229563000089, -1.890208765999962, 0.0 ], [ 106.101190466000048, -1.89033767299997, 0.0 ], [ 106.101151368, -1.890462998999948, 0.0 ], [ 106.100663372000042, -1.890381744999975, 0.0 ], [ 106.10071885100011, -1.889256670999967, 0.0 ], [ 106.099319867000077, -1.889376284, 0.0 ], [ 106.099386694000103, -1.888426459999931, 0.0 ], [ 106.098532717000055, -1.888534419999893, 0.0 ], [ 106.09856550100001, -1.888159447999954, 0.0 ], [ 106.098571768000085, -1.888087769999975, 0.0 ], [ 106.099234773000063, -1.888081694999916, 0.0 ], [ 106.09925685600011, -1.887459799999974, 0.0 ], [ 106.098689325000052, -1.887392319999987, 0.0 ], [ 106.098817700000012, -1.886029752999957, 0.0 ], [ 106.098840001000084, -1.88575271899995, 0.0 ], [ 106.098019639000057, -1.885702358999958, 0.0 ], [ 106.097966349000089, -1.885118239999945, 0.0 ], [ 106.09797951100002, -1.884430353999961, 0.0 ], [ 106.098552635000019, -1.88445825799996, 0.0 ], [ 106.098574664000068, -1.883745906999907, 0.0 ], [ 106.100192805000106, -1.883677038999982, 0.0 ], [ 106.100209984000102, -1.884191492999915, 0.0 ], [ 106.100687594000092, -1.884225109999943, 0.0 ], [ 106.100608648000048, -1.883772882999918, 0.0 ], [ 106.101159512000066, -1.883668443999981, 0.0 ], [ 106.101257184000062, -1.883894123999913, 0.0 ], [ 106.101329742000118, -1.884046191999972, 0.0 ], [ 106.101602363000026, -1.884012310999922, 0.0 ], [ 106.10168352900007, -1.884005628999902, 0.0 ], [ 106.101717759000067, -1.884057844999959, 0.0 ], [ 106.101763959000067, -1.884144878999966, 0.0 ], [ 106.102006645000074, -1.884136013999943, 0.0 ], [ 106.102309906000031, -1.884142866999977, 0.0 ], [ 106.102749157000048, -1.884163735999928, 0.0 ], [ 106.102999679000078, -1.884179741, 0.0 ], [ 106.103030600000068, -1.884201285999926, 0.0 ], [ 106.103047531000044, -1.884262215, 0.0 ], [ 106.103066420000104, -1.884020071999942, 0.0 ], [ 106.103358590000113, -1.884017624, 0.0 ], [ 106.103403307000079, -1.88364898999997, 0.0 ], [ 106.103331387000082, -1.883649035999974, 0.0 ], [ 106.103333283000069, -1.883365023999922, 0.0 ], [ 106.103335495000067, -1.883033937999884, 0.0 ], [ 106.104002975000057, -1.883001852999983, 0.0 ], [ 106.10403633100006, -1.882436485999922, 0.0 ], [ 106.103567740000102, -1.882358752999974, 0.0 ], [ 106.103384496000032, -1.882328354999946, 0.0 ], [ 106.103402173000077, -1.88184666899997, 0.0 ], [ 106.103545893000074, -1.881658882999976, 0.0 ], [ 106.103633346000024, -1.881342233999889, 0.0 ], [ 106.103731934000095, -1.880865018999928, 0.0 ], [ 106.103724689000032, -1.88006449499995, 0.0 ], [ 106.104151727000016, -1.880093620999962, 0.0 ], [ 106.104149373000084, -1.879924018999962, 0.0 ], [ 106.103731335000049, -1.879910715999928, 0.0 ], [ 106.103690755000059, -1.879711740999896, 0.0 ], [ 106.103279486000048, -1.879739138999942, 0.0 ], [ 106.103268345000018, -1.879892919999965, 0.0 ], [ 106.102953749, -1.879972267999958, 0.0 ], [ 106.102895258000061, -1.879881849999937, 0.0 ], [ 106.101982969000076, -1.880174147999964, 0.0 ], [ 106.101931204000053, -1.880058849999927, 0.0 ], [ 106.1003087980001, -1.880487280999938, 0.0 ], [ 106.100217120000067, -1.880348146999972, 0.0 ], [ 106.100320149000069, -1.880066493999938, 0.0 ], [ 106.100508840000046, -1.880018947999912, 0.0 ], [ 106.100895062000035, -1.879923851999949, 0.0 ], [ 106.100764876000099, -1.879516179999968, 0.0 ], [ 106.102504169000028, -1.879119333999907, 0.0 ], [ 106.102450031000075, -1.878802773999916, 0.0 ], [ 106.101701773000073, -1.879040694999973, 0.0 ], [ 106.101658968, -1.878875641, 0.0 ], [ 106.101447733000015, -1.878918740999919, 0.0 ], [ 106.101501781000053, -1.879092832999935, 0.0 ], [ 106.101113006000034, -1.879151876000024, 0.0 ], [ 106.100986526000042, -1.878159207999958, 0.0 ], [ 106.101480949000106, -1.878127235999977, 0.0 ], [ 106.10144939400007, -1.877982527, 0.0 ], [ 106.101849435000034, -1.877968704999916, 0.0 ], [ 106.101859305000048, -1.877750438999976, 0.0 ], [ 106.102275853000052, -1.877828056999914, 0.0 ], [ 106.102665324000043, -1.877832748999947, 0.0 ], [ 106.102632981000028, -1.877490196999937, 0.0 ], [ 106.103320555000082, -1.877249600999925, 0.0 ], [ 106.103409729000077, -1.877530408999978, 0.0 ], [ 106.103882982000073, -1.87742631099998, 0.0 ], [ 106.103915946000043, -1.87765517799991, 0.0 ], [ 106.104047223000066, -1.878067308, 0.0 ], [ 106.104653929000094, -1.877891891999956, 0.0 ], [ 106.104520092000115, -1.877354672, 0.0 ], [ 106.104353166000067, -1.877392823999963, 0.0 ], [ 106.104258836000085, -1.876835850999975, 0.0 ], [ 106.103844283000072, -1.87700300399995, 0.0 ], [ 106.103722691000129, -1.876636737999932, 0.0 ], [ 106.103880452000041, -1.876620355999909, 0.0 ], [ 106.103815605000094, -1.876429083999981, 0.0 ], [ 106.104514320000078, -1.876207295999927, 0.0 ], [ 106.1045789450001, -1.876431064999967, 0.0 ], [ 106.10462684900007, -1.876596933000013, 0.0 ] ], [ [ 106.102422943000064, -1.886069710999977, 0.0 ], [ 106.102376993000078, -1.886322146999903, 0.0 ], [ 106.102200783000058, -1.88630959499993, 0.0 ], [ 106.102213501000051, -1.886519443999974, 0.0 ], [ 106.101710052000044, -1.88649805499998, 0.0 ], [ 106.101715652000067, -1.886825499999895, 0.0 ], [ 106.102116584000029, -1.886794489999905, 0.0 ], [ 106.102114880000059, -1.886946455999955, 0.0 ], [ 106.102461890000086, -1.886944424999965, 0.0 ], [ 106.102426159000061, -1.887298715999969, 0.0 ], [ 106.102534543000061, -1.887310749999899, 0.0 ], [ 106.102654813000058, -1.88732878299997, 0.0 ], [ 106.102767704000073, -1.887321663999914, 0.0 ], [ 106.102881420000074, -1.887312048999918, 0.0 ], [ 106.102958053000108, -1.887301642999945, 0.0 ], [ 106.103066824000038, -1.887291206999969, 0.0 ], [ 106.103171070000059, -1.887289476, 0.0 ], [ 106.1032135600001, -1.887366561999987, 0.0 ], [ 106.10322102, -1.887548183, 0.0 ], [ 106.103551870000032, -1.88758144, 0.0 ], [ 106.103583036000117, -1.887108790999975, 0.0 ], [ 106.103814501000087, -1.88706793799997, 0.0 ], [ 106.103836713000064, -1.886651829999914, 0.0 ], [ 106.103202926000023, -1.886654495999957, 0.0 ], [ 106.103200603000104, -1.886534643999899, 0.0 ], [ 106.102865732000012, -1.886539379999935, 0.0 ], [ 106.102905459000013, -1.886155335999956, 0.0 ], [ 106.102422943000064, -1.886069710999977, 0.0 ] ] ] ] } },
{ "type": "Feature", "properties": { "fid": 4, "NAMOBJ": "Paritpadang", "FCODE": null, "REMARK": "Permukiman dan Tempat Kegiatan", "SRS_ID": null, "LCODE": "GA0040", "METADATA": null, "SHAPE_Leng": 0.06670310077, "SHAPE_Area": 0.00010132598 }, "geometry": { "type": "MultiPolygon", "coordinates": [ [ [ [ 106.10986549900008, -1.885067982999961, 0.0 ], [ 106.110666196000082, -1.885139599999936, 0.0 ], [ 106.110976951000026, -1.88517387699993, 0.0 ], [ 106.112102465000078, -1.885287043999967, 0.0 ], [ 106.112948472000085, -1.885347240999974, 0.0 ], [ 106.113514988000063, -1.88537724599997, 0.0 ], [ 106.113341808000129, -1.886224838999934, 0.0 ], [ 106.113216432000058, -1.886839336999974, 0.0 ], [ 106.11303329800009, -1.887855508999942, 0.0 ], [ 106.112866096000019, -1.888667236999958, 0.0 ], [ 106.112709677000041, -1.889402258999934, 0.0 ], [ 106.112515689000077, -1.890491167999969, 0.0 ], [ 106.112409812000109, -1.89099557499996, 0.0 ], [ 106.112179320000038, -1.89231686999995, 0.0 ], [ 106.112080900000066, -1.89280517899994, 0.0 ], [ 106.112009126, -1.893212997999933, 0.0 ], [ 106.111943069000034, -1.893624558999968, 0.0 ], [ 106.111685197000014, -1.895035671999929, 0.0 ], [ 106.111482581000033, -1.896034964999921, 0.0 ], [ 106.111378996000084, -1.896573172999955, 0.0 ], [ 106.111239781000023, -1.897313499999925, 0.0 ], [ 106.111186545000052, -1.897596606, 0.0 ], [ 106.111035750000013, -1.898398143999963, 0.0 ], [ 106.110891630000083, -1.899129821999929, 0.0 ], [ 106.110643186000033, -1.900388315999963, 0.0 ], [ 106.110470603000053, -1.901107568999966, 0.0 ], [ 106.11038504200009, -1.901653182, 0.0 ], [ 106.11039029300008, -1.901898945999986, 0.0 ], [ 106.110010570000014, -1.901717798999919, 0.0 ], [ 106.109692991000117, -1.901198366999929, 0.0 ], [ 106.109280708000099, -1.900607138999949, 0.0 ], [ 106.108953495000037, -1.900134153999983, 0.0 ], [ 106.108737526000098, -1.899805684999895, 0.0 ], [ 106.108201167000047, -1.898974725999975, 0.0 ], [ 106.107583075000065, -1.898124326999956, 0.0 ], [ 106.107424780000116, -1.897786213999958, 0.0 ], [ 106.107025408000112, -1.897216177999955, 0.0 ], [ 106.106682228000039, -1.896682796999966, 0.0 ], [ 106.106320099000101, -1.896160691999932, 0.0 ], [ 106.106039290000055, -1.895759788999979, 0.0 ], [ 106.105853736000057, -1.895469535999944, 0.0 ], [ 106.105486493000058, -1.894908877, 0.0 ], [ 106.105119430000059, -1.894339447999966, 0.0 ], [ 106.104763506000012, -1.893809104999961, 0.0 ], [ 106.104434374000036, -1.893379443999938, 0.0 ], [ 106.10417906000005, -1.892981925, 0.0 ], [ 106.103940219, -1.892644449999964, 0.0 ], [ 106.103687447000055, -1.892282438999943, 0.0 ], [ 106.103625650000097, -1.892057114999951, 0.0 ], [ 106.103597166000043, -1.891323261999983, 0.0 ], [ 106.103632894000071, -1.890710462999906, 0.0 ], [ 106.103655625000087, -1.890320543999974, 0.0 ], [ 106.103683409000084, -1.889922461999988, 0.0 ], [ 106.103717509000063, -1.889254579999972, 0.0 ], [ 106.103819509000061, -1.888040825, 0.0 ], [ 106.10395594600007, -1.887084104999887, 0.0 ], [ 106.103970754000045, -1.886459678999914, 0.0 ], [ 106.104051782000099, -1.885581687999921, 0.0 ], [ 106.104051676000083, -1.885392668999914, 0.0 ], [ 106.104132850000056, -1.884463313999935, 0.0 ], [ 106.104685254000103, -1.884544050999954, 0.0 ], [ 106.105154981000069, -1.884579969999906, 0.0 ], [ 106.105671736000019, -1.884618779999919, 0.0 ], [ 106.106349944000087, -1.884720579, 0.0 ], [ 106.106919849000079, -1.884776748999934, 0.0 ], [ 106.107787582000114, -1.884848765999942, 0.0 ], [ 106.108342088000072, -1.884907414999909, 0.0 ], [ 106.10863125900002, -1.884953967999942, 0.0 ], [ 106.108845745000082, -1.88496242400002, 0.0 ], [ 106.109291440000021, -1.885023647999934, 0.0 ], [ 106.10986549900008, -1.885067982999961, 0.0 ] ], [ [ 106.10788139800006, -1.886977902999981, 0.0 ], [ 106.107834758000109, -1.88711897999993, 0.0 ], [ 106.107477938000073, -1.887102112999956, 0.0 ], [ 106.107318684000035, -1.887233455999898, 0.0 ], [ 106.107506124000096, -1.88746248599993, 0.0 ], [ 106.107821213000051, -1.887876866999933, 0.0 ], [ 106.108034681000035, -1.887554800000019, 0.0 ], [ 106.108170663000095, -1.88764019299989, 0.0 ], [ 106.108145328000049, -1.887879553999977, 0.0 ], [ 106.108680590000105, -1.887956142999919, 0.0 ], [ 106.108710266000074, -1.887870643999951, 0.0 ], [ 106.109271091000025, -1.888066887999934, 0.0 ], [ 106.109296452000081, -1.887870268, 0.0 ], [ 106.108153531000099, -1.887417955999976, 0.0 ], [ 106.108373928000034, -1.886652763, 0.0 ], [ 106.107800386000108, -1.886503544999901, 0.0 ], [ 106.107639166000084, -1.886807097999971, 0.0 ], [ 106.10788139800006, -1.886977902999981, 0.0 ] ], [ [ 106.10993275500006, -1.891634053999941, 0.0 ], [ 106.109930128000101, -1.891674645999925, 0.0 ], [ 106.11032795000007, -1.891599448, 0.0 ], [ 106.110677498000129, -1.891533915, 0.0 ], [ 106.111000841000049, -1.891453499999924, 0.0 ], [ 106.11129459300011, -1.891392587999946, 0.0 ], [ 106.111623642000069, -1.891320193, 0.0 ], [ 106.111898033000031, -1.891252418999984, 0.0 ], [ 106.112311162000111, -1.889723788999981, 0.0 ], [ 106.112006889000071, -1.889537049999984, 0.0 ], [ 106.111746070000081, -1.889363842999953, 0.0 ], [ 106.111416315000056, -1.889171087, 0.0 ], [ 106.110914267000084, -1.888990499999971, 0.0 ], [ 106.110755023000053, -1.888930563999986, 0.0 ], [ 106.110744987000018, -1.888981194999912, 0.0 ], [ 106.110644479000058, -1.889200550999942, 0.0 ], [ 106.110518663000036, -1.889416432999952, 0.0 ], [ 106.110376211000059, -1.889628428, 0.0 ], [ 106.110229607000107, -1.889902636999946, 0.0 ], [ 106.110120597000048, -1.890203162999943, 0.0 ], [ 106.110116517000066, -1.890380285999943, 0.0 ], [ 106.11011664600008, -1.890582709999905, 0.0 ], [ 106.110091606000054, -1.89077671399997, 0.0 ], [ 106.109986805000091, -1.890900234999976, 0.0 ], [ 106.109953324000074, -1.891005684999908, 0.0 ], [ 106.109928308000036, -1.891237643999916, 0.0 ], [ 106.109941029000112, -1.891456927999941, 0.0 ], [ 106.10993275500006, -1.891634053999941, 0.0 ] ], [ [ 106.108533005000055, -1.893085553999957, 0.0 ], [ 106.108557537000038, -1.893309278999905, 0.0 ], [ 106.108694535000012, -1.893282904999944, 0.0 ], [ 106.109125134000109, -1.893310025999967, 0.0 ], [ 106.109373829000077, -1.893251035999882, 0.0 ], [ 106.10951423700007, -1.893219810999963, 0.0 ], [ 106.109639108000096, -1.893183846999919, 0.0 ], [ 106.109633025000036, -1.893037365999967, 0.0 ], [ 106.109656700000045, -1.892857931999953, 0.0 ], [ 106.109698171, -1.892606719999951, 0.0 ], [ 106.109719389000077, -1.892464966999946, 0.0 ], [ 106.108947054000026, -1.892293714999899, 0.0 ], [ 106.109017725000015, -1.892040123999966, 0.0 ], [ 106.108878728000064, -1.892000285999957, 0.0 ], [ 106.108057822, -1.89176500599994, 0.0 ], [ 106.108080560000104, -1.89192506099995, 0.0 ], [ 106.108162218000103, -1.892125612999934, 0.0 ], [ 106.108239956000062, -1.892292282999958, 0.0 ], [ 106.108244301000056, -1.892301592999929, 0.0 ], [ 106.108395148000014, -1.892681380999911, 0.0 ], [ 106.108533005000055, -1.893085553999957, 0.0 ] ] ] ] } },
{ "type": "Feature", "properties": { "fid": 5, "NAMOBJ": "Tunaskelapa", "FCODE": null, "REMARK": "Permukiman dan Tempat Kegiatan", "SRS_ID": null, "LCODE": "GA0040", "METADATA": null, "SHAPE_Leng": 0.01477550702, "SHAPE_Area": 4.61592e-06 }, "geometry": { "type": "MultiPolygon", "coordinates": [ [ [ [ 106.112320474000086, -1.897574490999937, 0.0 ], [ 106.112013538, -1.899794003999905, 0.0 ], [ 106.111714605000046, -1.899768869999957, 0.0 ], [ 106.111589233000061, -1.900528772999949, 0.0 ], [ 106.110643186000033, -1.900388315999963, 0.0 ], [ 106.110891630000083, -1.899129821999929, 0.0 ], [ 106.111035750000013, -1.898398143999963, 0.0 ], [ 106.111186545000052, -1.897596606, 0.0 ], [ 106.111239781000023, -1.897313499999925, 0.0 ], [ 106.111386976000034, -1.897306542999972, 0.0 ], [ 106.111688868000044, -1.897221437999947, 0.0 ], [ 106.112057899000035, -1.896989028, 0.0 ], [ 106.111983768000115, -1.897524053999939, 0.0 ], [ 106.112320474000086, -1.897574490999937, 0.0 ] ] ], [ [ [ 106.115051060000056, -1.897097381999985, 0.0 ], [ 106.114999137000027, -1.897549943999949, 0.0 ], [ 106.114836557000075, -1.897541094999927, 0.0 ], [ 106.114788751000034, -1.897950013999922, 0.0 ], [ 106.114752172000109, -1.898262925999966, 0.0 ], [ 106.11469818100008, -1.89826594499995, 0.0 ], [ 106.114678839000078, -1.898637891, 0.0 ], [ 106.114474766000072, -1.898692946999931, 0.0 ], [ 106.114399091000024, -1.899116868999923, 0.0 ], [ 106.114053352000028, -1.899055637999919, 0.0 ], [ 106.114048078000025, -1.89890584799996, 0.0 ], [ 106.114040862000053, -1.898755406999947, 0.0 ], [ 106.114036255000116, -1.89863687799991, 0.0 ], [ 106.114029701000021, -1.898509883999972, 0.0 ], [ 106.114030906000025, -1.898369857999932, 0.0 ], [ 106.114092312000054, -1.898236957999949, 0.0 ], [ 106.114158275000094, -1.898144433999932, 0.0 ], [ 106.114234587000098, -1.898040179999922, 0.0 ], [ 106.114321252000067, -1.897931360999977, 0.0 ], [ 106.114405308000102, -1.897791934999899, 0.0 ], [ 106.114478994000066, -1.897629067999923, 0.0 ], [ 106.114526133000055, -1.897455796999975, 0.0 ], [ 106.114513085000041, -1.8972949409999, 0.0 ], [ 106.11445604900004, -1.897178398999938, 0.0 ], [ 106.114437863000035, -1.897079418, 0.0 ], [ 106.114470806000014, -1.896971935999908, 0.0 ], [ 106.11473120900007, -1.897028935, 0.0 ], [ 106.115051060000056, -1.897097381999985, 0.0 ] ] ] ] } },
{ "type": "Feature", "properties": { "fid": 6, "NAMOBJ": "Mariagoriti", "FCODE": null, "REMARK": "Permukiman dan Tempat Kegiatan", "SRS_ID": null, "LCODE": "GA0040", "METADATA": null, "SHAPE_Leng": 0.06331773457000001, "SHAPE_Area": 4.568626e-05 }, "geometry": { "type": "MultiPolygon", "coordinates": [ [ [ [ 106.125157539000043, -1.863430445999938, 0.0 ], [ 106.12522219617567, -1.863620825154013, 0.0 ], [ 106.125264479000109, -1.863783156999927, 0.0 ], [ 106.12527577300007, -1.863801719999953, 0.0 ], [ 106.125284295511122, -1.863803672901931, 0.0 ], [ 106.125286030000041, -1.863808779999943, 0.0 ], [ 106.125400244000048, -1.863865886999974, 0.0 ], [ 106.125471628000071, -1.86393013299994, 0.0 ], [ 106.125585842000078, -1.864051484999948, 0.0 ], [ 106.125842824000074, -1.863994377999973, 0.0 ], [ 106.12594990000008, -1.864344158999927, 0.0 ], [ 106.126042699000038, -1.864586863999932, 0.0 ], [ 106.126135498000053, -1.864943782999944, 0.0 ], [ 106.126214020000077, -1.865136518999975, 0.0 ], [ 106.126463863000083, -1.865443469999946, 0.0 ], [ 106.126606631000072, -1.865472022999938, 0.0 ], [ 106.126592354000081, -1.865593375999936, 0.0 ], [ 106.126563801000088, -1.865700451999942, 0.0 ], [ 106.126576006183939, -1.865754504051846, 0.0 ], [ 106.126298468000044, -1.865801110999915, 0.0 ], [ 106.126259046000072, -1.865640646999961, 0.0 ], [ 106.126106892000095, -1.865170989, 0.0 ], [ 106.126067128000088, -1.864973050999969, 0.0 ], [ 106.12598433900007, -1.864968444999943, 0.0 ], [ 106.125893937000058, -1.864966115999928, 0.0 ], [ 106.125807075000068, -1.864961404999982, 0.0 ], [ 106.125692040000047, -1.864957570999931, 0.0 ], [ 106.125583775000067, -1.864955722999956, 0.0 ], [ 106.125505481000062, -1.864951792999897, 0.0 ], [ 106.125423077000093, -1.864945550999914, 0.0 ], [ 106.125301306000054, -1.864936257999944, 0.0 ], [ 106.125203886000065, -1.864923728999973, 0.0 ], [ 106.124999999000082, -1.86486190099992, 0.0 ], [ 106.124722377000111, -1.864656237999957, 0.0 ], [ 106.124692091, -1.864614647999891, 0.0 ], [ 106.124626845000108, -1.864277601999981, 0.0 ], [ 106.124293700000081, -1.864386053999984, 0.0 ], [ 106.124078586000039, -1.864458862999968, 0.0 ], [ 106.123868276000053, -1.864537694, 0.0 ], [ 106.123679219000039, -1.864603448999941, 0.0 ], [ 106.123345643000064, -1.863848493, 0.0 ], [ 106.122846973, -1.864174603999985, 0.0 ], [ 106.122546850000049, -1.864372141999987, 0.0 ], [ 106.122221431000042, -1.864613818999911, 0.0 ], [ 106.121733476000074, -1.864966480999958, 0.0 ], [ 106.121284007000014, -1.865267448999902, 0.0 ], [ 106.12100992200007, -1.865485774999937, 0.0 ], [ 106.120735475000103, -1.865685801999967, 0.0 ], [ 106.120373326000063, -1.865932531999953, 0.0 ], [ 106.120235751000052, -1.866039546999926, 0.0 ], [ 106.120116707000065, -1.866136499999954, 0.0 ], [ 106.119770534000025, -1.866256204, 0.0 ], [ 106.119637548000028, -1.866299344999928, 0.0 ], [ 106.119489236000021, -1.866343572999946, 0.0 ], [ 106.119391542000102, -1.866368392999957, 0.0 ], [ 106.119256427000025, -1.866411535999974, 0.0 ], [ 106.119133071000121, -1.86645646299996, 0.0 ], [ 106.119036317000024, -1.866505179999906, 0.0 ], [ 106.118632695000116, -1.866704411999959, 0.0 ], [ 106.118530996000047, -1.866764367999946, 0.0 ], [ 106.118427406000094, -1.866848239999958, 0.0 ], [ 106.118319753000065, -1.86690432799998, 0.0 ], [ 106.118167194000051, -1.866970909999982, 0.0 ], [ 106.11807465800004, -1.867005268999983, 0.0 ], [ 106.117987877000047, -1.867016142999906, 0.0 ], [ 106.117918920000122, -1.867023305999965, 0.0 ], [ 106.117766050000085, -1.86701047799997, 0.0 ], [ 106.117523232000067, -1.866975283999989, 0.0 ], [ 106.117203844000102, -1.86693353499991, 0.0 ], [ 106.11693427100009, -1.866895715999889, 0.0 ], [ 106.116783505000058, -1.866884206999914, 0.0 ], [ 106.116653176000014, -1.866870148, 0.0 ], [ 106.11666454300007, -1.866812497999931, 0.0 ], [ 106.116750172000053, -1.866500291999945, 0.0 ], [ 106.116808078000048, -1.866133008999932, 0.0 ], [ 106.116889251000103, -1.865599878999963, 0.0 ], [ 106.116969518000076, -1.864983358999933, 0.0 ], [ 106.117042093000038, -1.863956367999958, 0.0 ], [ 106.11710486300008, -1.863121882999924, 0.0 ], [ 106.117146260000041, -1.862800606999898, 0.0 ], [ 106.117157387000077, -1.862632228999911, 0.0 ], [ 106.117160379000055, -1.862586941999983, 0.0 ], [ 106.117199788000036, -1.861855787999972, 0.0 ], [ 106.117234059000026, -1.861372185999927, 0.0 ], [ 106.117267252000019, -1.860789634999954, 0.0 ], [ 106.117297159000103, -1.860316834999915, 0.0 ], [ 106.117302872000039, -1.860212911999931, 0.0 ], [ 106.117323369000047, -1.859839985999984, 0.0 ], [ 106.117329519000108, -1.859781434999936, 0.0 ], [ 106.117388425000101, -1.859220607999895, 0.0 ], [ 106.117447437000095, -1.858596531999951, 0.0 ], [ 106.117468422000059, -1.858344230999948, 0.0 ], [ 106.117495953000031, -1.857822468999943, 0.0 ], [ 106.117543802000071, -1.857188168999952, 0.0 ], [ 106.117588483000048, -1.856761654999922, 0.0 ], [ 106.11771799200001, -1.856767252999941, 0.0 ], [ 106.117928680000034, -1.856745924999953, 0.0 ], [ 106.11814963800002, -1.8567023479999, 0.0 ], [ 106.118423012000079, -1.856655110999989, 0.0 ], [ 106.118602344000081, -1.856620351999955, 0.0 ], [ 106.118972843, -1.856571514999911, 0.0 ], [ 106.119234377000069, -1.856551818999969, 0.0 ], [ 106.119358549000125, -1.85653299800001, 0.0 ], [ 106.11941015900004, -1.856532964999919, 0.0 ], [ 106.119432665000048, -1.856539978999966, 0.0 ], [ 106.119456355000054, -1.856558316999974, 0.0 ], [ 106.119470333000052, -1.856571587, 0.0 ], [ 106.119666012000081, -1.856728039999983, 0.0 ], [ 106.120011540000064, -1.856983571999899, 0.0 ], [ 106.120147799000065, -1.857072509999974, 0.0 ], [ 106.120289467000063, -1.85711420099996, 0.0 ], [ 106.120680307000072, -1.857219376999958, 0.0 ], [ 106.121031947000034, -1.857316373, 0.0 ], [ 106.121177992000028, -1.857370471999936, 0.0 ], [ 106.121526462000091, -1.857530814999969, 0.0 ], [ 106.121632850000097, -1.857621726999942, 0.0 ], [ 106.121730700000029, -1.857716931, 0.0 ], [ 106.12181109, -1.857809812999961, 0.0 ], [ 106.121880995000112, -1.857896062, 0.0 ], [ 106.121937310000064, -1.857970605999943, 0.0 ], [ 106.121986642000067, -1.85805334999995, 0.0 ], [ 106.122028608000065, -1.858140783999901, 0.0 ], [ 106.122071744, -1.85824656999995, 0.0 ], [ 106.122107141000086, -1.858366815999951, 0.0 ], [ 106.122123159000083, -1.858550320999947, 0.0 ], [ 106.122149126000096, -1.859112959999959, 0.0 ], [ 106.122188234000049, -1.859586564999977, 0.0 ], [ 106.122218320000044, -1.859909459999959, 0.0 ], [ 106.122232412000059, -1.860103512999939, 0.0 ], [ 106.122233794000081, -1.860454150999908, 0.0 ], [ 106.122257705000024, -1.860821561999932, 0.0 ], [ 106.121635067000014, -1.861005266999944, 0.0 ], [ 106.121259193000085, -1.861126472999936, 0.0 ], [ 106.121301564000049, -1.861258690999951, 0.0 ], [ 106.121368809000018, -1.861262238999889, 0.0 ], [ 106.121408127000066, -1.861413932999917, 0.0 ], [ 106.121246173000074, -1.861478114999987, 0.0 ], [ 106.12137631200001, -1.861851700999989, 0.0 ], [ 106.121503635000067, -1.86179933599992, 0.0 ], [ 106.121595116, -1.862057055999927, 0.0 ], [ 106.121717324000073, -1.862002387999934, 0.0 ], [ 106.121800891000063, -1.861943637999958, 0.0 ], [ 106.121861056000057, -1.86189574, 0.0 ], [ 106.12193051500013, -1.861845601999929, 0.0 ], [ 106.121764206000037, -1.861406533000015, 0.0 ], [ 106.121943488000042, -1.861349521999917, 0.0 ], [ 106.12192000400006, -1.861274187999901, 0.0 ], [ 106.122314715000115, -1.861129903999953, 0.0 ], [ 106.122381456000042, -1.861373203000011, 0.0 ], [ 106.122522196000048, -1.861794813, 0.0 ], [ 106.122802412000055, -1.862472084999983, 0.0 ], [ 106.123012244, -1.862916299999967, 0.0 ], [ 106.12313396100005, -1.863241751999984, 0.0 ], [ 106.123143845000058, -1.863241264999943, 0.0 ], [ 106.123396881000033, -1.863233250999902, 0.0 ], [ 106.123449520000037, -1.863329936, 0.0 ], [ 106.123920845000043, -1.863274011999988, 0.0 ], [ 106.124613961000108, -1.863254766999906, 0.0 ], [ 106.124732862000087, -1.863259547999946, 0.0 ], [ 106.124875180000046, -1.863261328999916, 0.0 ], [ 106.124999998000078, -1.863257953, 0.0 ], [ 106.125098332662404, -1.863244931518412, 0.0 ], [ 106.125157539000043, -1.863430445999938, 0.0 ] ], [ [ 106.120153154000064, -1.865158469999945, 0.0 ], [ 106.121709341000027, -1.864006274, 0.0 ], [ 106.121992805000033, -1.863821428999896, 0.0 ], [ 106.122483475000053, -1.863624321000018, 0.0 ], [ 106.122448598000091, -1.863387993999916, 0.0 ], [ 106.12257287000007, -1.863341012999936, 0.0 ], [ 106.122549876000036, -1.863116646000024, 0.0 ], [ 106.122011660000084, -1.863287117999918, 0.0 ], [ 106.122080450000098, -1.863671479999923, 0.0 ], [ 106.121852937000099, -1.863769099999918, 0.0 ], [ 106.121762302000064, -1.863527299999896, 0.0 ], [ 106.121277106000065, -1.863706936999926, 0.0 ], [ 106.121168138000101, -1.863376864999972, 0.0 ], [ 106.12239614500001, -1.862821545999943, 0.0 ], [ 106.122335600000071, -1.862466603999974, 0.0 ], [ 106.121764226000039, -1.862675359999927, 0.0 ], [ 106.121205569000011, -1.862903662999899, 0.0 ], [ 106.12112156200007, -1.86275006199998, 0.0 ], [ 106.121289317, -1.862662158999989, 0.0 ], [ 106.121144184000073, -1.862316813999926, 0.0 ], [ 106.120523655000071, -1.861941660999972, 0.0 ], [ 106.120131941000082, -1.862788178999936, 0.0 ], [ 106.12030157000008, -1.863687698000022, 0.0 ], [ 106.119581994000058, -1.864198087999974, 0.0 ], [ 106.120153154000064, -1.865158469999945, 0.0 ] ], [ [ 106.125056977000085, -1.863895449999981, 0.0 ], [ 106.124999997000074, -1.86391212999994, 0.0 ], [ 106.125044768000052, -1.864081259999989, 0.0 ], [ 106.12527948600011, -1.864001964999912, 0.0 ], [ 106.125235237000084, -1.863868577999978, 0.0 ], [ 106.125191095000076, -1.863883403999961, 0.0 ], [ 106.125152827000107, -1.86376804699992, 0.0 ], [ 106.125032296000086, -1.863808527999894, 0.0 ], [ 106.125056977000085, -1.863895449999981, 0.0 ] ], [ [ 106.117344189000079, -1.866258985999964, 0.0 ], [ 106.117213400000097, -1.866248695, 0.0 ], [ 106.117212306000098, -1.866566987999957, 0.0 ], [ 106.117941633000044, -1.866589216999931, 0.0 ], [ 106.117944795000128, -1.866499755, 0.0 ], [ 106.118103925000057, -1.866489928999976, 0.0 ], [ 106.118111707000082, -1.866569008999947, 0.0 ], [ 106.118637992000103, -1.86643772099992, 0.0 ], [ 106.118632737000027, -1.866287333999911, 0.0 ], [ 106.118871828000096, -1.86618582599995, 0.0 ], [ 106.118777115000071, -1.866005718999969, 0.0 ], [ 106.118688113000076, -1.865858731999976, 0.0 ], [ 106.117814930000037, -1.865918348999934, 0.0 ], [ 106.117810564000123, -1.866134863999908, 0.0 ], [ 106.117350567000074, -1.866151367999941, 0.0 ], [ 106.117344189000079, -1.866258985999964, 0.0 ] ], [ [ 106.125951412000106, -1.864733455999951, 0.0 ], [ 106.125955857000022, -1.86466259799995, 0.0 ], [ 106.125982096000072, -1.86466426299991, 0.0 ], [ 106.125985460000081, -1.864610632999914, 0.0 ], [ 106.125558190000078, -1.864583499999978, 0.0 ], [ 106.125550382000057, -1.864707987999975, 0.0 ], [ 106.125951412000106, -1.864733455999951, 0.0 ] ] ] ] } },
{ "type": "Feature", "properties": { "fid": 7, "NAMOBJ": "Paritpekir", "FCODE": null, "REMARK": "Permukiman dan Tempat Kegiatan", "SRS_ID": null, "LCODE": "GA0040", "METADATA": null, "SHAPE_Leng": 0.08645592848, "SHAPE_Area": 5.483372e-05 }, "geometry": { "type": "MultiPolygon", "coordinates": [ [ [ [ 106.124714960000063, -1.867142404999925, 0.0 ], [ 106.12483631200007, -1.867106712999941, 0.0 ], [ 106.124886281000045, -1.866949668999951, 0.0 ], [ 106.124948932273824, -1.866899548156501, 0.0 ], [ 106.124978725562997, -1.866900321064839, 0.0 ], [ 106.125074430568006, -1.866935580394989, 0.0 ], [ 106.125075456000019, -1.86694440500001, 0.0 ], [ 106.125116614000049, -1.866949244999966, 0.0 ], [ 106.125150444, -1.866952008999928, 0.0 ], [ 106.125179428000095, -1.866953410999955, 0.0 ], [ 106.125184702000084, -1.866948178999967, 0.0 ], [ 106.125186358133675, -1.86694252999996, 0.0 ], [ 106.125193231000083, -1.86694252999996, 0.0 ], [ 106.125255161716325, -1.866880600247622, 0.0 ], [ 106.125361748000074, -1.866894832, 0.0 ], [ 106.125452370000019, -1.866903828999939, 0.0 ], [ 106.125543398884403, -1.866915781931072, 0.0 ], [ 106.125714333000076, -1.866971083999942, 0.0 ], [ 106.125996026000053, -1.867053424999938, 0.0 ], [ 106.126000305065276, -1.867056438733234, 0.0 ], [ 106.12599635, -1.867075784999956, 0.0 ], [ 106.125983663000014, -1.867126013999937, 0.0 ], [ 106.125939342000081, -1.867237979999964, 0.0 ], [ 106.126024271000091, -1.867242638999906, 0.0 ], [ 106.126143906000038, -1.867247545999956, 0.0 ], [ 106.126117992000033, -1.867388118999952, 0.0 ], [ 106.125776515000027, -1.86738595099995, 0.0 ], [ 106.125775067000077, -1.867412970999966, 0.0 ], [ 106.125683995000088, -1.86741839299997, 0.0 ], [ 106.125679776000098, -1.867512893999973, 0.0 ], [ 106.125764041000053, -1.867533996999943, 0.0 ], [ 106.125930497000056, -1.867551157999942, 0.0 ], [ 106.125907585000036, -1.867710760999914, 0.0 ], [ 106.125781745000012, -1.867722692000013, 0.0 ], [ 106.125769845, -1.867838571999919, 0.0 ], [ 106.125769168000033, -1.867891840999975, 0.0 ], [ 106.125763124000073, -1.867943838999925, 0.0 ], [ 106.125720465000086, -1.867967609999938, 0.0 ], [ 106.125613817000058, -1.867976597999971, 0.0 ], [ 106.125502324000067, -1.867973766, 0.0 ], [ 106.12546847000003, -1.868187703999941, 0.0 ], [ 106.125152123000049, -1.868206224999963, 0.0 ], [ 106.125126067000025, -1.868355952999917, 0.0 ], [ 106.125108189000059, -1.868430272999938, 0.0 ], [ 106.125104691000033, -1.868471133999944, 0.0 ], [ 106.125175160000097, -1.868510399999907, 0.0 ], [ 106.125180227000072, -1.868548360999939, 0.0 ], [ 106.125169299000049, -1.868695654999958, 0.0 ], [ 106.125284863000019, -1.868696656999952, 0.0 ], [ 106.125352897000056, -1.868695057, 0.0 ], [ 106.125373203000052, -1.868705979999924, 0.0 ], [ 106.125360045000022, -1.868823615999887, 0.0 ], [ 106.125347223000034, -1.868905313999986, 0.0 ], [ 106.12533597400008, -1.868929363999933, 0.0 ], [ 106.125263297000103, -1.868936275999972, 0.0 ], [ 106.125192202000079, -1.868931120999989, 0.0 ], [ 106.125142253000035, -1.868928185999924, 0.0 ], [ 106.125050191000057, -1.868929737999964, 0.0 ], [ 106.125090239000087, -1.869465239999951, 0.0 ], [ 106.125027835000068, -1.869696238999969, 0.0 ], [ 106.125048067000051, -1.869858139999953, 0.0 ], [ 106.125050141000045, -1.870108706999901, 0.0 ], [ 106.12505019200006, -1.870189229999903, 0.0 ], [ 106.125061545000023, -1.870228786999978, 0.0 ], [ 106.12515889400008, -1.870312086999943, 0.0 ], [ 106.125200523000061, -1.870393577999935, 0.0 ], [ 106.125203527000039, -1.870536059999911, 0.0 ], [ 106.125224674, -1.870724110999928, 0.0 ], [ 106.125227345000056, -1.870810700999898, 0.0 ], [ 106.12522496400004, -1.870968120999955, 0.0 ], [ 106.125203413000037, -1.870976176999911, 0.0 ], [ 106.125169717000091, -1.870987885, 0.0 ], [ 106.125122360000077, -1.871004279000016, 0.0 ], [ 106.125086937000077, -1.871013292999963, 0.0 ], [ 106.124999998000078, -1.871010882999941, 0.0 ], [ 106.12498610600008, -1.871011194999967, 0.0 ], [ 106.124901529000098, -1.871009901999948, 0.0 ], [ 106.124779023000087, -1.871006263, 0.0 ], [ 106.124736468000037, -1.871108956999973, 0.0 ], [ 106.124728129000047, -1.871184265999987, 0.0 ], [ 106.124719116000023, -1.871261265999963, 0.0 ], [ 106.12470641000003, -1.871340630999957, 0.0 ], [ 106.12469368900004, -1.871396024000011, 0.0 ], [ 106.124683984000043, -1.871430809999958, 0.0 ], [ 106.124656515000083, -1.871520657999931, 0.0 ], [ 106.124637100000072, -1.871594291999984, 0.0 ], [ 106.124607613000123, -1.871665562000019, 0.0 ], [ 106.124564361000097, -1.871733466999953, 0.0 ], [ 106.124672688, -1.87187524799996, 0.0 ], [ 106.124814024000059, -1.872070810999976, 0.0 ], [ 106.124967540000057, -1.872419088999927, 0.0 ], [ 106.124999998000078, -1.872558425, 0.0 ], [ 106.125017221000078, -1.872535128999936, 0.0 ], [ 106.125050626000089, -1.872492403999954, 0.0 ], [ 106.125108235000056, -1.872437713999958, 0.0 ], [ 106.125160929000074, -1.872404780999987, 0.0 ], [ 106.125205523000034, -1.872398004999959, 0.0 ], [ 106.125229612000069, -1.872405441999953, 0.0 ], [ 106.126077484000049, -1.872002651999932, 0.0 ], [ 106.126156224000084, -1.872195911999936, 0.0 ], [ 106.126198252, -1.872308392, 0.0 ], [ 106.126296895000095, -1.872264385999917, 0.0 ], [ 106.126357854000076, -1.872446466999972, 0.0 ], [ 106.126495717000111, -1.872750287999975, 0.0 ], [ 106.126377362000085, -1.872799661999974, 0.0 ], [ 106.126463064000077, -1.873000089999949, 0.0 ], [ 106.126367109000043, -1.873051147, 0.0 ], [ 106.126433021000068, -1.873183641999948, 0.0 ], [ 106.126688756000092, -1.873047956999913, 0.0 ], [ 106.126774815000019, -1.873203356999981, 0.0 ], [ 106.126511574000091, -1.873339842, 0.0 ], [ 106.126301831000049, -1.873445695999959, 0.0 ], [ 106.126394529, -1.873613504999988, 0.0 ], [ 106.126017036000022, -1.873790848999918, 0.0 ], [ 106.126270176, -1.874081400999978, 0.0 ], [ 106.126671049000052, -1.874289739999896, 0.0 ], [ 106.126925290000131, -1.874130908999988, 0.0 ], [ 106.127059335000112, -1.874143252999944, 0.0 ], [ 106.12706263100003, -1.874776935999972, 0.0 ], [ 106.126857343000012, -1.874766693999924, 0.0 ], [ 106.126754585000029, -1.874759378999941, 0.0 ], [ 106.126624048000068, -1.874723037999954, 0.0 ], [ 106.126492932000062, -1.874665086999955, 0.0 ], [ 106.126323159000037, -1.874579797999915, 0.0 ], [ 106.126128481000094, -1.874460885999935, 0.0 ], [ 106.125957866000107, -1.874352522999939, 0.0 ], [ 106.125617023000061, -1.874127408999965, 0.0 ], [ 106.125485850000047, -1.87404516499991, 0.0 ], [ 106.125359652000085, -1.873948814999932, 0.0 ], [ 106.125117520000032, -1.873776227999952, 0.0 ], [ 106.124999999000082, -1.873703292999957, 0.0 ], [ 106.124700668000088, -1.873487774999977, 0.0 ], [ 106.124739371, -1.873674021999933, 0.0 ], [ 106.124743096000046, -1.87374936799995, 0.0 ], [ 106.124750491000043, -1.873842811999954, 0.0 ], [ 106.124752752000049, -1.873936258999959, 0.0 ], [ 106.124753199000082, -1.874057035, 0.0 ], [ 106.124752543000028, -1.874170428999972, 0.0 ], [ 106.124749687000062, -1.87430302799993, 0.0 ], [ 106.124744989000121, -1.87442159999997, 0.0 ], [ 106.124741399000087, -1.874486163999983, 0.099799999996321 ], [ 106.12410432700004, -1.874256173999961, 0.333700000002864 ], [ 106.12351374500011, -1.873875376999895, 0.885699999998906 ], [ 106.123746550000106, -1.873733368999958, 0.0 ], [ 106.123712009000087, -1.873391571999922, 0.0 ], [ 106.1235532460001, -1.873159431999988, 0.0 ], [ 106.123269332000049, -1.873416867999972, 0.0 ], [ 106.122861942000014, -1.873077699999976, 0.0 ], [ 106.122898455000012, -1.872789460000019, 0.0 ], [ 106.122283978000056, -1.872537369999944, 0.0 ], [ 106.12184724800008, -1.872599575999939, 0.0 ], [ 106.121410540000085, -1.872695142999942, 0.0 ], [ 106.121102504000092, -1.872254671999912, 0.0 ], [ 106.120514508000028, -1.870823485999979, 0.0 ], [ 106.120120413, -1.870920208999988, 0.0 ], [ 106.118774970000075, -1.871509417999978, 0.0 ], [ 106.117997473000045, -1.871768365, 0.0 ], [ 106.117685098000038, -1.871942445999925, 0.0 ], [ 106.117501508000046, -1.871729587999899, 0.0 ], [ 106.117275743, -1.871906680999897, 0.0 ], [ 106.117054349000085, -1.872088844999959, 0.0 ], [ 106.116895702000093, -1.872237536999916, 0.0 ], [ 106.116975517000043, -1.872525954999976, 0.0 ], [ 106.116904178000084, -1.872533101999946, 0.0 ], [ 106.11687894800005, -1.872582840999976, 0.0 ], [ 106.11682361700008, -1.872641581999951, 0.0 ], [ 106.11674894500004, -1.872665926000011, 0.0 ], [ 106.116676129000055, -1.872681674999982, 0.0 ], [ 106.116615222000078, -1.872735932999942, 0.0 ], [ 106.116541313000084, -1.872786074, 0.0 ], [ 106.116474072000116, -1.872820146999982, 0.0 ], [ 106.1163343690001, -1.872829951, 0.0 ], [ 106.116286429000041, -1.872821758999938, 0.0 ], [ 106.116234382000087, -1.872785899999902, 0.0 ], [ 106.116212471000054, -1.872795638, 0.0 ], [ 106.116176449000093, -1.872838283999973, 0.0 ], [ 106.11618689500007, -1.872894729999936, 0.0 ], [ 106.116214799000076, -1.872951164999987, 0.0 ], [ 106.116246792000055, -1.873019193999931, 0.0 ], [ 106.116250930000035, -1.873092468999954, 0.0 ], [ 106.116231294000016, -1.87319081499992, 0.0 ], [ 106.116189358000014, -1.873264118999946, 0.0 ], [ 106.116148514000088, -1.873314998999981, 0.0 ], [ 106.116099863000059, -1.873361758999942, 0.0 ], [ 106.116037110000022, -1.873425733, 0.0 ], [ 106.1160133650001, -1.873479586999921, 0.0 ], [ 106.115549897000037, -1.873513665999988, 0.0 ], [ 106.115338021000085, -1.873529244999944, 0.0 ], [ 106.11533826900002, -1.873528440999967, 0.057199999995646 ], [ 106.115735087000076, -1.87224438699995, 0.0 ], [ 106.115812616000099, -1.871763631999962, 0.0 ], [ 106.115832194000035, -1.871655124999955, 0.0 ], [ 106.11583551400004, -1.871636726999943, 0.0 ], [ 106.115968555000038, -1.870827657999969, 0.0 ], [ 106.115991779000097, -1.870672402, 0.0 ], [ 106.116020790000093, -1.870478450999941, 0.0 ], [ 106.116106027000043, -1.86994576999992, 0.0 ], [ 106.11620885500011, -1.86935250999995, 0.0 ], [ 106.116286012000018, -1.868965213999968, 0.0 ], [ 106.116319667000042, -1.868733425999975, 0.0 ], [ 106.116332253000024, -1.868646737999907, 0.0 ], [ 106.116350829000041, -1.868559319999958, 0.0 ], [ 106.116362691000049, -1.868503500999958, 0.0 ], [ 106.116382380000076, -1.868383050999939, 0.0 ], [ 106.116453936000056, -1.867945290999956, 0.0 ], [ 106.116544761000014, -1.867419960999922, 0.0 ], [ 106.116653176000014, -1.866870148, 0.0 ], [ 106.116783505000058, -1.866884206999914, 0.0 ], [ 106.11693427100009, -1.866895715999889, 0.0 ], [ 106.117203844000102, -1.86693353499991, 0.0 ], [ 106.117523232000067, -1.866975283999989, 0.0 ], [ 106.11750437100001, -1.867771506999966, 0.0 ], [ 106.117192703000072, -1.867740951000013, 0.0 ], [ 106.117215920000035, -1.867491887000011, 0.0 ], [ 106.117067884000051, -1.867474488, 0.0 ], [ 106.117026316000064, -1.868089010999946, 0.0 ], [ 106.11711801200002, -1.868089548999902, 0.0 ], [ 106.11707742400003, -1.868345869999971, 0.0 ], [ 106.117350721, -1.868358955999988, 0.0 ], [ 106.117325060000013, -1.869537394999971, 0.0 ], [ 106.117323184000028, -1.869623514999902, 0.0 ], [ 106.117542517000061, -1.869666213999971, 0.0 ], [ 106.117635417000102, -1.869693841999948, 0.0 ], [ 106.117750688000058, -1.869727082999945, 0.0 ], [ 106.117905732000096, -1.869837880999964, 0.0 ], [ 106.118004358000078, -1.86976351899994, 0.0 ], [ 106.118072126000087, -1.869713498999976, 0.0 ], [ 106.11814121700003, -1.869648616999936, 0.0 ], [ 106.118191176000082, -1.869568214999945, 0.0 ], [ 106.118225343000063, -1.86946485799992, 0.0 ], [ 106.118252462, -1.869357452, 0.0 ], [ 106.118255074000047, -1.869238918999966, 0.0 ], [ 106.118256677, -1.869130516999967, 0.0 ], [ 106.118254244000056, -1.868993407, 0.0 ], [ 106.118252480000095, -1.868862718999925, 0.0 ], [ 106.118254401000073, -1.868715818999939, 0.0 ], [ 106.118255996000116, -1.868579393999931, 0.0 ], [ 106.118257248000049, -1.868441946999927, 0.0 ], [ 106.118259528000053, -1.868321386999988, 0.0 ], [ 106.118266154000068, -1.868194746, 0.0 ], [ 106.118285908000104, -1.868115711999935, 0.0 ], [ 106.118086517000037, -1.868105210999954, 0.0 ], [ 106.117854370000103, -1.867770676999986, 0.0 ], [ 106.117829653000101, -1.867537925, 0.0 ], [ 106.11795010400003, -1.867517947999947, 0.0 ], [ 106.117918920000122, -1.867023305999965, 0.0 ], [ 106.117987877000047, -1.867016142999906, 0.0 ], [ 106.11807465800004, -1.867005268999983, 0.0 ], [ 106.118167194000051, -1.866970909999982, 0.0 ], [ 106.118319753000065, -1.86690432799998, 0.0 ], [ 106.118427406000094, -1.866848239999958, 0.0 ], [ 106.118530996000047, -1.866764367999946, 0.0 ], [ 106.118632695000116, -1.866704411999959, 0.0 ], [ 106.119036317000024, -1.866505179999906, 0.0 ], [ 106.119133071000121, -1.86645646299996, 0.0 ], [ 106.119256427000025, -1.866411535999974, 0.0 ], [ 106.119391542000102, -1.866368392999957, 0.0 ], [ 106.119489236000021, -1.866343572999946, 0.0 ], [ 106.119637548000028, -1.866299344999928, 0.0 ], [ 106.119770534000025, -1.866256204, 0.0 ], [ 106.120116707000065, -1.866136499999954, 0.0 ], [ 106.120235751000052, -1.866039546999926, 0.0 ], [ 106.120373326000063, -1.865932531999953, 0.0 ], [ 106.120735475000103, -1.865685801999967, 0.0 ], [ 106.12100992200007, -1.865485774999937, 0.0 ], [ 106.121284007000014, -1.865267448999902, 0.0 ], [ 106.121733476000074, -1.864966480999958, 0.0 ], [ 106.122221431000042, -1.864613818999911, 0.0 ], [ 106.122546850000049, -1.864372141999987, 0.0 ], [ 106.122846973, -1.864174603999985, 0.0 ], [ 106.123345643000064, -1.863848493, 0.0 ], [ 106.123679219000039, -1.864603448999941, 0.0 ], [ 106.123868276000053, -1.864537694, 0.0 ], [ 106.124078586000039, -1.864458862999968, 0.0 ], [ 106.124293700000081, -1.864386053999984, 0.0 ], [ 106.124626845000108, -1.864277601999981, 0.0 ], [ 106.124692091, -1.864614647999891, 0.0 ], [ 106.124722377000111, -1.864656237999957, 0.0 ], [ 106.124654609000103, -1.865019926999939, 0.0 ], [ 106.124468028000109, -1.865191006999972, 0.0 ], [ 106.124604988000073, -1.866156521999923, 0.0 ], [ 106.124529941000091, -1.866891061999948, 0.0 ], [ 106.124490316000092, -1.867246727999977, 0.0 ], [ 106.124643449000061, -1.867263517999945, 0.0 ], [ 106.124695124214497, -1.867122569214381, 0.0 ], [ 106.124714960000063, -1.867142404999925, 0.0 ] ], [ [ 106.122542937000077, -1.866608076999982, 0.0 ], [ 106.122747140000101, -1.866566797999941, 0.0 ], [ 106.12316902900001, -1.866510977999941, 0.0 ], [ 106.123216968000079, -1.866746427999971, 0.0 ], [ 106.123398262000066, -1.866742168999974, 0.0 ], [ 106.123340428000077, -1.866510868000021, 0.0 ], [ 106.123483805000035, -1.866496674, 0.0 ], [ 106.123432552000054, -1.866237183999936, 0.0 ], [ 106.123261983000063, -1.866255528999944, 0.0 ], [ 106.123237087000049, -1.865980264, 0.0 ], [ 106.122965153000024, -1.865990388999944, 0.0 ], [ 106.12297759900008, -1.866124705999956, 0.0 ], [ 106.122559821000053, -1.86615648, 0.0 ], [ 106.122542937000077, -1.866608076999982, 0.0 ] ], [ [ 106.122367499000049, -1.868261864999949, 0.0 ], [ 106.122155245000073, -1.868195498999964, 0.0 ], [ 106.12212797200003, -1.86824185599998, 0.0 ], [ 106.122090916000076, -1.868284112999924, 0.0 ], [ 106.122030221000031, -1.8683321299999, 0.0 ], [ 106.121971157000118, -1.868372763999976, 0.0 ], [ 106.121905565000105, -1.868410940999937, 0.0 ], [ 106.12180575100011, -1.868466779999939, 0.0 ], [ 106.121731203000067, -1.868514805, 0.0 ], [ 106.121563362000032, -1.868609636999946, 0.0 ], [ 106.121424447, -1.868702396999894, 0.0 ], [ 106.12128512000001, -1.868781625999966, 0.0 ], [ 106.121151093000023, -1.868853062000015, 0.0 ], [ 106.121229215000099, -1.869153954999953, 0.0 ], [ 106.121390713000054, -1.869121513999933, 0.0 ], [ 106.12155565800002, -1.86933450099997, 0.0 ], [ 106.121739605000045, -1.869614638999967, 0.0 ], [ 106.121929138000013, -1.869617836999965, 0.0 ], [ 106.122403822000123, -1.869654844, 0.0 ], [ 106.122500008000088, -1.869294925999982, 0.0 ], [ 106.122228726000017, -1.86902976099998, 0.0 ], [ 106.122443588000039, -1.868686346999898, 0.0 ], [ 106.122551666000092, -1.868888597999935, 0.0 ], [ 106.122813819000029, -1.869046796999968, 0.0 ], [ 106.123097890000082, -1.868685102999973, 0.0 ], [ 106.122756606000081, -1.868492952999973, 0.0 ], [ 106.122871783000022, -1.86819520999994, 0.0 ], [ 106.123125637000072, -1.868253915, 0.0 ], [ 106.123168405000058, -1.86813283199993, 0.0 ], [ 106.123090840000117, -1.867961243999944, 0.0 ], [ 106.123076762000025, -1.867861752999972, 0.0 ], [ 106.123037002000018, -1.867538402999952, 0.0 ], [ 106.122840900000043, -1.867568378999946, 0.0 ], [ 106.122663849000048, -1.867769979999928, 0.0 ], [ 106.122515706000044, -1.868066089, 0.0 ], [ 106.122367499000049, -1.868261864999949, 0.0 ] ], [ [ 106.123269399000066, -1.869792700999956, 0.0 ], [ 106.122882962000062, -1.869547219999984, 0.0 ], [ 106.12282599600006, -1.869677674999942, 0.0 ], [ 106.122768667000017, -1.869832723999893, 0.0 ], [ 106.122714809000087, -1.869956925999955, 0.0 ], [ 106.122663265000085, -1.870078004999937, 0.0 ], [ 106.122603982000072, -1.870211970999919, 0.0 ], [ 106.122540794000088, -1.870311972999933, 0.0 ], [ 106.122813038000047, -1.870633825999918, 0.0 ], [ 106.122717243000025, -1.870761328999987, 0.0 ], [ 106.122456995000078, -1.870997311999973, 0.0 ], [ 106.121925698000084, -1.871264431999959, 0.0 ], [ 106.122158065000036, -1.871841907999955, 0.0 ], [ 106.122329713000028, -1.871864429999953, 0.0 ], [ 106.122630351000026, -1.871853516999939, 0.0 ], [ 106.122947555000081, -1.871825922999965, 0.0 ], [ 106.123063500000072, -1.871747242999938, 0.0 ], [ 106.123239535000081, -1.871233807999912, 0.0 ], [ 106.123571618000113, -1.870402288999945, 0.0 ], [ 106.124019744000066, -1.869660017999903, 0.0 ], [ 106.123698752000053, -1.869300541, 0.0 ], [ 106.123269399000066, -1.869792700999956, 0.0 ] ], [ [ 106.119903340000079, -1.869621778999936, 0.0 ], [ 106.120023902000113, -1.869536221999962, 0.0 ], [ 106.119626101000065, -1.868807103999942, 0.0 ], [ 106.119265008000113, -1.868947784999947, 0.0 ], [ 106.119132846000099, -1.868559573999979, 0.0 ], [ 106.118831877000076, -1.868630474999983, 0.0 ], [ 106.118640245000023, -1.86910442799994, 0.0 ], [ 106.118877683000036, -1.869742742, 0.0 ], [ 106.119275110000061, -1.869625347999965, 0.0 ], [ 106.119380211000049, -1.869981970999985, 0.0 ], [ 106.119226053, -1.870008455999955, 0.0 ], [ 106.119341717000069, -1.87046532299992, 0.0 ], [ 106.119510554, -1.870436721999952, 0.0 ], [ 106.120149120000079, -1.870187262999917, 0.0 ], [ 106.119903340000079, -1.869621778999936, 0.0 ] ] ] ] } },
{ "type": "Feature", "properties": { "fid": 8, "NAMOBJ": "Jelitik", "FCODE": null, "REMARK": "Permukiman dan Tempat Kegiatan", "SRS_ID": null, "LCODE": "GA0040", "METADATA": null, "SHAPE_Leng": 0.02631863165, "SHAPE_Area": 4.41053e-06 }, "geometry": { "type": "MultiPolygon", "coordinates": [ [ [ [ 106.136889951000015, -1.888294622999948, 0.0 ], [ 106.136783177000069, -1.88833246699997, 0.0 ], [ 106.136765965000066, -1.888198814999925, 0.0 ], [ 106.136763184000102, -1.888125538999902, 0.0 ], [ 106.136760858000088, -1.887991423, 0.0 ], [ 106.13675392100005, -1.887870744999959, 0.0 ], [ 106.13674322600005, -1.887721954, 0.0 ], [ 106.136742731000098, -1.887610324, 0.0 ], [ 106.136741853000018, -1.887518043999909, 0.0 ], [ 106.13674096000004, -1.887445337999933, 0.0 ], [ 106.136736877000061, -1.887359597999944, 0.0 ], [ 106.136732198000018, -1.887270919999978, 0.0 ], [ 106.136722575000121, -1.887179946999912, 0.0 ], [ 106.136711196000064, -1.887129851999942, 0.0 ], [ 106.136700751, -1.887076463999965, 0.0 ], [ 106.136697984000122, -1.887022980999981, 0.0 ], [ 106.136714897000019, -1.886903975999904, 0.0 ], [ 106.136729620000082, -1.886815112999924, 0.0 ], [ 106.136733948000085, -1.886738233999957, 0.0 ], [ 106.136730392000047, -1.886690277999986, 0.0 ], [ 106.136724520000101, -1.886644791999953, 0.0 ], [ 106.136724495000095, -1.886606520999984, 0.0 ], [ 106.13672539000008, -1.88656047, 0.0 ], [ 106.136733704000065, -1.886502455999989, 0.0 ], [ 106.136747586000055, -1.886450119999922, 0.0 ], [ 106.136759964000106, -1.886434995999914, 0.0 ], [ 106.136800653000094, -1.886409216999913, 0.0 ], [ 106.136842822000034, -1.886390266999943, 0.0 ], [ 106.136884814000041, -1.886379167, 0.0 ], [ 106.13694631900006, -1.886357868999927, 0.0 ], [ 106.137006347000053, -1.886321457999935, 0.0 ], [ 106.136997858000072, -1.886622703999902, 0.0 ], [ 106.1370025720001, -1.88696154899996, 0.0 ], [ 106.136987827000041, -1.887375754999948, 0.0 ], [ 106.137003525000097, -1.888260682999982, 0.0 ], [ 106.136889951000015, -1.888294622999948, 0.0 ] ] ], [ [ [ 106.137335805000049, -1.8839122109999, 0.0 ], [ 106.137525688000039, -1.884238616999906, 0.0 ], [ 106.137791880000037, -1.884140316999944, 0.0 ], [ 106.137997988000038, -1.884582927999973, 0.0 ], [ 106.137908497000097, -1.884600136999976, 0.0 ], [ 106.137826410000059, -1.884626331999923, 0.0 ], [ 106.137737553000079, -1.884677659, 0.0 ], [ 106.137685740000052, -1.884711315999938, 0.0 ], [ 106.137634135000042, -1.884748526999908, 0.0 ], [ 106.13752144300004, -1.884851518999903, 0.0 ], [ 106.137453326000099, -1.884919810999958, 0.0 ], [ 106.137321434000015, -1.885065936999969, 0.0 ], [ 106.137292322000093, -1.885103719999987, 0.0 ], [ 106.137244517000042, -1.88516499, 0.0 ], [ 106.137208545000092, -1.885227308, 0.0 ], [ 106.137162085000071, -1.885295234999934, 0.0 ], [ 106.137089268000082, -1.885365727, 0.0 ], [ 106.137057054000081, -1.885387078999984, 0.0 ], [ 106.136976763000092, -1.885478363999899, 0.0 ], [ 106.136938271000105, -1.885525695, 0.0 ], [ 106.136782607000015, -1.885378070999949, 0.0 ], [ 106.13643765900008, -1.885595418, 0.0 ], [ 106.136275718, -1.885352827, 0.0 ], [ 106.136549024000061, -1.885185888999946, 0.0 ], [ 106.136741773000011, -1.885065115, 0.0 ], [ 106.136958583000109, -1.884918309999922, 0.0 ], [ 106.137148533000101, -1.884794195999956, 0.0 ], [ 106.137397823000029, -1.884606183999943, 0.0 ], [ 106.137229376000036, -1.884278022999969, 0.0 ], [ 106.13710780400001, -1.884045915999949, 0.0 ], [ 106.137335805000049, -1.8839122109999, 0.0 ] ] ], [ [ [ 106.132419073000023, -1.882763858, 0.0 ], [ 106.132612858000073, -1.882768596999957, 0.0 ], [ 106.132829550000054, -1.882764662999898, 0.0 ], [ 106.132829616000066, -1.882601233999964, 0.0 ], [ 106.133128214000081, -1.882606536999959, 0.0 ], [ 106.13313535900005, -1.882895050999939, 0.0 ], [ 106.132848020000083, -1.882911363999956, 0.0 ], [ 106.132850901000054, -1.883010839999927, 0.0 ], [ 106.132866229000072, -1.88332122399994, 0.0 ], [ 106.132702641000037, -1.883331095999957, 0.0 ], [ 106.132699071, -1.883572372999937, 0.0 ], [ 106.132945022000015, -1.883717682999969, 0.0 ], [ 106.133393393000077, -1.884016964999952, 0.0 ], [ 106.133363759000119, -1.884145224, 0.0 ], [ 106.133004082000113, -1.884111907, 0.0 ], [ 106.133000518000088, -1.884303263999926, 0.0 ], [ 106.13292659600009, -1.884304338999926, 0.0 ], [ 106.132952273000086, -1.884716538999926, 0.0 ], [ 106.133092199000032, -1.885057934999929, 0.0 ], [ 106.133266567000064, -1.88541421899992, 0.0 ], [ 106.132948928000076, -1.885584014999936, 0.0 ], [ 106.132887691000079, -1.885474640999946, 0.0 ], [ 106.132831302000028, -1.885357773999957, 0.0 ], [ 106.132535818000093, -1.885505284, 0.0 ], [ 106.132422880000078, -1.88525905099996, 0.0 ], [ 106.132293736000051, -1.884907062999969, 0.0 ], [ 106.132368221000078, -1.884883640999896, 0.0 ], [ 106.132450505000051, -1.884863196999981, 0.0 ], [ 106.132300468000068, -1.884353931999944, 0.0 ], [ 106.132195340000081, -1.883956669999937, 0.0 ], [ 106.132085217000025, -1.883981931999895, 0.0 ], [ 106.132044852000064, -1.883871858999936, 0.0 ], [ 106.13199284300002, -1.883716929999907, 0.0 ], [ 106.132104783000045, -1.883671126999936, 0.0 ], [ 106.131956018000082, -1.883263225999937, 0.0 ], [ 106.132245078000011, -1.883161743999978, 0.0 ], [ 106.132209428000081, -1.883081660999925, 0.0 ], [ 106.132111237000046, -1.882881458999969, 0.0 ], [ 106.132067495000072, -1.88280203299997, 0.0 ], [ 106.132041558000054, -1.882730409, 0.0 ], [ 106.132007194000053, -1.882637950999894, 0.0 ], [ 106.131969895000069, -1.882512931999941, 0.0 ], [ 106.131960477000092, -1.882462788999967, 0.0 ], [ 106.132181947000035, -1.882359809999973, 0.0 ], [ 106.132326775000109, -1.882615336999977, 0.0 ], [ 106.132419073000023, -1.882763858, 0.0 ] ] ], [ [ [ 106.132725350000058, -1.881223900999957, 0.0 ], [ 106.132634137000053, -1.881574347, 0.0 ], [ 106.132531748000105, -1.881520673999909, 0.0 ], [ 106.132432879000106, -1.88173061299996, 0.0 ], [ 106.132546368000078, -1.881805402999931, 0.0 ], [ 106.132407218000111, -1.882024725999959, 0.0 ], [ 106.131988537000012, -1.881810848999938, 0.0 ], [ 106.131989136000072, -1.881736603000012, 0.0 ], [ 106.132001371000101, -1.881639228999949, 0.0 ], [ 106.132051441000073, -1.881493637999982, 0.0 ], [ 106.132075336000099, -1.881409932999895, 0.0 ], [ 106.132109903000114, -1.881316128999949, 0.0 ], [ 106.132147057000083, -1.881216133999936, 0.0 ], [ 106.13218519400003, -1.881136979999959, 0.0 ], [ 106.132223984000049, -1.881063684999934, 0.0 ], [ 106.132261158000105, -1.880998208999935, 0.0 ], [ 106.132539905000073, -1.881132602999952, 0.0 ], [ 106.132725350000058, -1.881223900999957, 0.0 ] ] ], [ [ [ 106.132880459, -1.880555371999976, 0.0 ], [ 106.132796690000092, -1.880817901999937, 0.0 ], [ 106.132437970000083, -1.880662688999974, 0.0 ], [ 106.132475779000103, -1.880576694999964, 0.0 ], [ 106.132508736000077, -1.880493311, 0.0 ], [ 106.132527454000112, -1.880411564999979, 0.0 ], [ 106.132559088000065, -1.880283243999931, 0.0 ], [ 106.13259817, -1.880164686999891, 0.0 ], [ 106.132641798000066, -1.880066315999923, 0.0 ], [ 106.132698677000064, -1.879941885999931, 0.0 ], [ 106.132759428000028, -1.879799216999939, 0.0 ], [ 106.132809843000118, -1.879689771999943, 0.0 ], [ 106.133072513000087, -1.879768657999898, 0.0 ], [ 106.133003899000101, -1.880084106999974, 0.0 ], [ 106.132939653000022, -1.880340568999967, 0.0 ], [ 106.132880459, -1.880555371999976, 0.0 ] ] ] ] } },
{ "type": "Feature", "properties": { "fid": 9, "NAMOBJ": "Kimhin", "FCODE": null, "REMARK": "Permukiman dan Tempat Kegiatan", "SRS_ID": null, "LCODE": "GA0040", "METADATA": null, "SHAPE_Leng": 0.01899292212, "SHAPE_Area": 3.48112e-06 }, "geometry": { "type": "MultiPolygon", "coordinates": [ [ [ [ 106.130145292000094, -1.901379767999928, 0.0 ], [ 106.130255949000102, -1.901461364999929, 0.0 ], [ 106.130332735000067, -1.90130274899995, 0.0 ], [ 106.130929119000115, -1.901608977999975, 0.0 ], [ 106.130765568000086, -1.902097575999989, 0.0 ], [ 106.13065158600007, -1.902070423999963, 0.0 ], [ 106.130556868000042, -1.902042853, 0.0 ], [ 106.130474454000066, -1.902009493999985, 0.0 ], [ 106.130400225000045, -1.901970773999978, 0.0 ], [ 106.130284998000022, -1.901908562999982, 0.0 ], [ 106.130178780000023, -1.90184841599998, 0.0 ], [ 106.130079118000126, -1.901780424999949, 0.0 ], [ 106.130013495000114, -1.901730147999964, 0.0 ], [ 106.129913006000066, -1.901648542999962, 0.0 ], [ 106.129750054000084, -1.901494054999969, 0.0 ], [ 106.129747664000064, -1.901401439999945, 0.0 ], [ 106.129743156000046, -1.901339308999956, 0.0 ], [ 106.129732431000036, -1.901271329999926, 0.0 ], [ 106.129713744000099, -1.901192213999953, 0.0 ], [ 106.129951926000089, -1.901101458, 0.0 ], [ 106.130145292000094, -1.901379767999928, 0.0 ] ] ], [ [ [ 106.135491525000049, -1.900652583999979, 0.0 ], [ 106.135582828000054, -1.900763803999944, 0.0 ], [ 106.135794407000063, -1.900660456, 0.0 ], [ 106.136005579000127, -1.901086698000015, 0.0 ], [ 106.135928478000054, -1.901134726, 0.0 ], [ 106.135846887000042, -1.901178522999975, 0.0 ], [ 106.135747902000034, -1.90122402299992, 0.0 ], [ 106.135670232000081, -1.901255678999964, 0.0 ], [ 106.135584711000021, -1.901297226999938, 0.0 ], [ 106.1354997440001, -1.90133256099993, 0.0 ], [ 106.135415347000048, -1.901370425999954, 0.0 ], [ 106.135328700000073, -1.90140830399998, 0.0 ], [ 106.135115711000125, -1.900937135999897, 0.0 ], [ 106.135316084000095, -1.900839419999984, 0.0 ], [ 106.135196990000097, -1.90065078, 0.0 ], [ 106.135393746000034, -1.900521763, 0.0 ], [ 106.135491525000049, -1.900652583999979, 0.0 ] ] ], [ [ [ 106.128939146000036, -1.899724899999961, 0.0 ], [ 106.129274170000045, -1.899272450999917, 0.0 ], [ 106.129078908000054, -1.899106956, 0.0 ], [ 106.129199817000114, -1.898957588999978, 0.0 ], [ 106.12949821600003, -1.899226406999927, 0.0 ], [ 106.129684280000049, -1.899352226999945, 0.0 ], [ 106.129646788000059, -1.89944674699995, 0.0 ], [ 106.130312957000029, -1.899854267999918, 0.0 ], [ 106.130577448000054, -1.899574439999946, 0.0 ], [ 106.13057644900006, -1.899436309999975, 0.0 ], [ 106.130708263000045, -1.8994300379999, 0.0 ], [ 106.130743806000055, -1.899611177999966, 0.0 ], [ 106.130966048000062, -1.899771027999958, 0.0 ], [ 106.131110532000022, -1.899862698999905, 0.0 ], [ 106.130975281000119, -1.900178790999946, 0.0 ], [ 106.131084309000073, -1.900313583, 0.0 ], [ 106.131433323000081, -1.900588594999925, 0.0 ], [ 106.131345935000056, -1.900808153999972, 0.0 ], [ 106.131219525000077, -1.900817509999947, 0.0 ], [ 106.131114365000073, -1.900684663999969, 0.0 ], [ 106.131086863000107, -1.900639310999947, 0.0 ], [ 106.13101214200006, -1.900570757999959, 0.0 ], [ 106.130767405000057, -1.900829689999978, 0.0 ], [ 106.130285925000095, -1.90033519, 0.0 ], [ 106.129940314000095, -1.90053320099996, 0.0 ], [ 106.129979984, -1.900620196999964, 0.0 ], [ 106.129627124000123, -1.900779617999921, 0.0 ], [ 106.129613628000072, -1.900727660999974, 0.0 ], [ 106.129592597000013, -1.900638966, 0.0 ], [ 106.129579947000124, -1.900595988999915, 0.0 ], [ 106.129553485000073, -1.900503597999909, 0.0 ], [ 106.129524679000085, -1.90040592699991, 0.0 ], [ 106.129501715000046, -1.90033091, 0.0 ], [ 106.129475067000058, -1.900259612999972, 0.0 ], [ 106.129439864000076, -1.900176598999942, 0.0 ], [ 106.12941127800012, -1.90011252999997, 0.0 ], [ 106.129346822000016, -1.900017007999971, 0.0 ], [ 106.129186960000112, -1.899914085999982, 0.0 ], [ 106.12906820700006, -1.899836354999946, 0.0 ], [ 106.128939146000036, -1.899724899999961, 0.0 ] ] ], [ [ [ 106.128939146000036, -1.899724899999961, 0.0 ], [ 106.128782503000053, -1.899902387999902, 0.0 ], [ 106.128470295000056, -1.899598387999974, 0.0 ], [ 106.128316484000038, -1.899752215, 0.0 ], [ 106.128103701000015, -1.899529092999924, 0.0 ], [ 106.128266581000076, -1.899356665999957, 0.0 ], [ 106.128276248000077, -1.899011137999968, 0.0 ], [ 106.12834111200003, -1.898568738999956, 0.0 ], [ 106.128607677000062, -1.89862521000001, 0.0 ], [ 106.128578181000108, -1.898776884999948, 0.0 ], [ 106.128562870000081, -1.898927944000012, 0.0 ], [ 106.128560525000069, -1.899042226999964, 0.0 ], [ 106.128559967000015, -1.899107869999978, 0.0 ], [ 106.128579057000096, -1.899199342, 0.0 ], [ 106.128617177000052, -1.899302046999968, 0.0 ], [ 106.128678287000042, -1.899434215999979, 0.0 ], [ 106.128758704000035, -1.899548135, 0.0 ], [ 106.128857238000109, -1.899639854999941, 0.0 ], [ 106.128939146000036, -1.899724899999961, 0.0 ] ] ] ] } },
{ "type": "Feature", "properties": { "fid": 10, "NAMOBJ": "Paritpekir", "FCODE": null, "REMARK": "Permukiman dan Tempat Kegiatan", "SRS_ID": null, "LCODE": "GA0040", "METADATA": null, "SHAPE_Leng": 0.01706207105, "SHAPE_Area": 3.84298e-06 }, "geometry": { "type": "MultiPolygon", "coordinates": [ [ [ [ 106.141250395000029, -1.876957692999931, 0.0 ], [ 106.141406344000046, -1.87696384, 0.0 ], [ 106.141548021000048, -1.876960246999965, 0.0 ], [ 106.141619324, -1.876955712999945, 0.0 ], [ 106.141633923000057, -1.877330401999949, 0.0 ], [ 106.141544669000041, -1.877338202999973, 0.0 ], [ 106.141454964000076, -1.877343734999987, 0.0 ], [ 106.141361624000083, -1.877344256999941, 0.0 ], [ 106.141269845000039, -1.877341214999956, 0.0 ], [ 106.14116788900013, -1.877321679999938, 0.0 ], [ 106.141075530000123, -1.877282302999967, 0.0 ], [ 106.140953163000034, -1.877227676999977, 0.0 ], [ 106.140833507000082, -1.877170316999938, 0.0 ], [ 106.140717033000044, -1.877107472999978, 0.0 ], [ 106.140599192000053, -1.877047831999929, 0.0 ], [ 106.140465945000045, -1.876991847999915, 0.0 ], [ 106.140611208000081, -1.876656926999915, 0.0 ], [ 106.140905854000025, -1.876805347999938, 0.0 ], [ 106.141182078000057, -1.876938759999963, 0.0 ], [ 106.141250395000029, -1.876957692999931, 0.0 ] ] ], [ [ [ 106.130271445000048, -1.875022916999986, 0.0 ], [ 106.13048520600006, -1.87513734599995, 0.0 ], [ 106.130527780000122, -1.875048475999969, 0.0 ], [ 106.13062607100008, -1.875089177999961, 0.0 ], [ 106.130659207000079, -1.875046038999945, 0.0 ], [ 106.130728460000029, -1.875122533999968, 0.0 ], [ 106.130804930000053, -1.875212968, 0.0 ], [ 106.131030664000079, -1.875438431, 0.0 ], [ 106.131309914, -1.875269166999932, 0.0 ], [ 106.13140495100005, -1.875462827999969, 0.0 ], [ 106.131441101000107, -1.875555202999974, 0.0 ], [ 106.131463154000073, -1.875619005999924, 0.0 ], [ 106.131711666000029, -1.875625275999909, 0.0 ], [ 106.13199936700002, -1.875636519999952, 0.0 ], [ 106.132138752000102, -1.875339431999973, 0.0 ], [ 106.132385523, -1.875427338999963, 0.0 ], [ 106.132413769000024, -1.875326364999958, 0.0 ], [ 106.132437445000036, -1.875254797999987, 0.0 ], [ 106.132455256000085, -1.87520131, 0.0 ], [ 106.132663430000079, -1.875266201999954, 0.0 ], [ 106.132572708000041, -1.875580636999946, 0.0 ], [ 106.13252058900008, -1.875882383999955, 0.0 ], [ 106.133227329000107, -1.875880126999946, 0.0 ], [ 106.133244015000074, -1.876192062, 0.0 ], [ 106.133309875000094, -1.876191418999945, 0.0 ], [ 106.133487927, -1.876177627999959, 0.0 ], [ 106.13349276700005, -1.876177173999921, 0.0 ], [ 106.133620223000023, -1.876165237999911, 0.0 ], [ 106.133736198000022, -1.876150573999941, 0.0 ], [ 106.133888419000101, -1.876118560999957, 0.0 ], [ 106.134041085000021, -1.876091108, 0.0 ], [ 106.134251281, -1.876069423999977, 0.0 ], [ 106.134258033000037, -1.876383145, 0.0 ], [ 106.134161006000085, -1.876387590000012, 0.0 ], [ 106.134164133000084, -1.876469574999956, 0.0 ], [ 106.133779916, -1.876467308999946, 0.0 ], [ 106.13377199200005, -1.876358262999894, 0.0 ], [ 106.133456379000052, -1.876371365999913, 0.0 ], [ 106.133170668000034, -1.876383226, 0.0 ], [ 106.13317341, -1.876587420999937, 0.0 ], [ 106.132545225000072, -1.876573898999973, 0.0 ], [ 106.132078512000092, -1.876599326999945, 0.0 ], [ 106.132302531000065, -1.876756949999931, 0.0 ], [ 106.132531181000061, -1.876917482999979, 0.0 ], [ 106.132651172000038, -1.876999066999891, 0.0 ], [ 106.132521826000087, -1.877200145999919, 0.0 ], [ 106.132454478000028, -1.877151345999967, 0.0 ], [ 106.132417246000045, -1.877125644999972, 0.0 ], [ 106.132346987000105, -1.877080099999934, 0.0 ], [ 106.132267988000052, -1.87702935399991, 0.0 ], [ 106.132193840000042, -1.876973719000014, 0.0 ], [ 106.132122595000098, -1.876902775, 0.0 ], [ 106.132038061000031, -1.876797323999896, 0.0 ], [ 106.131948360000067, -1.876711414999893, 0.0 ], [ 106.131789510000075, -1.876869403999909, 0.0 ], [ 106.131542337000042, -1.876633932999966, 0.0 ], [ 106.13132511900001, -1.876420756, 0.0 ], [ 106.131253964000081, -1.876338357999935, 0.0 ], [ 106.131080071000085, -1.876472821999958, 0.0 ], [ 106.130990015000094, -1.876538891999918, 0.0 ], [ 106.130798903000084, -1.876301826999932, 0.0 ], [ 106.13059771100005, -1.876103534999957, 0.0 ], [ 106.130111753000079, -1.875570101999963, 0.0 ], [ 106.130411699000021, -1.875279244999967, 0.0 ], [ 106.130333991000072, -1.875225799999986, 0.0 ], [ 106.130210014000028, -1.875142863999963, 0.0 ], [ 106.130271445000048, -1.875022916999986, 0.0 ] ] ] ] } },
{ "type": "Feature", "properties": { "fid": 11, "NAMOBJ": "Parittenjun", "FCODE": null, "REMARK": "Permukiman dan Tempat Kegiatan", "SRS_ID": null, "LCODE": "GA0040", "METADATA": null, "SHAPE_Leng": 0.00996752402, "SHAPE_Area": 1.71231e-06 }, "geometry": { "type": "MultiPolygon", "coordinates": [ [ [ [ 106.166615426000064, -1.892494022999952, 0.0 ], [ 106.16662501100005, -1.892725972999959, 0.0 ], [ 106.166391342000082, -1.892716688, 0.0 ], [ 106.166208160000025, -1.892705740999973, 0.0 ], [ 106.166142998000055, -1.892897453999937, 0.0 ], [ 106.166086264000072, -1.893062037999965, 0.0 ], [ 106.166093634000049, -1.893137917999938, 0.0 ], [ 106.166127312000086, -1.893191360999919, 0.0 ], [ 106.166179148000111, -1.893254478, 0.0 ], [ 106.166189062000043, -1.893293664999946, 0.0 ], [ 106.166195287000022, -1.893391355999946, 0.0 ], [ 106.166188794000021, -1.89351007499991, 0.0 ], [ 106.166177953000016, -1.893564786999907, 0.0 ], [ 106.166146953000023, -1.893665364999969, 0.0 ], [ 106.166112321000085, -1.89375708999992, 0.0 ], [ 106.165605758000098, -1.893569034999904, 0.0 ], [ 106.165682179000029, -1.893333696999972, 0.0 ], [ 106.16570935200005, -1.893012308999936, 0.0 ], [ 106.165442958000128, -1.893013678999961, 0.0 ], [ 106.165228660000068, -1.893017395, 0.0 ], [ 106.165234011000067, -1.89267611699992, 0.0 ], [ 106.165245683000066, -1.892439165999943, 0.0 ], [ 106.165905299000102, -1.892455832999901, 0.0 ], [ 106.166615426000064, -1.892494022999952, 0.0 ] ] ], [ [ [ 106.171302073000064, -1.887477758999951, 0.0 ], [ 106.171347749000105, -1.8876382, 0.0 ], [ 106.171378904000022, -1.887767391999934, 0.0 ], [ 106.171386207000097, -1.887840842999972, 0.0 ], [ 106.171389917000042, -1.887970578999959, 0.0 ], [ 106.171400903000062, -1.888145624999965, 0.0 ], [ 106.171427901000072, -1.888416505, 0.0 ], [ 106.171432639000031, -1.888537889, 0.0 ], [ 106.171122335000106, -1.88856015399998, 0.0 ], [ 106.171060814000086, -1.887944976999973, 0.0 ], [ 106.170911693000093, -1.887501133999931, 0.0 ], [ 106.170689509000084, -1.887577479999941, 0.0 ], [ 106.17044947100004, -1.88699445299993, 0.0 ], [ 106.170964001000058, -1.886784518999968, 0.0 ], [ 106.171028804000102, -1.886900662999985, 0.0 ], [ 106.171116422000068, -1.887053785999954, 0.0 ], [ 106.171172941000037, -1.887177224999953, 0.0 ], [ 106.171210807000051, -1.887273060999978, 0.0 ], [ 106.171274070000052, -1.887410570999987, 0.0 ], [ 106.171302073000064, -1.887477758999951, 0.0 ] ] ] ] } },
{ "type": "Feature", "properties": { "fid": 12, "NAMOBJ": "Rambak", "FCODE": null, "REMARK": "Permukiman dan Tempat Kegiatan", "SRS_ID": null, "LCODE": "GA0040", "METADATA": null, "SHAPE_Leng": 0.08115249813, "SHAPE_Area": 1.698402e-05 }, "geometry": { "type": "MultiPolygon", "coordinates": [ [ [ [ 106.158431233000044, -1.880666539999937, 0.0 ], [ 106.158329258000052, -1.881131615999959, 0.0 ], [ 106.158494357000023, -1.88117193299992, 0.0 ], [ 106.158453576000028, -1.881356653999927, 0.0 ], [ 106.158395791000046, -1.881340122999981, 0.0 ], [ 106.158345394000051, -1.881519046999952, 0.0 ], [ 106.15826280900005, -1.881826861000019, 0.0 ], [ 106.158158929000081, -1.881793648999936, 0.0 ], [ 106.158182710000091, -1.881707203999977, 0.0 ], [ 106.157891241000044, -1.881597187999934, 0.0 ], [ 106.157839177000085, -1.881617520999929, 0.0 ], [ 106.157784165000066, -1.881626412999954, 0.0 ], [ 106.15767635100012, -1.881622832999924, 0.0 ], [ 106.157574562000036, -1.881900938999931, 0.0 ], [ 106.157346981000046, -1.881820033999898, 0.0 ], [ 106.157313686000037, -1.881908478999933, 0.0 ], [ 106.15692957400006, -1.881751612999921, 0.0 ], [ 106.157104777000072, -1.881461905999932, 0.0 ], [ 106.157120555000049, -1.88146558599997, 0.0 ], [ 106.157214104000062, -1.881493935, 0.0 ], [ 106.157301659000026, -1.881296419, 0.0 ], [ 106.157591480000107, -1.88137744699996, 0.0 ], [ 106.157668057000052, -1.88113245299994, 0.0 ], [ 106.15783093200011, -1.881181759999934, 0.0 ], [ 106.157883080000076, -1.88103835299997, 0.0 ], [ 106.157996230000023, -1.881075896999968, 0.0 ], [ 106.158050485000075, -1.880955835999981, 0.0 ], [ 106.158195282000065, -1.881010935999922, 0.0 ], [ 106.158232630000043, -1.880908680999899, 0.0 ], [ 106.158257138000025, -1.880803113999957, 0.0 ], [ 106.158279800000045, -1.880692021999914, 0.0 ], [ 106.158287833000088, -1.88063222699994, 0.0 ], [ 106.158431233000044, -1.880666539999937, 0.0 ] ] ], [ [ [ 106.158539662000052, -1.879226183999955, 0.0 ], [ 106.158785685000069, -1.879229212999939, 0.0 ], [ 106.159108716000063, -1.879208482, 0.0 ], [ 106.15941408, -1.879184569999976, 0.0 ], [ 106.159606626000041, -1.879164840999942, 0.0 ], [ 106.159877225000045, -1.879132052999982, 0.0 ], [ 106.159928899000064, -1.879485667999931, 0.0 ], [ 106.159710406000016, -1.879513162999985, 0.0 ], [ 106.159697984000047, -1.879441378, 0.0 ], [ 106.15945624900003, -1.879456322999901, 0.0 ], [ 106.159179752000071, -1.879470762999941, 0.0 ], [ 106.159186447000096, -1.879562101999949, 0.0 ], [ 106.159054960000049, -1.879568393999937, 0.0 ], [ 106.159047595000061, -1.879477021999926, 0.0 ], [ 106.158926130000054, -1.87947894, 0.0 ], [ 106.158924277000068, -1.879439450999926, 0.0 ], [ 106.158766758000098, -1.879444053999952, 0.0 ], [ 106.15877238500012, -1.87956438199996, 0.0 ], [ 106.15866735000013, -1.879566499999958, 0.0 ], [ 106.158664050000127, -1.879474813999921, 0.0 ], [ 106.158469159000077, -1.879474465999981, 0.0 ], [ 106.158181799000019, -1.879452818999966, 0.0 ], [ 106.157971666000037, -1.87933908499997, 0.0 ], [ 106.157966401000039, -1.879260829999979, 0.0 ], [ 106.15797730500006, -1.879109394999973, 0.0 ], [ 106.158091524, -1.879169948999921, 0.0 ], [ 106.158173097000088, -1.87919679600001, 0.0 ], [ 106.158251487000101, -1.879212237999956, 0.0 ], [ 106.158372929000024, -1.879224467, 0.0 ], [ 106.158539662000052, -1.879226183999955, 0.0 ] ] ], [ [ [ 106.14760648500004, -1.878670749, 0.0 ], [ 106.147759914000034, -1.878757184999963, 0.0 ], [ 106.147828847000056, -1.878782772999949, 0.0 ], [ 106.14782917800008, -1.878878238999943, 0.0 ], [ 106.147822920000095, -1.878973400999912, 0.0 ], [ 106.147790941000025, -1.878994515999971, 0.0 ], [ 106.147731721000099, -1.879003952999953, 0.0 ], [ 106.147605173000017, -1.879004297999892, 0.0 ], [ 106.14755710700004, -1.879007459999976, 0.0 ], [ 106.147562907000079, -1.879049173999964, 0.0 ], [ 106.147607190000102, -1.879201423999949, 0.0 ], [ 106.1475921360001, -1.879234973999972, 0.0 ], [ 106.14749707200005, -1.879238843999937, 0.0 ], [ 106.147434734000043, -1.879231875999982, 0.0 ], [ 106.147436967000047, -1.879267150999969, 0.0 ], [ 106.147436736000117, -1.879325656999925, 0.0 ], [ 106.147369729000076, -1.879329872, 0.0 ], [ 106.147239871000082, -1.87932869, 0.0 ], [ 106.14722279100009, -1.879328375999973, 0.0 ], [ 106.147218358000075, -1.879258765999986, 0.0 ], [ 106.147194734000081, -1.879082024999929, 0.0 ], [ 106.147185960000058, -1.879054686999976, 0.0 ], [ 106.147077740000086, -1.879066119999945, 0.0 ], [ 106.146983074000062, -1.879072340999927, 0.0 ], [ 106.146911528, -1.879078303999976, 0.0 ], [ 106.146790857000056, -1.879089328999911, 0.0 ], [ 106.146677774000025, -1.879115508999946, 0.0 ], [ 106.146303623000065, -1.879089297999909, 0.0 ], [ 106.146180746000113, -1.879067597999978, 0.0 ], [ 106.14618496700011, -1.879131799999961, 0.0 ], [ 106.146202330000037, -1.879234489999932, 0.0 ], [ 106.146238322000087, -1.879395066999984, 0.0 ], [ 106.14625608700004, -1.879504431999973, 0.0 ], [ 106.146035258000069, -1.87965144799997, 0.0 ], [ 106.145977286000061, -1.879590107999957, 0.0 ], [ 106.145685140000055, -1.879742900999898, 0.0 ], [ 106.145568614000098, -1.879518335999969, 0.0 ], [ 106.145569283000057, -1.879220914999963, 0.0 ], [ 106.145595164000071, -1.878977454999892, 0.0 ], [ 106.145353097000026, -1.878868502999937, 0.0 ], [ 106.145284146000094, -1.878988817999944, 0.0 ], [ 106.144854571000081, -1.878753875999956, 0.0 ], [ 106.145014691000085, -1.878377254999969, 0.0 ], [ 106.144913053000025, -1.878335644, 0.0 ], [ 106.144647867000032, -1.878226515999931, 0.0 ], [ 106.144585170000084, -1.878385713999958, 0.0 ], [ 106.144408144000082, -1.878718285999942, 0.0 ], [ 106.144296521000086, -1.878929061999973, 0.0 ], [ 106.144212501000069, -1.878880127999921, 0.0 ], [ 106.144261884000059, -1.878756185999969, 0.0 ], [ 106.144308411000097, -1.878652610999926, 0.0 ], [ 106.144262244000089, -1.878625918999938, 0.0 ], [ 106.144103668000028, -1.878549827999948, 0.0 ], [ 106.144025031000098, -1.878721889999974, 0.0 ], [ 106.14384881000008, -1.878637793999943, 0.0 ], [ 106.143870394, -1.878586139999933, 0.0 ], [ 106.143768570000105, -1.878535357, 0.0 ], [ 106.143794344000099, -1.87846719499995, 0.0 ], [ 106.143565617, -1.878373386999916, 0.0 ], [ 106.143457776000062, -1.878644483999964, 0.0 ], [ 106.143500872000075, -1.878715291999961, 0.0 ], [ 106.143578808000129, -1.878680887999956, 0.0 ], [ 106.143611367000062, -1.878747177000023, 0.0 ], [ 106.14363884600003, -1.878802367999882, 0.0 ], [ 106.143661617000049, -1.878858823999935, 0.0 ], [ 106.143598031000025, -1.878892613999978, 0.0 ], [ 106.143708004000061, -1.879101882999973, 0.0 ], [ 106.143770722000014, -1.879195660999916, 0.0 ], [ 106.143791537000055, -1.879228480999967, 0.0 ], [ 106.143496301000042, -1.879429229999968, 0.0 ], [ 106.143528314000037, -1.879484892999955, 0.0 ], [ 106.143565644, -1.879533125999949, 0.0 ], [ 106.143612014000027, -1.879604046999956, 0.0 ], [ 106.143668235000064, -1.87970010899991, 0.0 ], [ 106.143705992000079, -1.879769796, 0.0 ], [ 106.143758949000102, -1.879878243999905, 0.0 ], [ 106.143851317000028, -1.880081523999938, 0.0 ], [ 106.143866915000075, -1.880109562999949, 0.0 ], [ 106.143901806000116, -1.880182545999948, 0.0 ], [ 106.143971200000081, -1.880365224999964, 0.0 ], [ 106.143997508000041, -1.880480292999981, 0.0 ], [ 106.144029151000083, -1.880590806999977, 0.0 ], [ 106.144070653000057, -1.880749172999935, 0.0 ], [ 106.144119963000051, -1.880931034999972, 0.0 ], [ 106.143685964000014, -1.88107902899996, 0.0 ], [ 106.143571433000048, -1.88069592099997, 0.0 ], [ 106.14348633500002, -1.880413769999984, 0.0 ], [ 106.143390516000082, -1.880443698999973, 0.0 ], [ 106.143320895000016, -1.880181998999903, 0.0 ], [ 106.143380686000071, -1.880164189999939, 0.0 ], [ 106.143218325000049, -1.879626475999946, 0.0 ], [ 106.143063743000056, -1.879182985999933, 0.0 ], [ 106.142857495000044, -1.878627348999967, 0.0 ], [ 106.142798909000078, -1.87842974399996, 0.0 ], [ 106.142661411000063, -1.878453140999942, 0.0 ], [ 106.142594494000036, -1.878231166999961, 0.0 ], [ 106.142515866000011, -1.878248026999935, 0.0 ], [ 106.142456642000084, -1.878027370999974, 0.0 ], [ 106.14236987000001, -1.87770277899994, 0.0 ], [ 106.142339227000051, -1.877544295999972, 0.0 ], [ 106.142335817000045, -1.877337673999929, 0.0 ], [ 106.142395562, -1.877345395999947, 0.0 ], [ 106.142723657000062, -1.877434078999912, 0.0 ], [ 106.142852808, -1.877470925999941, 0.0 ], [ 106.143031355000033, -1.877528697999925, 0.0 ], [ 106.143218991000111, -1.877611096, 0.0 ], [ 106.143357227000081, -1.877683034, 0.0 ], [ 106.143513590000055, -1.877758605999941, 0.0 ], [ 106.143677659000048, -1.877838277999961, 0.0 ], [ 106.143910606000048, -1.877943439999957, 0.0 ], [ 106.144135399000078, -1.878031728999891, 0.0 ], [ 106.144308065000061, -1.878101372999969, 0.0 ], [ 106.144456138000066, -1.877772755999957, 0.0 ], [ 106.145095683000037, -1.878001325999951, 0.0 ], [ 106.145769477000016, -1.87823891499998, 0.0 ], [ 106.145752807000051, -1.878328806999957, 0.0 ], [ 106.146026307000042, -1.878382042999921, 0.0 ], [ 106.146041884000084, -1.87825609199998, 0.0 ], [ 106.146178942000049, -1.878263349999959, 0.0 ], [ 106.146182269000064, -1.878195993999982, 0.0 ], [ 106.146185148000129, -1.878089243999942, 0.0 ], [ 106.146252662000023, -1.878089847999903, 0.0 ], [ 106.146255808000021, -1.878244354999898, 0.0 ], [ 106.146305040000101, -1.878244833999937, 0.0 ], [ 106.14630848900002, -1.878313831999962, 0.0 ], [ 106.146374683, -1.878313472999932, 0.0 ], [ 106.146377218000026, -1.878358919999962, 0.0 ], [ 106.146526371000022, -1.878361380999899, 0.0 ], [ 106.146528330000095, -1.878414680999957, 0.0 ], [ 106.146197593000082, -1.878412890999898, 0.0 ], [ 106.146201611000066, -1.878508882999935, 0.0 ], [ 106.146206073000073, -1.878678835999964, 0.0 ], [ 106.146317421000049, -1.878689048999921, 0.0 ], [ 106.146463321000041, -1.87869761799992, 0.0 ], [ 106.146576603000099, -1.878713046999953, 0.0 ], [ 106.146732933000067, -1.878738016999976, 0.0 ], [ 106.146903296000033, -1.878750667999957, 0.0 ], [ 106.147021650000056, -1.878752055999983, 0.0 ], [ 106.147010839000046, -1.878665597999935, 0.0 ], [ 106.146996560000019, -1.878604903999887, 0.0 ], [ 106.146974779000089, -1.878552554, 0.0 ], [ 106.146940547000014, -1.878472606999954, 0.0 ], [ 106.146935785000053, -1.878459079999989, 0.0 ], [ 106.146905793000059, -1.878373897999958, 0.0 ], [ 106.1468858100001, -1.878308259999945, 0.0 ], [ 106.146886308000049, -1.878273616999921, 0.0 ], [ 106.146884455000077, -1.878215002999956, 0.0 ], [ 106.147219966000122, -1.878119483999957, 0.0 ], [ 106.147355726000072, -1.878086844999921, 0.0 ], [ 106.147481751000029, -1.878051202999903, 0.0 ], [ 106.147467036000052, -1.877964529999926, 0.0 ], [ 106.147439280000057, -1.877820007999959, 0.0 ], [ 106.14755512800005, -1.877791767999931, 0.0 ], [ 106.147494933000047, -1.877614103999975, 0.0 ], [ 106.147476794000056, -1.877553242, 0.0 ], [ 106.147590273000034, -1.877517240999954, 0.0 ], [ 106.147711233000095, -1.877482147999982, 0.0 ], [ 106.14779677500006, -1.87745290599996, 0.0 ], [ 106.147867591000065, -1.877431591999973, 0.0 ], [ 106.147829473000016, -1.877307412999913, 0.0 ], [ 106.148006642000027, -1.877248665999937, 0.0 ], [ 106.148127013000121, -1.877605245999953, 0.0 ], [ 106.147928615000055, -1.87766664599997, 0.0 ], [ 106.147750754000072, -1.877730222, 0.0 ], [ 106.147858850000048, -1.878061320999941, 0.0 ], [ 106.147906840000118, -1.878213711999938, 0.0 ], [ 106.147994777000108, -1.878469008999923, 0.0 ], [ 106.147792133000038, -1.878577295999912, 0.0 ], [ 106.147652177000097, -1.878654436999988, 0.0 ], [ 106.147608615000038, -1.878669987999943, 0.0 ], [ 106.14760648500004, -1.878670749, 0.0 ] ] ], [ [ [ 106.156724105000109, -1.877239313999962, 0.0 ], [ 106.156714750000049, -1.877258170999924, 0.0 ], [ 106.156273947000074, -1.876933683999899, 0.0 ], [ 106.156424998000048, -1.876741155999956, 0.0 ], [ 106.156837567000082, -1.877045873999944, 0.0 ], [ 106.156796520000057, -1.877119829999935, 0.0 ], [ 106.156751866, -1.877198881, 0.0 ], [ 106.156724105000109, -1.877239313999962, 0.0 ] ] ], [ [ [ 106.15230363900011, -1.875689108999951, 0.0 ], [ 106.152228429000019, -1.875873037999981, 0.0 ], [ 106.152141011000069, -1.87611728399994, 0.0 ], [ 106.152087269000063, -1.876349058999932, 0.0 ], [ 106.152294846000089, -1.876382948999983, 0.0 ], [ 106.152282407000129, -1.876610031999943, 0.0 ], [ 106.151956657000085, -1.876607029999961, 0.0 ], [ 106.151951704000027, -1.87680965999994, 0.0 ], [ 106.152183760000042, -1.876805558999956, 0.0 ], [ 106.152198899000055, -1.876937193999923, 0.0 ], [ 106.152558681000073, -1.87688301499997, 0.0 ], [ 106.152972172, -1.876835981999897, 0.0 ], [ 106.153185094000037, -1.876806499999945, 0.0 ], [ 106.153153079000049, -1.876486570999941, 0.0 ], [ 106.153336687000049, -1.876467825999989, 0.0 ], [ 106.153371486000083, -1.876748848999971, 0.0 ], [ 106.153409360000111, -1.877064588999894, 0.0 ], [ 106.153878731000049, -1.877036924, 0.0 ], [ 106.15394299200004, -1.876982515999942, 0.0 ], [ 106.153798666000085, -1.87683364299997, 0.0 ], [ 106.153887675000078, -1.876753077999965, 0.0 ], [ 106.153981403000017, -1.876673445999949, 0.0 ], [ 106.154301858000068, -1.876424645999969, 0.0 ], [ 106.154252909, -1.876355760999954, 0.0 ], [ 106.154522251000088, -1.87618908099993, 0.0 ], [ 106.154479483000017, -1.876113888999925, 0.0 ], [ 106.154430867000073, -1.876003205999916, 0.0 ], [ 106.15440362700005, -1.875920186999974, 0.0 ], [ 106.154381244000064, -1.875839769999982, 0.0 ], [ 106.154354012000027, -1.875767496999953, 0.0 ], [ 106.154486829000092, -1.87570412899995, 0.0 ], [ 106.15468325000009, -1.876055518999981, 0.0 ], [ 106.154888641000028, -1.876430648999933, 0.0 ], [ 106.154767798000066, -1.876547719999938, 0.0 ], [ 106.154712148000087, -1.876596992000018, 0.0 ], [ 106.15460180800001, -1.876504270999896, 0.0 ], [ 106.154479553000016, -1.876637624999916, 0.0 ], [ 106.154477097000083, -1.876809189, 0.0 ], [ 106.154840617000048, -1.87682122499992, 0.0 ], [ 106.155072169000022, -1.876867649999942, 0.0 ], [ 106.155238628000035, -1.876968382000016, 0.0 ], [ 106.155174238000129, -1.877143041999902, 0.0 ], [ 106.155323727000052, -1.877214221999929, 0.0 ], [ 106.155459707000034, -1.877299374999958, 0.0 ], [ 106.155564868000027, -1.877367235999977, 0.0 ], [ 106.155701751000066, -1.877458773999913, 0.0 ], [ 106.155821054000086, -1.877550185999927, 0.0 ], [ 106.155902367000067, -1.87759208999993, 0.0 ], [ 106.156073578000104, -1.877353823999933, 0.0 ], [ 106.156374134000018, -1.877540033999975, 0.0 ], [ 106.156665755000077, -1.877736102999944, 0.0 ], [ 106.156867110000036, -1.877451359999921, 0.0 ], [ 106.156940258000049, -1.877520000999916, 0.0 ], [ 106.156998285000057, -1.877571321999899, 0.0 ], [ 106.157027291000063, -1.877594096999919, 0.0 ], [ 106.157063261000104, -1.877622647999972, 0.0 ], [ 106.157101034000036, -1.877649360999961, 0.0 ], [ 106.157138207000088, -1.877676995999939, 0.0 ], [ 106.157201063000045, -1.877731054999971, 0.0 ], [ 106.157234613000071, -1.877760817999946, 0.0 ], [ 106.157257890000039, -1.877789675999936, 0.0 ], [ 106.157282687000048, -1.877838286999961, 0.0 ], [ 106.157287843000034, -1.877858038999908, 0.0 ], [ 106.157470186000111, -1.878021506999933, 0.0 ], [ 106.157288478000083, -1.878216732999921, 0.0 ], [ 106.15747394800006, -1.878375246999981, 0.0 ], [ 106.157687045000017, -1.878563486999924, 0.0 ], [ 106.157505006000065, -1.87881201699997, 0.0 ], [ 106.157587495000044, -1.878866206999924, 0.0 ], [ 106.157713956000023, -1.878938611999964, 0.0 ], [ 106.15759957700007, -1.879151761999926, 0.0 ], [ 106.157239955000065, -1.878921669999984, 0.0 ], [ 106.157083754000027, -1.878806743999978, 0.0 ], [ 106.15702543, -1.878753640999936, 0.0 ], [ 106.156811317000034, -1.878582772999921, 0.0 ], [ 106.156427883000021, -1.87904066199997, 0.0 ], [ 106.156287212000024, -1.878911815999968, 0.0 ], [ 106.156484987000042, -1.878671223999956, 0.0 ], [ 106.156096290000036, -1.878361776999932, 0.0 ], [ 106.156214567000049, -1.878197567999934, 0.0 ], [ 106.155638107000044, -1.877770095, 0.0 ], [ 106.155509712000082, -1.877938678999919, 0.0 ], [ 106.155129724000076, -1.87767522999997, 0.0 ], [ 106.154950840000112, -1.877925387999974, 0.0 ], [ 106.154709696000054, -1.877775069999971, 0.0 ], [ 106.154845496000107, -1.877581815999968, 0.0 ], [ 106.154718641000088, -1.877491247999935, 0.0 ], [ 106.154270501000042, -1.877465467999934, 0.0 ], [ 106.15426018000008, -1.87736424, 0.0 ], [ 106.154022020000085, -1.877388692999976, 0.0 ], [ 106.154080793000062, -1.877870671999976, 0.0 ], [ 106.152996007000112, -1.878023576000015, 0.0 ], [ 106.152933515000086, -1.877514808999931, 0.0 ], [ 106.152398862000084, -1.877569408999919, 0.0 ], [ 106.152426922000089, -1.878020609999948, 0.0 ], [ 106.151981828000032, -1.878038338, 0.0 ], [ 106.151974178000032, -1.87789933499995, 0.0 ], [ 106.151789111000085, -1.877904311999917, 0.0 ], [ 106.151737215000054, -1.877344250999941, 0.0 ], [ 106.151586805000036, -1.877353005999955, 0.0 ], [ 106.151400603000084, -1.877385955999928, 0.0 ], [ 106.151215329000124, -1.877431214999942, 0.0 ], [ 106.150851531000043, -1.877484334999985, 0.0 ], [ 106.15073703300007, -1.877504360999954, 0.0 ], [ 106.150789754000087, -1.877761944999951, 0.0 ], [ 106.150588763000059, -1.877789035999972, 0.0 ], [ 106.150607134000069, -1.877931606999955, 0.0 ], [ 106.150367159000027, -1.877968371999978, 0.0 ], [ 106.150384118, -1.878062244000017, 0.0 ], [ 106.150401422000101, -1.878177886999905, 0.0 ], [ 106.150113552000093, -1.878224909999976, 0.0 ], [ 106.150077247000098, -1.878031242999939, 0.0 ], [ 106.150039832000033, -1.877838801999915, 0.0 ], [ 106.149789026000064, -1.87788300700002, 0.0 ], [ 106.149536175, -1.877961639999953, 0.0 ], [ 106.149385266000053, -1.878009109999973, 0.0 ], [ 106.149002714000105, -1.878223799999973, 0.0 ], [ 106.148837551000028, -1.877958369999949, 0.0 ], [ 106.148740968000112, -1.87800727099991, 0.0 ], [ 106.148547572000012, -1.878116349999964, 0.0 ], [ 106.148366074000094, -1.877718447999905, 0.0 ], [ 106.148607720000101, -1.877595252999925, 0.0 ], [ 106.148897114000064, -1.877472023999943, 0.0 ], [ 106.14912430400004, -1.877391552999947, 0.0 ], [ 106.149079271000048, -1.877279220999978, 0.0 ], [ 106.148994768000065, -1.876991949999923, 0.0 ], [ 106.149182054000022, -1.876941675999938, 0.0 ], [ 106.149216104000089, -1.877045140999972, 0.0 ], [ 106.149259224, -1.877164095999956, 0.0 ], [ 106.149293266000072, -1.877255702999986, 0.0 ], [ 106.149526683000019, -1.877196019999933, 0.0 ], [ 106.149576706000076, -1.877375756999883, 0.0 ], [ 106.149773689000128, -1.877333840999968, 0.0 ], [ 106.150007265000085, -1.877283346999964, 0.0 ], [ 106.149972306000038, -1.877128868999972, 0.0 ], [ 106.150081600000107, -1.877104776999933, 0.0 ], [ 106.15002636800007, -1.876885265999889, 0.0 ], [ 106.150328347000098, -1.876796285999988, 0.0 ], [ 106.150422605000074, -1.877023135999928, 0.0 ], [ 106.150483183000034, -1.877171512999948, 0.0 ], [ 106.15060096900001, -1.87713576600001, 0.0 ], [ 106.150738020000063, -1.877088094999974, 0.0 ], [ 106.150960420000075, -1.876997936999975, 0.0 ], [ 106.151151082000041, -1.876927890999952, 0.0 ], [ 106.151340831000113, -1.876860693999988, 0.0 ], [ 106.151481910000058, -1.876646873999971, 0.0 ], [ 106.151176920000054, -1.876405659999908, 0.0 ], [ 106.151360520000054, -1.876194201, 0.0 ], [ 106.151546584000087, -1.876331696, 0.0 ], [ 106.151590454000072, -1.876276585999975, 0.0 ], [ 106.151720673000099, -1.876076033, 0.0 ], [ 106.151650169000035, -1.876037433, 0.0 ], [ 106.151794587, -1.875767027999914, 0.0 ], [ 106.152010049000069, -1.875870821999976, 0.0 ], [ 106.152049867000073, -1.875791014999945, 0.0 ], [ 106.15208786700002, -1.87569661899995, 0.0 ], [ 106.152126324000093, -1.875611802999949, 0.0 ], [ 106.15230363900011, -1.875689108999951, 0.0 ] ] ], [ [ [ 106.149381438, -1.876820847999977, 0.0 ], [ 106.149163543000085, -1.876875188999944, 0.0 ], [ 106.149160951000056, -1.876865876999973, 0.0 ], [ 106.149123010000025, -1.87672152399993, 0.0 ], [ 106.149099824000061, -1.876607104999967, 0.0 ], [ 106.149073467000093, -1.87648631199992, 0.0 ], [ 106.149056199000086, -1.876403350999984, 0.0 ], [ 106.149034384000061, -1.876299424, 0.0 ], [ 106.149013023000066, -1.876201421999974, 0.0 ], [ 106.148987588000097, -1.876114819999914, 0.0 ], [ 106.148932230000042, -1.875975358999921, 0.0 ], [ 106.148906872000083, -1.875843303999919, 0.0 ], [ 106.148906816000078, -1.875756684999947, 0.0 ], [ 106.148914545000096, -1.875697088999989, 0.0 ], [ 106.148913207000064, -1.875630660999911, 0.0 ], [ 106.148899905000036, -1.875577591999961, 0.0 ], [ 106.149008433000049, -1.875571775999924, 0.0 ], [ 106.149057848000041, -1.875557695999913, 0.0 ], [ 106.149100677000035, -1.87553296399991, 0.0 ], [ 106.149139837000078, -1.875505638999958, 0.0 ], [ 106.149182483000061, -1.875449385000011, 0.0 ], [ 106.14921299400001, -1.875393518999918, 0.0 ], [ 106.149244131, -1.875333699999943, 0.0 ], [ 106.149293939000046, -1.875287001999898, 0.0 ], [ 106.149361489000029, -1.875259911999966, 0.0 ], [ 106.149426481, -1.875253526999971, 0.0 ], [ 106.149491485000041, -1.875252861, 0.0 ], [ 106.149595017000081, -1.875263347999984, 0.0 ], [ 106.149699509000115, -1.875283991999916, 0.0 ], [ 106.149815298000107, -1.875313250999938, 0.0 ], [ 106.149894809000017, -1.875335330999989, 0.0 ], [ 106.149922033000053, -1.875633554999973, 0.0 ], [ 106.149782225000124, -1.875671319999989, 0.0 ], [ 106.149642146000076, -1.875712414999925, 0.0 ], [ 106.149379616000019, -1.875771229999907, 0.0 ], [ 106.149408627000113, -1.875910183999946, 0.0 ], [ 106.149432613000059, -1.876011229999958, 0.0 ], [ 106.149200557000128, -1.876058057999924, 0.0 ], [ 106.149291848000047, -1.876427809999965, 0.0 ], [ 106.149381438, -1.876820847999977, 0.0 ] ] ] ] } },
{ "type": "Feature", "properties": { "fid": 13, "NAMOBJ": "Telukkuber", "FCODE": null, "REMARK": "Permukiman dan Tempat Kegiatan", "SRS_ID": null, "LCODE": "GA0040", "METADATA": null, "SHAPE_Leng": 0.01499221466, "SHAPE_Area": 2.45039e-06 }, "geometry": { "type": "MultiPolygon", "coordinates": [ [ [ [ 106.168853922, -1.883290673999988, 0.0 ], [ 106.168593632000054, -1.883862655999974, 0.0 ], [ 106.168356449000058, -1.883715693999894, 0.0 ], [ 106.168162375000065, -1.883586873999982, 0.0 ], [ 106.167985795000021, -1.883471529999942, 0.0 ], [ 106.16782087100006, -1.883379613999975, 0.0 ], [ 106.167851197000076, -1.883342886999956, 0.0 ], [ 106.167856325000059, -1.883269289999906, 0.0 ], [ 106.167945739000089, -1.883136887999965, 0.0 ], [ 106.167996532000117, -1.883085042999938, 0.0 ], [ 106.168070723000127, -1.883018364999928, 0.0 ], [ 106.168138244000033, -1.882961116999987, 0.0 ], [ 106.168210445000057, -1.88291665499995, 0.0 ], [ 106.168300041000094, -1.882868137999933, 0.0 ], [ 106.168559576000078, -1.883075590999955, 0.0 ], [ 106.168853922, -1.883290673999988, 0.0 ] ] ], [ [ [ 106.16526148500013, -1.878989780999935, 0.0 ], [ 106.165278363000098, -1.879065315999967, 0.0 ], [ 106.16531014800006, -1.879167543999899, 0.0 ], [ 106.165329932000105, -1.879233632999949, 0.0 ], [ 106.165340307000079, -1.879262281999922, 0.0 ], [ 106.165343873000012, -1.879271071999939, 0.0 ], [ 106.165350705000051, -1.879324796999943, 0.0 ], [ 106.165368242000071, -1.879417916, 0.0 ], [ 106.165392904000072, -1.87951558899992, 0.0 ], [ 106.165425987000063, -1.879625954999903, 0.0 ], [ 106.16546328500003, -1.879747065999976, 0.0 ], [ 106.165487924000033, -1.879814453999956, 0.0 ], [ 106.165537484000041, -1.879881827999935, 0.0 ], [ 106.16561749, -1.879985651, 0.0 ], [ 106.165650523000068, -1.880020470999949, 0.0 ], [ 106.165683230000113, -1.880051709999958, 0.0 ], [ 106.165719182000075, -1.880095644999952, 0.0 ], [ 106.165764530000089, -1.880156834999952, 0.0 ], [ 106.165809242000066, -1.880232024999956, 0.0 ], [ 106.165562526000073, -1.880405211999986, 0.0 ], [ 106.16526064500006, -1.879918592999958, 0.0 ], [ 106.165045025000069, -1.879430944999933, 0.0 ], [ 106.164948338000059, -1.879220060999981, 0.0 ], [ 106.164856085000068, -1.878995293999947, 0.0 ], [ 106.164784349000087, -1.879025647999883, 0.0 ], [ 106.164657932000097, -1.879084396999947, 0.0 ], [ 106.164573147000013, -1.879120913999949, 0.0 ], [ 106.164523946000116, -1.879006293999969, 0.0 ], [ 106.164449863000115, -1.878843636999922, 0.0 ], [ 106.16468822500012, -1.878723611999939, 0.0 ], [ 106.165002489000102, -1.878576005999983, 0.0 ], [ 106.164793212000106, -1.878279637999975, 0.0 ], [ 106.165036712000088, -1.878108524999939, 0.0 ], [ 106.165345579000061, -1.878577501999929, 0.0 ], [ 106.165314002000031, -1.878596281999973, 0.0 ], [ 106.165278395000101, -1.878623106999972, 0.0 ], [ 106.165267114000059, -1.878693777999957, 0.0 ], [ 106.165253564000096, -1.878758912999928, 0.0 ], [ 106.165240761000092, -1.878863576999973, 0.0 ], [ 106.165252376000083, -1.878918798999924, 0.0 ], [ 106.16526148500013, -1.878989780999935, 0.0 ] ] ], [ [ [ 106.16395870100007, -1.876462868999934, 0.0 ], [ 106.164194916000071, -1.876671387999957, 0.0 ], [ 106.164077244000012, -1.87675634899997, 0.0 ], [ 106.164014939000097, -1.876830199999952, 0.0 ], [ 106.163937250000075, -1.87693727799993, 0.0 ], [ 106.16386286200013, -1.877035495999974, 0.0 ], [ 106.164071145000051, -1.877175850999952, 0.0 ], [ 106.163993315000084, -1.8773179949999, 0.0 ], [ 106.16408052200002, -1.877376365999933, 0.0 ], [ 106.163955343000055, -1.877552840999969, 0.0 ], [ 106.163902815000057, -1.877523106999907, 0.0 ], [ 106.16370450000008, -1.87775282, 0.0 ], [ 106.16352593700006, -1.877931489999946, 0.0 ], [ 106.163321126000071, -1.877729261999911, 0.0 ], [ 106.16325377200009, -1.877791343999985, 0.0 ], [ 106.163183450000048, -1.877851487999988, 0.0 ], [ 106.163076407000077, -1.877942717999898, 0.0 ], [ 106.162989889000116, -1.878010309999984, 0.0 ], [ 106.162872216000054, -1.878093794999963, 0.0 ], [ 106.162754526000086, -1.878166941999976, 0.0 ], [ 106.162549329000072, -1.877847876999955, 0.0 ], [ 106.162756856000016, -1.877693774, 0.0 ], [ 106.163219473000098, -1.877322278999899, 0.0 ], [ 106.163477981000085, -1.877092913999928, 0.0 ], [ 106.163420616000039, -1.877029536999925, 0.0 ], [ 106.163547924000099, -1.876914108999967, 0.0 ], [ 106.163443792000095, -1.876812409, 0.0 ], [ 106.163661081000043, -1.876586672999964, 0.0 ], [ 106.163744031000064, -1.876655177999948, 0.0 ], [ 106.16395870100007, -1.876462868999934, 0.0 ] ] ] ] } },
{ "type": "Feature", "properties": { "fid": 14, "NAMOBJ": "Tonghin", "FCODE": null, "REMARK": "Permukiman dan Tempat Kegiatan", "SRS_ID": null, "LCODE": "GA0040", "METADATA": null, "SHAPE_Leng": 0.02256135561, "SHAPE_Area": 3.26716e-06 }, "geometry": { "type": "MultiPolygon", "coordinates": [ [ [ [ 106.128183176000022, -1.895186550999978, 0.0 ], [ 106.128081281000021, -1.895420613999893, 0.0 ], [ 106.127684540000061, -1.895238157999896, 0.0 ], [ 106.127553594000062, -1.895503595, 0.0 ], [ 106.127375827, -1.895402493, 0.0 ], [ 106.127420736, -1.89532123199993, 0.0 ], [ 106.127237302000097, -1.895182901999942, 0.0 ], [ 106.127301961000029, -1.895078112999976, 0.0 ], [ 106.127353126000088, -1.894958136, 0.0 ], [ 106.127409142000019, -1.894832729999924, 0.0 ], [ 106.127488102000058, -1.89461254, 0.0 ], [ 106.127502142000068, -1.894693985, 0.0 ], [ 106.127529463000116, -1.894778196999941, 0.0 ], [ 106.127553658000068, -1.894824204999929, 0.0 ], [ 106.12767645800001, -1.894947433, 0.0 ], [ 106.127744667000059, -1.894992542999913, 0.0 ], [ 106.127799750000094, -1.895024283999963, 0.0 ], [ 106.127862427000125, -1.895050645999924, 0.0 ], [ 106.127931486000065, -1.895076470999929, 0.0 ], [ 106.128003305000064, -1.895102302999935, 0.0 ], [ 106.128073750000027, -1.89513039599995, 0.0 ], [ 106.128183176000022, -1.895186550999978, 0.0 ] ] ], [ [ [ 106.132564495000068, -1.890904847999914, 0.0 ], [ 106.132884481000076, -1.891166805999917, 0.0 ], [ 106.133002841000092, -1.891017457, 0.0 ], [ 106.133122101000112, -1.891097290999938, 0.0 ], [ 106.133211231000104, -1.890963037999932, 0.0 ], [ 106.133321887000122, -1.891035569999894, 0.0 ], [ 106.133249632000087, -1.891155736999978, 0.0 ], [ 106.133013929000043, -1.891468586999928, 0.0 ], [ 106.132768164000041, -1.891263185999986, 0.0 ], [ 106.132642383000118, -1.891386699999903, 0.0 ], [ 106.133346587000034, -1.891956917999921, 0.0 ], [ 106.133244281000088, -1.892174008999942, 0.0 ], [ 106.133342608000049, -1.892220160999941, 0.0 ], [ 106.13328274800007, -1.892397731999979, 0.0 ], [ 106.133245023000057, -1.8924183, 0.0 ], [ 106.133214173000084, -1.892425718999985, 0.0 ], [ 106.13317169900003, -1.892427899999988, 0.0 ], [ 106.133139181, -1.89242624799994, 0.0 ], [ 106.133112118000085, -1.892421489, 0.0 ], [ 106.133073662000101, -1.892411003999922, 0.0 ], [ 106.133043280000066, -1.892403859999953, 0.0 ], [ 106.132996762000033, -1.892396491999965, 0.0 ], [ 106.132935759000048, -1.892384111999918, 0.0 ], [ 106.132877718000046, -1.892373013999888, 0.0 ], [ 106.132897237000066, -1.892343043999984, 0.0 ], [ 106.132943507000078, -1.892259171999972, 0.0 ], [ 106.132970357000076, -1.892208057999917, 0.0 ], [ 106.132722925000024, -1.892069219999976, 0.0 ], [ 106.132584804000061, -1.891973580999967, 0.0 ], [ 106.132643375000015, -1.891876352999916, 0.0 ], [ 106.132540415000022, -1.891808566, 0.0 ], [ 106.132443160000065, -1.891737067999938, 0.0 ], [ 106.132300056000034, -1.891609319999938, 0.0 ], [ 106.132378857000077, -1.891492976999904, 0.0 ], [ 106.13243633300003, -1.891396958999953, 0.0 ], [ 106.13236398700009, -1.891361891999982, 0.0 ], [ 106.132298311000071, -1.891339854999935, 0.0 ], [ 106.132181143000054, -1.891291954999969, 0.0 ], [ 106.132564495000068, -1.890904847999914, 0.0 ] ] ], [ [ [ 106.131444531000042, -1.890305009999932, 0.0 ], [ 106.131025124000061, -1.890583693999898, 0.0 ], [ 106.13118963000008, -1.890819188999932, 0.0 ], [ 106.13094236700006, -1.890985640999937, 0.0 ], [ 106.130617933000039, -1.891153511999971, 0.0 ], [ 106.130522906000081, -1.890998733999955, 0.0 ], [ 106.130666181000024, -1.890902473999984, 0.0 ], [ 106.130482869000048, -1.890713064999944, 0.0 ], [ 106.129908889000077, -1.890403553999914, 0.0 ], [ 106.130069346000113, -1.890086660999985, 0.0 ], [ 106.130287242000023, -1.890193867999884, 0.0 ], [ 106.130408841000047, -1.890240236, 0.0 ], [ 106.130507430000037, -1.890276497999971, 0.0 ], [ 106.130570345000095, -1.890298635999938, 0.0 ], [ 106.130628182000081, -1.890318208999958, 0.0 ], [ 106.130677345000066, -1.890331202999968, 0.0 ], [ 106.130722691000088, -1.890330266999979, 0.0 ], [ 106.130787529000116, -1.890309628999959, 0.0 ], [ 106.130861816000049, -1.890272646999919, 0.0 ], [ 106.131015156000032, -1.890204534999968, 0.0 ], [ 106.131112414000086, -1.890156503, 0.0 ], [ 106.131236996000013, -1.890076504999944, 0.0 ], [ 106.131275539000086, -1.890038849999937, 0.0 ], [ 106.131368634000069, -1.890170509, 0.0 ], [ 106.13141596800007, -1.890259167999958, 0.0 ], [ 106.131444531000042, -1.890305009999932, 0.0 ] ] ], [ [ [ 106.129074310000121, -1.889098706999953, 0.0 ], [ 106.129044001000096, -1.889280022999945, 0.0 ], [ 106.128957187000111, -1.889484535999903, 0.0 ], [ 106.128827398000027, -1.889744937999954, 0.0 ], [ 106.128733931000028, -1.889710181999921, 0.0 ], [ 106.128638973000079, -1.890018421999934, 0.0 ], [ 106.128604400000057, -1.89015160499994, 0.0 ], [ 106.128356290000042, -1.89007848099993, 0.0 ], [ 106.128358357000124, -1.890007056999971, 0.0 ], [ 106.128070496000106, -1.889899914999988, 0.0 ], [ 106.128263246000074, -1.889427359999968, 0.0 ], [ 106.12844493500009, -1.889018213999955, 0.0 ], [ 106.128740532000037, -1.889140251999927, 0.0 ], [ 106.128781360000048, -1.88904643399998, 0.0 ], [ 106.128791374000073, -1.889023423999942, 0.0 ], [ 106.128826265000029, -1.888928748999924, 0.0 ], [ 106.12884648, -1.888825400999989, 0.0 ], [ 106.12911737900005, -1.888907972999982, 0.0 ], [ 106.129074310000121, -1.889098706999953, 0.0 ] ] ], [ [ [ 106.132447790000086, -1.887858767999945, 0.0 ], [ 106.132531326000077, -1.888123376999901, 0.0 ], [ 106.132773218000111, -1.888023438999981, 0.0 ], [ 106.133073234000065, -1.887828232999905, 0.0 ], [ 106.133191877000016, -1.887972917999975, 0.0 ], [ 106.133045745000089, -1.888093061999968, 0.0 ], [ 106.132888973, -1.888205714999963, 0.0 ], [ 106.133101422000081, -1.88855668899996, 0.0 ], [ 106.132994183000093, -1.888626245999942, 0.0 ], [ 106.132897712000016, -1.888679542, 0.0 ], [ 106.132798757000089, -1.888730522999954, 0.0 ], [ 106.132713566000049, -1.888779857999951, 0.0 ], [ 106.13263938300004, -1.888838332, 0.0 ], [ 106.132582161000101, -1.888904933999908, 0.0 ], [ 106.132548931000116, -1.888982059999894, 0.0 ], [ 106.132225244000068, -1.888478946999922, 0.0 ], [ 106.13234024900008, -1.888401180999971, 0.0 ], [ 106.132221203000086, -1.887935310999972, 0.0 ], [ 106.132164207000073, -1.887660570999977, 0.0 ], [ 106.13238212300007, -1.887619376999944, 0.0 ], [ 106.132447790000086, -1.887858767999945, 0.0 ] ] ] ] } },
{ "type": "Feature", "properties": { "fid": 15, "NAMOBJ": "Airkenanga", "FCODE": null, "REMARK": "Permukiman dan Tempat Kegiatan", "SRS_ID": null, "LCODE": "GA0040", "METADATA": null, "SHAPE_Leng": 0.04950543272, "SHAPE_Area": 1.881538e-05 }, "geometry": { "type": "MultiPolygon", "coordinates": [ [ [ [ 106.122833564000061, -1.931597528999935, 0.0 ], [ 106.122901624000093, -1.931961148, 0.0 ], [ 106.123604529000076, -1.931776767999932, 0.0 ], [ 106.123656002000075, -1.932072158999948, 0.0 ], [ 106.123353323000075, -1.932126452, 0.0 ], [ 106.123460128000033, -1.932582235999964, 0.0 ], [ 106.123385646000088, -1.932596079999954, 0.0 ], [ 106.123008132000024, -1.932702705999895, 0.0 ], [ 106.122753962000047, -1.932809248999917, 0.0 ], [ 106.122405437000069, -1.932977907999928, 0.0 ], [ 106.122104673000052, -1.933046491, 0.0 ], [ 106.121712002000081, -1.933070812999977, 0.0 ], [ 106.121324335000068, -1.93305080899992, 0.0 ], [ 106.120986979000037, -1.932977584, 0.0 ], [ 106.120557653000049, -1.932766386000012, 0.0 ], [ 106.120480341000047, -1.932727830999931, 0.0 ], [ 106.120327496000101, -1.93265160499993, 0.0 ], [ 106.120647827000042, -1.931990106999909, 0.0 ], [ 106.120877839000073, -1.932113949999942, 0.0 ], [ 106.120807651000035, -1.932288754999928, 0.0 ], [ 106.121068267000012, -1.932415905999968, 0.0 ], [ 106.121103761000114, -1.932306866, 0.0 ], [ 106.121646449000067, -1.932486256999927, 0.0 ], [ 106.121634086000114, -1.932552839999929, 0.0 ], [ 106.121954231000046, -1.932645831999896, 0.0 ], [ 106.122328888000041, -1.932624777999931, 0.0 ], [ 106.122308064, -1.932497576999975, 0.0 ], [ 106.122260639000089, -1.932343617999938, 0.0 ], [ 106.12222733200008, -1.932222575999959, 0.0 ], [ 106.122169854000035, -1.932090405999948, 0.0 ], [ 106.122112911000031, -1.932009902999948, 0.0 ], [ 106.122051944000049, -1.931933960999971, 0.0 ], [ 106.122330856000119, -1.931842524999955, 0.0 ], [ 106.122270374, -1.931683617999952, 0.0 ], [ 106.122833564000061, -1.931597528999935, 0.0 ] ] ], [ [ [ 106.118582472000043, -1.925871774999938, 0.0 ], [ 106.118841625000073, -1.926483928999962, 0.0 ], [ 106.118434620000059, -1.926696386999954, 0.0 ], [ 106.118366861000055, -1.926846369000018, 0.0 ], [ 106.118044860000055, -1.926827839999906, 0.0 ], [ 106.117946569000097, -1.927085609999918, 0.0 ], [ 106.117222074000011, -1.927053958999964, 0.0 ], [ 106.11719709500008, -1.927516506999955, 0.0 ], [ 106.116986201000131, -1.927509282999979, 0.0 ], [ 106.116868972000105, -1.92831260000001, 0.0 ], [ 106.117085878000111, -1.928356634999923, 0.0 ], [ 106.117035482000034, -1.928609018999933, 0.0 ], [ 106.1180808390001, -1.928948365999944, 0.0 ], [ 106.117999309000112, -1.929406934999961, 0.0 ], [ 106.118292054000079, -1.92944891199997, 0.0 ], [ 106.118361570000062, -1.928932784999987, 0.0 ], [ 106.119151851000083, -1.929061832999918, 0.0 ], [ 106.119153403000027, -1.929254941, 0.0 ], [ 106.119177594000078, -1.929762792, 0.0 ], [ 106.119341231000121, -1.93018744099997, 0.0 ], [ 106.119508462000098, -1.930499443999939, 0.0 ], [ 106.119543462000067, -1.930545482999929, 0.0 ], [ 106.119429943000085, -1.930609488999985, 0.0 ], [ 106.119339541000059, -1.930723341, 0.0 ], [ 106.119293763000101, -1.930833472999955, 0.0 ], [ 106.119265101000039, -1.93094051799993, 0.0 ], [ 106.119218717000109, -1.93105741700001, 0.0 ], [ 106.119150921000085, -1.931151570999895, 0.0 ], [ 106.119065400000025, -1.93125004199996, 0.0 ], [ 106.118989036000102, -1.931330054999919, 0.0 ], [ 106.118916345000045, -1.931416831, 0.0 ], [ 106.118799749000075, -1.931560188999954, 0.0 ], [ 106.118527817000043, -1.93131647499995, 0.0 ], [ 106.11819791900011, -1.931100145, 0.0 ], [ 106.117795003000083, -1.930856002999954, 0.0 ], [ 106.117408449000067, -1.930611848999914, 0.0 ], [ 106.117083597000018, -1.930413244, 0.0 ], [ 106.116729803000055, -1.930224788999952, 0.0 ], [ 106.116353373000081, -1.930064208999988, 0.0 ], [ 106.115831430000057, -1.929905705999929, 0.0 ], [ 106.115462582000092, -1.929832888999944, 0.0 ], [ 106.114779194000036, -1.92961624799996, 0.0 ], [ 106.1141047710001, -1.929363419, 0.0 ], [ 106.11405077100008, -1.929272998999982, 0.0 ], [ 106.114093830000087, -1.929131864999939, 0.0 ], [ 106.114897915000086, -1.929283665999976, 0.0 ], [ 106.114954107000031, -1.928902451999964, 0.0 ], [ 106.114801764000035, -1.928851988999964, 0.0 ], [ 106.114837937000104, -1.92859836499994, 0.0 ], [ 106.114631474000078, -1.928548715, 0.0 ], [ 106.11469933700009, -1.928281068999977, 0.0 ], [ 106.11434434900012, -1.92820966199993, 0.0 ], [ 106.114454360000067, -1.927789272999964, 0.0 ], [ 106.11461595800003, -1.927445437999936, 0.0 ], [ 106.115343732000028, -1.926793683000011, 0.0 ], [ 106.115424531000059, -1.926621765999909, 0.0 ], [ 106.115712101000042, -1.926449711999973, 0.0 ], [ 106.116233592000114, -1.926548868999917, 0.0 ], [ 106.116440368000085, -1.926557777999943, 0.0 ], [ 106.116529915000029, -1.926566508999955, 0.0 ], [ 106.116566353000024, -1.926429492999987, 0.0 ], [ 106.116611680000048, -1.926206905999956, 0.0 ], [ 106.116840444000061, -1.926252437, 0.0 ], [ 106.117031185000116, -1.926263382999921, 0.0 ], [ 106.117173622000095, -1.926260828999976, 0.0 ], [ 106.117363727000097, -1.926234253999909, 0.0 ], [ 106.117531841000059, -1.9262341429999, 0.0 ], [ 106.117706079000087, -1.926249405999919, 0.0 ], [ 106.117817349000063, -1.926263478999929, 0.0 ], [ 106.11793105600006, -1.926264633999936, 0.0 ], [ 106.118041693000066, -1.926244262999938, 0.0 ], [ 106.118203078000093, -1.92623677599994, 0.0 ], [ 106.118323505000021, -1.92623115999992, 0.0 ], [ 106.118390715000075, -1.926175757999954, 0.0 ], [ 106.118460942000112, -1.926060688999937, 0.0 ], [ 106.118543377, -1.925916702999925, 0.0 ], [ 106.118582472000043, -1.925871774999938, 0.0 ] ] ], [ [ [ 106.121495536000012, -1.926083214999935, 0.0 ], [ 106.122047838000057, -1.926287005999922, 0.0 ], [ 106.121958832000075, -1.926497913999964, 0.0 ], [ 106.12135525000005, -1.926213833, 0.0 ], [ 106.121293572000098, -1.926505047999933, 0.0 ], [ 106.121135198000047, -1.926443571999909, 0.0 ], [ 106.120926571000012, -1.9270274309999, 0.0 ], [ 106.120803678000058, -1.927004139999927, 0.0 ], [ 106.120810488000089, -1.927368178999939, 0.0 ], [ 106.121153787000068, -1.927401419999936, 0.0 ], [ 106.121185829000055, -1.927568740000013, 0.0 ], [ 106.121034206000033, -1.927655857999938, 0.0 ], [ 106.121122944, -1.928173833999986, 0.0 ], [ 106.121013522000013, -1.928181901999943, 0.0 ], [ 106.120858885000104, -1.928225060999961, 0.0 ], [ 106.120840491000081, -1.928142649999892, 0.0 ], [ 106.120782348000077, -1.928039352999961, 0.0 ], [ 106.120721745000125, -1.927915760999949, 0.0 ], [ 106.120647062000074, -1.927758960999943, 0.0 ], [ 106.120590727000021, -1.927617526999964, 0.0 ], [ 106.120544147, -1.927435490999913, 0.0 ], [ 106.120507962000019, -1.927256523999938, 0.0 ], [ 106.12048829700008, -1.927099071999966, 0.0 ], [ 106.120224884000038, -1.927107513999954, 0.0 ], [ 106.120220549000038, -1.92658206499991, 0.0 ], [ 106.120046231000089, -1.92655272899997, 0.0 ], [ 106.120044819000071, -1.926426889999949, 0.0 ], [ 106.119484012000029, -1.926446002999932, 0.0 ], [ 106.119468085000037, -1.926506925, 0.0 ], [ 106.119212621000131, -1.926504416999969, 0.0 ], [ 106.119297185000022, -1.925984480999937, 0.0 ], [ 106.119470753000087, -1.925910554999949, 0.0 ], [ 106.119615604000074, -1.925861250999955, 0.0 ], [ 106.119813663000031, -1.925844513, 0.0 ], [ 106.119940842000076, -1.92588133499993, 0.0 ], [ 106.12009740700006, -1.925982105999918, 0.0 ], [ 106.120321210000014, -1.926071762999965, 0.0 ], [ 106.120527436000117, -1.926186249999934, 0.0 ], [ 106.120550568000084, -1.926034305999974, 0.0 ], [ 106.120776362000115, -1.926047544, 0.0 ], [ 106.120756448000066, -1.926114493999948, 0.0 ], [ 106.120999286000085, -1.926140438999963, 0.0 ], [ 106.121144234000084, -1.926018519, 0.0 ], [ 106.121364219000071, -1.925685028999941, 0.0 ], [ 106.121607731000068, -1.925722353, 0.0 ], [ 106.121495536000012, -1.926083214999935, 0.0 ] ] ], [ [ [ 106.122753166000066, -1.926029773999955, 0.0 ], [ 106.122686644000069, -1.926201427999946, 0.0 ], [ 106.122198095000059, -1.926142991999908, 0.0 ], [ 106.122107613000125, -1.926134349999903, 0.0 ], [ 106.122133418000033, -1.925920136999943, 0.0 ], [ 106.12212932100006, -1.925758152999951, 0.0 ], [ 106.121586878000116, -1.92537228799991, 0.0 ], [ 106.12177627800007, -1.925107782999963, 0.0 ], [ 106.121930415000023, -1.925234389999958, 0.0 ], [ 106.122053346000072, -1.925319189999958, 0.0 ], [ 106.122137139000074, -1.925383105, 0.0 ], [ 106.122220950000084, -1.925475312999908, 0.0 ], [ 106.122323735000066, -1.925599492999969, 0.0 ], [ 106.122428337000102, -1.92569968399991, 0.0 ], [ 106.122536593000092, -1.925779573999947, 0.0 ], [ 106.122720058000084, -1.92588217299991, 0.0 ], [ 106.122787784000096, -1.925909892999894, 0.0 ], [ 106.122753166000066, -1.926029773999955, 0.0 ] ] ] ] } },
{ "type": "Feature", "properties": { "fid": 16, "NAMOBJ": "Kenanga", "FCODE": null, "REMARK": "Permukiman dan Tempat Kegiatan", "SRS_ID": null, "LCODE": "GA0040", "METADATA": null, "SHAPE_Leng": 0.05425420783, "SHAPE_Area": 2.015485e-05 }, "geometry": { "type": "MultiPolygon", "coordinates": [ [ [ [ 106.123949339, -1.93290581, 0.0 ], [ 106.123363052000087, -1.933085951999986, 0.0 ], [ 106.122850378000024, -1.933270205999954, 0.0 ], [ 106.12217643700005, -1.933477867, 0.0 ], [ 106.12201518000002, -1.933516254999973, 0.0 ], [ 106.121997166000043, -1.933793383999988, 0.0 ], [ 106.122547536000113, -1.934333936999949, 0.0 ], [ 106.122217074000034, -1.93490337, 0.0 ], [ 106.121733884000022, -1.934646546999969, 0.0 ], [ 106.121824737000082, -1.934452587999908, 0.0 ], [ 106.121358867000083, -1.934120855999905, 0.0 ], [ 106.121403370000024, -1.933876165, 0.0 ], [ 106.120661385000105, -1.933746004999976, 0.0 ], [ 106.120596952000099, -1.933867547, 0.0 ], [ 106.120028697000066, -1.933800516999956, 0.0 ], [ 106.120142357000049, -1.93307144899994, 0.0 ], [ 106.120353282000096, -1.933097105999932, 0.0 ], [ 106.120480341000047, -1.932727830999931, 0.0 ], [ 106.120557653000049, -1.932766386000012, 0.0 ], [ 106.120986979000037, -1.932977584, 0.0 ], [ 106.121324335000068, -1.93305080899992, 0.0 ], [ 106.121712002000081, -1.933070812999977, 0.0 ], [ 106.122104673000052, -1.933046491, 0.0 ], [ 106.122405437000069, -1.932977907999928, 0.0 ], [ 106.122753962000047, -1.932809248999917, 0.0 ], [ 106.123008132000024, -1.932702705999895, 0.0 ], [ 106.123385646000088, -1.932596079999954, 0.0 ], [ 106.123460128000033, -1.932582235999964, 0.0 ], [ 106.123795903000101, -1.932519824999951, 0.0 ], [ 106.123865524000095, -1.932500133999921, 0.0 ], [ 106.123949339, -1.93290581, 0.0 ] ] ], [ [ [ 106.117408449000067, -1.930611848999914, 0.0 ], [ 106.117795003000083, -1.930856002999954, 0.0 ], [ 106.11819791900011, -1.931100145, 0.0 ], [ 106.118527817000043, -1.93131647499995, 0.0 ], [ 106.118799749000075, -1.931560188999954, 0.0 ], [ 106.119080652000051, -1.931779598999989, 0.0 ], [ 106.119311092000018, -1.931952938999943, 0.0 ], [ 106.119598195000066, -1.932165497999944, 0.0 ], [ 106.119323721000086, -1.932498363999952, 0.0 ], [ 106.117873167000056, -1.931536016999908, 0.0 ], [ 106.116987848000079, -1.930916009999945, 0.0 ], [ 106.116951093000068, -1.93102139599996, 0.0 ], [ 106.116359499000055, -1.930841166999969, 0.0 ], [ 106.116159592000116, -1.931333373999927, 0.0 ], [ 106.116416267000048, -1.931426987999946, 0.0 ], [ 106.11623265700004, -1.932204007999933, 0.0 ], [ 106.116590606000074, -1.932312605999948, 0.0 ], [ 106.116320716000047, -1.93351263199994, 0.0 ], [ 106.117077626000054, -1.93367257999994, 0.0 ], [ 106.116910665, -1.934336647, 0.0 ], [ 106.116533515000057, -1.934233180999962, 0.0 ], [ 106.116262806000051, -1.935225306999983, 0.0 ], [ 106.116044274000089, -1.935170490999977, 0.0 ], [ 106.116028590000028, -1.935436438999955, 0.0 ], [ 106.115573030000078, -1.935336569999952, 0.0 ], [ 106.115215497000079, -1.93693775, 0.0 ], [ 106.115974203000064, -1.93714556499997, 0.0 ], [ 106.115873311000058, -1.937797177999884, 0.0 ], [ 106.116447851, -1.937959905999937, 0.0 ], [ 106.1164136740001, -1.938238275999965, 0.0 ], [ 106.117161767000084, -1.938385818, 0.0 ], [ 106.116991730000052, -1.939156408, 0.0 ], [ 106.116860693000049, -1.939216736999922, 0.0 ], [ 106.116721039000126, -1.939298238999915, 0.0 ], [ 106.116618054000043, -1.939361263999978, 0.0 ], [ 106.116490262000042, -1.939436788999921, 0.0 ], [ 106.116242453000055, -1.939124846999957, 0.0 ], [ 106.115714304000051, -1.938502016999938, 0.0 ], [ 106.115572376000031, -1.938376234999923, 0.0 ], [ 106.115492452000083, -1.93875835099992, 0.0 ], [ 106.115751969000058, -1.938987934, 0.0 ], [ 106.115671706000072, -1.939210469999936, 0.0 ], [ 106.115155176000059, -1.939114350999977, 0.0 ], [ 106.115168131000061, -1.938824181999949, 0.0 ], [ 106.114882822000084, -1.938801810999963, 0.0 ], [ 106.114742528000107, -1.939443681999959, 0.0 ], [ 106.115007028000065, -1.939567971999939, 0.0 ], [ 106.114859127000074, -1.94039965799992, 0.0 ], [ 106.114829110000088, -1.940606602999901, 0.0 ], [ 106.115261774, -1.940695649999985, 0.0 ], [ 106.115271017000055, -1.940804731999951, 0.0 ], [ 106.115328237000085, -1.940871448999965, 0.0 ], [ 106.115410271000115, -1.940938692999933, 0.0 ], [ 106.115490688000108, -1.941007567999947, 0.0 ], [ 106.115382936000074, -1.94126020599989, 0.0 ], [ 106.115288510000084, -1.941544595999972, 0.0 ], [ 106.115202682000088, -1.941805496999977, 0.0 ], [ 106.115157318000058, -1.941911912999989, 0.0 ], [ 106.11487255800003, -1.941756146999979, 0.0 ], [ 106.114514876000015, -1.941581082999972, 0.0 ], [ 106.114213038000088, -1.941480452999905, 0.0 ], [ 106.113582364000038, -1.941322602, 0.0 ], [ 106.113658023000085, -1.940933946999984, 0.0 ], [ 106.113710045000033, -1.940666719, 0.0 ], [ 106.113857927000112, -1.939970118, 0.0 ], [ 106.114055231000094, -1.939237302999936, 0.0 ], [ 106.114243357000106, -1.938217299, 0.0 ], [ 106.114438176000064, -1.937120403999931, 0.0 ], [ 106.114670569000026, -1.935909684999943, 0.0 ], [ 106.114978020000052, -1.934347605000014, 0.0 ], [ 106.115215486000082, -1.933164749999933, 0.0 ], [ 106.115343157000069, -1.932493037999955, 0.0 ], [ 106.115396726000057, -1.93221304099997, 0.0 ], [ 106.115457391000106, -1.931895959999935, 0.0 ], [ 106.115616340000116, -1.930937034, 0.0 ], [ 106.115653987000115, -1.93077652499995, 0.0 ], [ 106.115705993000077, -1.930554803, 0.0 ], [ 106.115831430000057, -1.929905705999929, 0.0 ], [ 106.116353373000081, -1.930064208999988, 0.0 ], [ 106.116729803000055, -1.930224788999952, 0.0 ], [ 106.117083597000018, -1.930413244, 0.0 ], [ 106.117408449000067, -1.930611848999914, 0.0 ] ] ] ] } },
{ "type": "Feature", "properties": { "fid": 17, "NAMOBJ": "Kenangapermai", "FCODE": null, "REMARK": "Permukiman dan Tempat Kegiatan", "SRS_ID": null, "LCODE": "GA0040", "METADATA": null, "SHAPE_Leng": 0.04858039988, "SHAPE_Area": 2.738763e-05 }, "geometry": { "type": "MultiPolygon", "coordinates": [ [ [ [ 106.114093830000087, -1.929131864999939, 0.0 ], [ 106.11405077100008, -1.929272998999982, 0.0 ], [ 106.1141047710001, -1.929363419, 0.0 ], [ 106.114779194000036, -1.92961624799996, 0.0 ], [ 106.115462582000092, -1.929832888999944, 0.0 ], [ 106.115831430000057, -1.929905705999929, 0.0 ], [ 106.115705993000077, -1.930554803, 0.0 ], [ 106.115653987000115, -1.93077652499995, 0.0 ], [ 106.115616340000116, -1.930937034, 0.0 ], [ 106.115457391000106, -1.931895959999935, 0.0 ], [ 106.115396726000057, -1.93221304099997, 0.0 ], [ 106.115343157000069, -1.932493037999955, 0.0 ], [ 106.115215486000082, -1.933164749999933, 0.0 ], [ 106.114978020000052, -1.934347605000014, 0.0 ], [ 106.114670569000026, -1.935909684999943, 0.0 ], [ 106.114438176000064, -1.937120403999931, 0.0 ], [ 106.114243357000106, -1.938217299, 0.0 ], [ 106.114055231000094, -1.939237302999936, 0.0 ], [ 106.113857927000112, -1.939970118, 0.0 ], [ 106.113710045000033, -1.940666719, 0.0 ], [ 106.113658023000085, -1.940933946999984, 0.0 ], [ 106.113582364000038, -1.941322602, 0.0 ], [ 106.114213038000088, -1.941480452999905, 0.0 ], [ 106.114514876000015, -1.941581082999972, 0.0 ], [ 106.11487255800003, -1.941756146999979, 0.0 ], [ 106.115157318000058, -1.941911912999989, 0.0 ], [ 106.115064050000072, -1.942130710999973, 0.0 ], [ 106.114907012000046, -1.94247571999992, 0.0 ], [ 106.114815845000052, -1.942680088999954, 0.0 ], [ 106.114724256000017, -1.942662060999973, 0.0 ], [ 106.114584897000043, -1.942644767999963, 0.0 ], [ 106.114499606, -1.942629681999958, 0.0 ], [ 106.114432705000056, -1.942607293999971, 0.0 ], [ 106.114380827000033, -1.942546759999936, 0.0 ], [ 106.114293279000066, -1.942488492999911, 0.0 ], [ 106.114177302000058, -1.942426317999918, 0.0 ], [ 106.114080287000036, -1.942384321, 0.0 ], [ 106.113977700000063, -1.942342888999943, 0.0 ], [ 106.113842221000056, -1.942291382999945, 0.0 ], [ 106.11368666500006, -1.942225308999984, 0.0 ], [ 106.1135830220001, -1.942188232999936, 0.0 ], [ 106.11374562900005, -1.942427165999988, 0.0 ], [ 106.113535361000061, -1.943118235999969, 0.0 ], [ 106.11334948300005, -1.943067305999929, 0.0 ], [ 106.112931404000093, -1.944111396999987, 0.0 ], [ 106.112517069, -1.943882351999954, 0.0 ], [ 106.112332398, -1.944249647999968, 0.0 ], [ 106.112087766000101, -1.944785755999917, 0.0 ], [ 106.11203064900009, -1.944880823999967, 0.0 ], [ 106.111836315000076, -1.945204277, 0.0 ], [ 106.110827688000114, -1.944408859, 0.0 ], [ 106.110693573000034, -1.944261781, 0.0 ], [ 106.111035494000078, -1.943634942999911, 0.0 ], [ 106.111230591000052, -1.943280021999944, 0.0 ], [ 106.111299830000107, -1.943247085999972, 0.0 ], [ 106.11138299600006, -1.943228143999915, 0.0 ], [ 106.111587318, -1.942601001999983, 0.0 ], [ 106.110986819000047, -1.942338753999956, 0.0 ], [ 106.111055108000102, -1.942063146999979, 0.0 ], [ 106.111919147, -1.942409487999947, 0.0 ], [ 106.11198624000005, -1.942175707999966, 0.0 ], [ 106.112135439000056, -1.942226661999919, 0.0 ], [ 106.112298437000035, -1.94187841099997, 0.0 ], [ 106.11293505200004, -1.942213215999961, 0.0 ], [ 106.112880720000078, -1.942378947, 0.0 ], [ 106.112666602000033, -1.943032083999946, 0.0 ], [ 106.112890016000051, -1.943126805999968, 0.0 ], [ 106.112920479000081, -1.943064297999947, 0.0 ], [ 106.113218998, -1.942446744999921, 0.0 ], [ 106.113257200000049, -1.942360452999975, 0.0 ], [ 106.113364397000041, -1.942118324999925, 0.0 ], [ 106.113405268000051, -1.942026005999925, 0.0 ], [ 106.113412449000108, -1.941997482999963, 0.0 ], [ 106.113531, -1.941526612, 0.0 ], [ 106.1133329580001, -1.941417256, 0.0 ], [ 106.113073956000079, -1.941287715999946, 0.0 ], [ 106.112878100000032, -1.941209691999974, 0.0 ], [ 106.112700039000046, -1.941125686999951, 0.0 ], [ 106.112565137000075, -1.941050337000022, 0.0 ], [ 106.112418893000054, -1.940952198999985, 0.0 ], [ 106.112298001000084, -1.940854044999946, 0.0 ], [ 106.11221, -1.940736330999887, 0.0 ], [ 106.112441389000054, -1.940116787999963, 0.0 ], [ 106.11259707300006, -1.94016028399992, 0.0 ], [ 106.112704070000021, -1.939356131999909, 0.0 ], [ 106.112469759000092, -1.939328833999959, 0.0 ], [ 106.112533378000109, -1.93845528599998, 0.0 ], [ 106.111814352000039, -1.938299138999938, 0.0 ], [ 106.112025723000031, -1.937601481999946, 0.0 ], [ 106.112659625000077, -1.937653575, 0.0 ], [ 106.112961333000086, -1.937678365999912, 0.0 ], [ 106.113151675000026, -1.936717545, 0.0 ], [ 106.113333007000023, -1.93671903599994, 0.0 ], [ 106.113340692000037, -1.936194282999954, 0.0 ], [ 106.113362369000043, -1.934983303999943, 0.0 ], [ 106.113313768000111, -1.934972865999968, 0.0 ], [ 106.112612846000033, -1.934822335999947, 0.0 ], [ 106.112625362000088, -1.934482477999983, 0.0 ], [ 106.112638932000053, -1.934113983999958, 0.0 ], [ 106.112805011000034, -1.934189096999956, 0.0 ], [ 106.113001660000052, -1.934242208999909, 0.0 ], [ 106.113173044000106, -1.934263588, 0.0 ], [ 106.113210611000014, -1.933970488999898, 0.0 ], [ 106.113208685000032, -1.933745420000016, 0.0 ], [ 106.113209100000063, -1.933470798999942, 0.0 ], [ 106.113212501000078, -1.933227816999911, 0.0 ], [ 106.113215889000102, -1.932964535999887, 0.0 ], [ 106.113216347000048, -1.932755584999918, 0.0 ], [ 106.113213848000015, -1.93256275499995, 0.0 ], [ 106.113205390000118, -1.932331720000019, 0.0 ], [ 106.1131933650001, -1.932089344999949, 0.0 ], [ 106.113187270000125, -1.931840398999957, 0.0 ], [ 106.11319602500005, -1.931617710999917, 0.0 ], [ 106.11323859300002, -1.931381866999943, 0.0 ], [ 106.11329597200006, -1.931111983999906, 0.0 ], [ 106.11333259400007, -1.930857039999951, 0.0 ], [ 106.113386445000089, -1.930636709999928, 0.0 ], [ 106.113478866, -1.930419937999933, 0.0 ], [ 106.113561227000076, -1.930244961999933, 0.0 ], [ 106.113621610000095, -1.93003179199997, 0.0 ], [ 106.113945279000049, -1.929103819000017, 0.0 ], [ 106.114093830000087, -1.929131864999939, 0.0 ] ] ] ] } },
{ "type": "Feature", "properties": { "fid": 18, "NAMOBJ": "Lubuk Kelik", "FCODE": null, "REMARK": "Permukiman dan Tempat Kegiatan", "SRS_ID": null, "LCODE": "GA0040", "METADATA": null, "SHAPE_Leng": 0.04652850502, "SHAPE_Area": 1.035764e-05 }, "geometry": { "type": "MultiPolygon", "coordinates": [ [ [ [ 106.085098886008439, -1.932690385485541, 0.0 ], [ 106.08493973300007, -1.932509962999934, 0.0 ], [ 106.084993818000015, -1.932467467999971, 0.0 ], [ 106.085213740000086, -1.932543399999948, 0.0 ], [ 106.085396266, -1.93258350799998, 0.0 ], [ 106.085445723708887, -1.932588883649629, 0.0 ], [ 106.085098886008439, -1.932690385485541, 0.0 ] ] ], [ [ [ 106.092534850000021, -1.912848015999974, 0.0 ], [ 106.092697455000064, -1.913078131, 0.0 ], [ 106.092611236000025, -1.913071333999977, 0.0 ], [ 106.092428514000105, -1.913060803999906, 0.0 ], [ 106.092322655000046, -1.913159356999889, 0.0 ], [ 106.092230089000026, -1.91334308, 0.0 ], [ 106.092158727000069, -1.913556067999939, 0.0 ], [ 106.092029063, -1.913699886999937, 0.0 ], [ 106.091822232000112, -1.913520095999982, 0.0 ], [ 106.09160881400004, -1.91337478899995, 0.0 ], [ 106.091433614000024, -1.91324419199998, 0.0 ], [ 106.091363036000047, -1.913201150999972, 0.0 ], [ 106.091684366000081, -1.912813734999891, 0.0 ], [ 106.091501329000039, -1.912672062999982, 0.0 ], [ 106.09196342000007, -1.912318537999952, 0.0 ], [ 106.092116729000054, -1.912363215999918, 0.0 ], [ 106.092237820000037, -1.912281049999959, 0.0 ], [ 106.092146255000017, -1.912139318999956, 0.0 ], [ 106.092336559000046, -1.912042184, 0.0 ], [ 106.092564210000049, -1.912360441999955, 0.0 ], [ 106.092910083000064, -1.911974652999921, 0.0 ], [ 106.093167366000031, -1.912238165999963, 0.0 ], [ 106.092534850000021, -1.912848015999974, 0.0 ] ] ], [ [ [ 106.098912854000062, -1.912221359999905, 0.0 ], [ 106.098995907000102, -1.912055971999988, 0.0 ], [ 106.099242157000049, -1.912217131, 0.0 ], [ 106.099053428000062, -1.912540558999937, 0.0 ], [ 106.098817841000113, -1.912408844999963, 0.0 ], [ 106.098452368000068, -1.913073094999945, 0.0 ], [ 106.098288920000044, -1.913399183999926, 0.0 ], [ 106.098130230000066, -1.913883909999886, 0.0 ], [ 106.098021396000021, -1.914305682999967, 0.0 ], [ 106.097925848000031, -1.914701342999931, 0.0 ], [ 106.098192381000047, -1.914863086, 0.0 ], [ 106.098236902000096, -1.914753697, 0.0 ], [ 106.098249636000077, -1.91461796899996, 0.0 ], [ 106.098268983000082, -1.914363903999988, 0.0 ], [ 106.098378618000098, -1.914098002999926, 0.0 ], [ 106.098840830000057, -1.914318108000018, 0.0 ], [ 106.098714902000026, -1.914383245, 0.0 ], [ 106.098621834000056, -1.914406298999944, 0.0 ], [ 106.098553847000034, -1.914428214999892, 0.0 ], [ 106.098487550000044, -1.914478170999939, 0.0 ], [ 106.098497620000089, -1.914537050999926, 0.0 ], [ 106.098555064000038, -1.914589169999975, 0.0 ], [ 106.098625342000076, -1.914663714999926, 0.0 ], [ 106.098658841000102, -1.914751741999926, 0.0 ], [ 106.09866278800007, -1.914821842999953, 0.0 ], [ 106.098610444000087, -1.914901512999973, 0.0 ], [ 106.098517397000123, -1.914958216999957, 0.0 ], [ 106.098409307000054, -1.915024462999932, 0.0 ], [ 106.098295085000117, -1.915090714, 0.0 ], [ 106.098189216000051, -1.915145181999972, 0.0 ], [ 106.098095055000087, -1.915203007999961, 0.0 ], [ 106.098120861000083, -1.915464335, 0.0 ], [ 106.098665455000031, -1.915508849999953, 0.0 ], [ 106.098658893000021, -1.915707385999949, 0.0 ], [ 106.099632173000074, -1.915843597999939, 0.0 ], [ 106.099598404000034, -1.916205911999985, 0.0 ], [ 106.099314104000044, -1.916152256999987, 0.0 ], [ 106.099135458, -1.916583083999929, 0.0 ], [ 106.098700636, -1.916486343, 0.0 ], [ 106.098832504000086, -1.916122843999951, 0.0 ], [ 106.098325743000075, -1.915969504999965, 0.0 ], [ 106.098234878000099, -1.915951056999948, 0.0 ], [ 106.098068181000073, -1.91590223, 0.0 ], [ 106.098064845000067, -1.915901253, 0.0 ], [ 106.097926588000092, -1.915862698999921, 0.0 ], [ 106.097415535000081, -1.915660879, 0.0 ], [ 106.097167207000055, -1.916418096999956, 0.0 ], [ 106.096878446000048, -1.916362055999937, 0.0 ], [ 106.096668009000041, -1.917071723999947, 0.0 ], [ 106.096381077000018, -1.916939662999945, 0.0 ], [ 106.09646408100005, -1.916680700999923, 0.0 ], [ 106.096468119000022, -1.916440483999943, 0.0 ], [ 106.096585356000048, -1.916195979999963, 0.0 ], [ 106.096681644000014, -1.915976774999945, 0.0 ], [ 106.096786715000093, -1.915661648999984, 0.0 ], [ 106.09689726, -1.915435175999986, 0.0 ], [ 106.097048038000054, -1.91521659299993, 0.0 ], [ 106.097182285000059, -1.915030692999914, 0.0 ], [ 106.097244605000057, -1.914890328999935, 0.0 ], [ 106.097312638000091, -1.914728822999984, 0.0 ], [ 106.097384471000083, -1.914534640999904, 0.0 ], [ 106.097400895000106, -1.914320630999961, 0.0 ], [ 106.097406469000035, -1.914080992999939, 0.0 ], [ 106.097408225, -1.913830466, 0.0 ], [ 106.09742143500003, -1.913581858999941, 0.0 ], [ 106.097444883000023, -1.913401158999911, 0.0 ], [ 106.097443543000082, -1.913300563999937, 0.0 ], [ 106.097652233000034, -1.913256213, 0.0 ], [ 106.097724957000096, -1.913103277999956, 0.0 ], [ 106.09781952500002, -1.912951794999945, 0.0 ], [ 106.097909253000068, -1.912822783999929, 0.0 ], [ 106.098026638000107, -1.912669819999974, 0.0 ], [ 106.098139641000046, -1.912496832999961, 0.0 ], [ 106.098269626000047, -1.912307226999904, 0.0 ], [ 106.098375844000131, -1.912151828999925, 0.0 ], [ 106.098472372000032, -1.912029651999942, 0.0 ], [ 106.098573265000127, -1.911898679999941, 0.0 ], [ 106.098912854000062, -1.912221359999905, 0.0 ] ] ], [ [ [ 106.097048062000056, -1.911567245999962, 0.0 ], [ 106.096638577000093, -1.911228140999971, 0.0 ], [ 106.096990608000098, -1.910971006999923, 0.0 ], [ 106.097183443000063, -1.910798528999952, 0.0 ], [ 106.097374389000052, -1.910652320999934, 0.0 ], [ 106.097551195000023, -1.910549401999945, 0.0 ], [ 106.097640371000026, -1.910434711999959, 0.0 ], [ 106.097679927000016, -1.910260246999912, 0.0 ], [ 106.097679836000097, -1.910116077999974, 0.0 ], [ 106.097892373, -1.910195054999936, 0.0 ], [ 106.098140988000068, -1.910357660999979, 0.0 ], [ 106.09802936800007, -1.91058464899993, 0.0 ], [ 106.097645106000073, -1.910994550999917, 0.0 ], [ 106.097282109000048, -1.911369630999954, 0.0 ], [ 106.097048062000056, -1.911567245999962, 0.0 ] ] ], [ [ [ 106.089436560000081, -1.909978699999976, 0.0 ], [ 106.089414680000047, -1.909775945999987, 0.0 ], [ 106.089385925000059, -1.909610014999935, 0.0 ], [ 106.089345696000109, -1.909441529999939, 0.0 ], [ 106.089323938000092, -1.909267262999909, 0.0 ], [ 106.089299604000118, -1.909056480999966, 0.0 ], [ 106.089763183000102, -1.909188867, 0.0 ], [ 106.089931939000039, -1.909195162999894, 0.0 ], [ 106.090050815000012, -1.909879492999939, 0.0 ], [ 106.089436560000081, -1.909978699999976, 0.0 ] ] ], [ [ [ 106.098581496000094, -1.907876095999911, 0.0 ], [ 106.098471888000091, -1.908134993999927, 0.0 ], [ 106.098303509000104, -1.908454077999949, 0.0 ], [ 106.098135107000104, -1.908738274000016, 0.0 ], [ 106.097946810000067, -1.908922803999919, 0.0 ], [ 106.09783781900002, -1.909067409999982, 0.0 ], [ 106.09776352500009, -1.909192058, 0.0 ], [ 106.097718996000054, -1.909341606999932, 0.0 ], [ 106.097706174000052, -1.909652995999939, 0.0 ], [ 106.097402193000036, -1.909830182999944, 0.0 ], [ 106.097301150000121, -1.909892659999962, 0.0 ], [ 106.097266602000019, -1.909868461, 0.0 ], [ 106.097086965000074, -1.909773741999982, 0.0 ], [ 106.096887600000102, -1.909699551999972, 0.0 ], [ 106.096772333000061, -1.90983322899993, 0.0 ], [ 106.096803603000069, -1.909864650999954, 0.0 ], [ 106.096626895000014, -1.910037099999923, 0.0 ], [ 106.096210152000083, -1.909696675999911, 0.0 ], [ 106.096388423000093, -1.909493977999927, 0.0 ], [ 106.096602268000112, -1.909620278999985, 0.0 ], [ 106.09686321700012, -1.909300418999988, 0.0 ], [ 106.096995421000045, -1.909138369999902, 0.0 ], [ 106.096746168000024, -1.908976450999917, 0.0 ], [ 106.096800683000097, -1.908804803999925, 0.0 ], [ 106.097046111000068, -1.908208490999969, 0.0 ], [ 106.097538409000038, -1.908412314999958, 0.0 ], [ 106.097833346000101, -1.907659499999931, 0.0 ], [ 106.097941520000077, -1.907727289999944, 0.0 ], [ 106.098076234000033, -1.907455764999949, 0.0 ], [ 106.098272717000043, -1.907177329, 0.0 ], [ 106.098439952000021, -1.907320662999962, 0.0 ], [ 106.09855715700003, -1.90740878099997, 0.0 ], [ 106.098719939, -1.907566912999909, 0.0 ], [ 106.098581496000094, -1.907876095999911, 0.0 ] ] ] ] } },
{ "type": "Feature", "properties": { "fid": 19, "NAMOBJ": "Parit Tujuh", "FCODE": null, "REMARK": "Permukiman dan Tempat Kegiatan", "SRS_ID": null, "LCODE": "GA0040", "METADATA": null, "SHAPE_Leng": 0.05887395324, "SHAPE_Area": 2.07787e-05 }, "geometry": { "type": "MultiPolygon", "coordinates": [ [ [ [ 106.100570579000092, -1.924302845999976, 0.0 ], [ 106.101068416000075, -1.924530234999961, 0.0 ], [ 106.101154699000105, -1.924357445999964, 0.0 ], [ 106.101439604000049, -1.924483446, 0.0 ], [ 106.101223691000129, -1.92503319299992, 0.0 ], [ 106.100735255000046, -1.92477665400001, 0.0 ], [ 106.100691324000053, -1.924935954999957, 0.0 ], [ 106.100693153000108, -1.925180473999938, 0.0 ], [ 106.100701653000016, -1.925397505999954, 0.0 ], [ 106.100677833000091, -1.925628580999978, 0.0 ], [ 106.10047111400003, -1.925740879999943, 0.0 ], [ 106.100533091000017, -1.925905160999947, 0.0 ], [ 106.100280499000078, -1.926066533999976, 0.0 ], [ 106.100230202, -1.92586130499996, 0.0 ], [ 106.100160408000079, -1.925672352999958, 0.0 ], [ 106.100155866000065, -1.925666746999938, 0.0 ], [ 106.100043263000074, -1.925527737999983, 0.0 ], [ 106.099883189000067, -1.925365762999903, 0.0 ], [ 106.099708642000095, -1.925232400999971, 0.0 ], [ 106.099614749000054, -1.925149468999948, 0.0 ], [ 106.099723029000046, -1.924835984999945, 0.0 ], [ 106.100058186000069, -1.925021610999939, 0.0 ], [ 106.100099933000052, -1.92493241399993, 0.0 ], [ 106.100430361000036, -1.92501315799995, 0.0 ], [ 106.100569193000069, -1.924630993999949, 0.0 ], [ 106.100453646000105, -1.924577182999937, 0.0 ], [ 106.100538742000126, -1.924288303999927, 0.0 ], [ 106.100570579000092, -1.924302845999976, 0.0 ] ] ], [ [ [ 106.120278294000016, -1.923789724999975, 0.0 ], [ 106.120269061000059, -1.923912206999984, 0.0 ], [ 106.120336409000032, -1.924069011, 0.0 ], [ 106.120364008000095, -1.924207388999982, 0.0 ], [ 106.120373842000021, -1.92428857499995, 0.0 ], [ 106.120438678000056, -1.924342660999984, 0.0 ], [ 106.120533459000086, -1.924381347999899, 0.0 ], [ 106.120650248000061, -1.924422481999927, 0.0 ], [ 106.120785990000016, -1.924465448999929, 0.0 ], [ 106.120932743000083, -1.924518249999946, 0.0 ], [ 106.121068489000038, -1.924567981999886, 0.0 ], [ 106.121275309000097, -1.924656020999977, 0.0 ], [ 106.121334025000067, -1.924699652999945, 0.0 ], [ 106.121398238000054, -1.9247377469999, 0.0 ], [ 106.121441659000084, -1.924763552999903, 0.0 ], [ 106.121412355000061, -1.924823235999956, 0.0 ], [ 106.121386740000077, -1.924916746999966, 0.0 ], [ 106.121323202000056, -1.924977682999946, 0.0 ], [ 106.121246824000039, -1.925033092, 0.0 ], [ 106.12110262500002, -1.925147593999971, 0.0 ], [ 106.120902771, -1.925043412999966, 0.0 ], [ 106.120515612000119, -1.925081154999892, 0.0 ], [ 106.120501739000034, -1.925230430999897, 0.0 ], [ 106.120099922000094, -1.925234712999985, 0.0 ], [ 106.120115642000059, -1.924857180999923, 0.0 ], [ 106.119522845000049, -1.924787289999913, 0.0 ], [ 106.119577766000063, -1.924332084999908, 0.0 ], [ 106.119477289000088, -1.924298682999987, 0.0 ], [ 106.119500314000049, -1.923903071999939, 0.0 ], [ 106.119602107000034, -1.923911707999943, 0.0 ], [ 106.119632550000063, -1.923723793999938, 0.0 ], [ 106.119565903000051, -1.923704770999962, 0.0 ], [ 106.119532249000116, -1.923657429999953, 0.0 ], [ 106.119499775000094, -1.923543659999955, 0.0 ], [ 106.119440399000055, -1.923424371999944, 0.0 ], [ 106.119350478000086, -1.92333893299998, 0.0 ], [ 106.119304921000037, -1.923321099999925, 0.0 ], [ 106.119206169000037, -1.923282440000013, 0.0 ], [ 106.119354869000091, -1.92322438, 0.0 ], [ 106.119480925000033, -1.923175159999929, 0.0 ], [ 106.119533960000069, -1.92316336499993, 0.0 ], [ 106.119642272000064, -1.923137061999975, 0.0 ], [ 106.119744735000012, -1.923100359999958, 0.0 ], [ 106.119829220000085, -1.923068644999909, 0.0 ], [ 106.119927183000101, -1.923024258999967, 0.0 ], [ 106.120042685000072, -1.922993426999903, 0.0 ], [ 106.120146527000131, -1.92300330800001, 0.0 ], [ 106.120240506000087, -1.92305435299997, 0.0 ], [ 106.120312048000059, -1.923161948, 0.0 ], [ 106.120287832000102, -1.923248799999983, 0.0 ], [ 106.120269475, -1.92336278499991, 0.0 ], [ 106.120262823000076, -1.923501637999942, 0.0 ], [ 106.120267870000049, -1.923658120999922, 0.0 ], [ 106.120278294000016, -1.923789724999975, 0.0 ] ] ], [ [ [ 106.118818704000049, -1.922298383999949, 0.0 ], [ 106.11920322800006, -1.92229946899995, 0.0 ], [ 106.119207134000121, -1.922168939999986, 0.0 ], [ 106.119680134000092, -1.922165281999949, 0.0 ], [ 106.119607831000053, -1.922488632999969, 0.0 ], [ 106.118762946000047, -1.922489189999927, 0.0 ], [ 106.118641366000119, -1.922738942999985, 0.0 ], [ 106.118481768000052, -1.922840122999919, 0.0 ], [ 106.118441306000079, -1.923134091, 0.0 ], [ 106.118441556000022, -1.923406431999969, 0.0 ], [ 106.118544024000059, -1.923433808999925, 0.0 ], [ 106.118538924000077, -1.92377385, 0.0 ], [ 106.118392574000055, -1.923786663999988, 0.0 ], [ 106.118430743, -1.924168847, 0.0 ], [ 106.118519884000108, -1.924162093999965, 0.0 ], [ 106.118563514000073, -1.924757132, 0.0 ], [ 106.118705212000066, -1.924752351999953, 0.0 ], [ 106.118718807000036, -1.925196801999957, 0.0 ], [ 106.118815268000034, -1.925192052999919, 0.0 ], [ 106.118804235000098, -1.92561643799995, 0.0 ], [ 106.118478280000033, -1.925625951999938, 0.0 ], [ 106.118582472000043, -1.925871774999938, 0.0 ], [ 106.118543377, -1.925916702999925, 0.0 ], [ 106.118460942000112, -1.926060688999937, 0.0 ], [ 106.118390715000075, -1.926175757999954, 0.0 ], [ 106.118323505000021, -1.92623115999992, 0.0 ], [ 106.118203078000093, -1.92623677599994, 0.0 ], [ 106.118041693000066, -1.926244262999938, 0.0 ], [ 106.11793105600006, -1.926264633999936, 0.0 ], [ 106.117817349000063, -1.926263478999929, 0.0 ], [ 106.117706079000087, -1.926249405999919, 0.0 ], [ 106.117531841000059, -1.9262341429999, 0.0 ], [ 106.117363727000097, -1.926234253999909, 0.0 ], [ 106.117173622000095, -1.926260828999976, 0.0 ], [ 106.117031185000116, -1.926263382999921, 0.0 ], [ 106.116840444000061, -1.926252437, 0.0 ], [ 106.116611680000048, -1.926206905999956, 0.0 ], [ 106.116566353000024, -1.926429492999987, 0.0 ], [ 106.116529915000029, -1.926566508999955, 0.0 ], [ 106.116440368000085, -1.926557777999943, 0.0 ], [ 106.116233592000114, -1.926548868999917, 0.0 ], [ 106.115712101000042, -1.926449711999973, 0.0 ], [ 106.115424531000059, -1.926621765999909, 0.0 ], [ 106.115343732000028, -1.926793683000011, 0.0 ], [ 106.11461595800003, -1.927445437999936, 0.0 ], [ 106.114454360000067, -1.927789272999964, 0.0 ], [ 106.11434434900012, -1.92820966199993, 0.0 ], [ 106.114186672000045, -1.92817794399997, 0.0 ], [ 106.114068241000012, -1.927962539999911, 0.0 ], [ 106.114000805000032, -1.927698871999945, 0.0 ], [ 106.113844373000049, -1.92730224, 0.0 ], [ 106.113660193000086, -1.927041759999931, 0.0 ], [ 106.113432587, -1.926910984999947, 0.0 ], [ 106.11363299900006, -1.926448465999958, 0.0 ], [ 106.114552310000093, -1.926756854999984, 0.0 ], [ 106.114659863000028, -1.926859414999943, 0.0 ], [ 106.114863797000027, -1.926754442999962, 0.0 ], [ 106.115033556000029, -1.926379123999905, 0.0 ], [ 106.115066286000072, -1.926112044000011, 0.0 ], [ 106.114779899000013, -1.925918007999944, 0.0 ], [ 106.114781875000077, -1.925584733999902, 0.0 ], [ 106.114486828000096, -1.925567270999967, 0.0 ], [ 106.114487596000075, -1.925061844999981, 0.0 ], [ 106.114799031000075, -1.92498108099996, 0.0 ], [ 106.114812255000018, -1.925078185, 0.0 ], [ 106.115039269000064, -1.925044929, 0.0 ], [ 106.115672013, -1.92488339399996, 0.0 ], [ 106.115781534000106, -1.924641644999942, 0.0 ], [ 106.11596556300006, -1.924286180999929, 0.0 ], [ 106.116116649000034, -1.923870042999959, 0.0 ], [ 106.115870943000047, -1.923830476999972, 0.0 ], [ 106.115700058000115, -1.924159446999924, 0.0 ], [ 106.115421761000093, -1.92460215399996, 0.0 ], [ 106.114467658000109, -1.924760588999924, 0.0 ], [ 106.114480783000033, -1.924400814, 0.0 ], [ 106.114827426000033, -1.924240752, 0.0 ], [ 106.115402828000029, -1.923882895999957, 0.0 ], [ 106.115628893000093, -1.923551501999982, 0.0 ], [ 106.115914133000061, -1.92325281299996, 0.0 ], [ 106.116266858000117, -1.923044534999957, 0.0 ], [ 106.116493247000022, -1.922930097999903, 0.0 ], [ 106.11646966500011, -1.922546075999926, 0.0 ], [ 106.116327828000095, -1.922530792, 0.0 ], [ 106.11639726000007, -1.922132780999925, 0.0 ], [ 106.11700839400001, -1.922228599999948, 0.0 ], [ 106.117210081000081, -1.922276015999963, 0.0 ], [ 106.117193601000054, -1.922508965999964, 0.0 ], [ 106.117714543, -1.922570873999935, 0.0 ], [ 106.118013251000022, -1.92257804, 0.0 ], [ 106.118184870000093, -1.92254780599998, 0.0 ], [ 106.118354475, -1.922490127999915, 0.0 ], [ 106.118466814000058, -1.922351496, 0.0 ], [ 106.118559844000032, -1.922186100999984, 0.0 ], [ 106.118706829000118, -1.922127768999954, 0.0 ], [ 106.118867167000062, -1.92214239, 0.0 ], [ 106.118818704000049, -1.922298383999949, 0.0 ] ] ], [ [ [ 106.106077525000018, -1.921432448999977, 0.0 ], [ 106.105983027, -1.921440650999945, 0.0 ], [ 106.105902204000074, -1.921171854, 0.0 ], [ 106.105741484000106, -1.920785713999934, 0.0 ], [ 106.105677564000047, -1.920649168999916, 0.0 ], [ 106.105691429000046, -1.92053925599997, 0.0 ], [ 106.105863533000075, -1.920451402999984, 0.0 ], [ 106.106056799000072, -1.920419164999982, 0.0 ], [ 106.106185802000098, -1.920412748999984, 0.0 ], [ 106.106331880000099, -1.920394110999951, 0.0 ], [ 106.106468514000127, -1.920371860999976, 0.0 ], [ 106.106581796000086, -1.920383093999928, 0.0 ], [ 106.106684806, -1.920497452999975, 0.0 ], [ 106.106961570000067, -1.920698100999968, 0.0 ], [ 106.106877479000033, -1.920788465999984, 0.0 ], [ 106.106792113000083, -1.920905099999954, 0.0 ], [ 106.106711268000055, -1.921007077999954, 0.0 ], [ 106.106627509000049, -1.921107429, 0.0 ], [ 106.106535330000057, -1.921198342999969, 0.0 ], [ 106.106423401000129, -1.921278196999915, 0.0 ], [ 106.106317931, -1.921337856999966, 0.0 ], [ 106.106200159000124, -1.921390686999897, 0.0 ], [ 106.106077525000018, -1.921432448999977, 0.0 ] ] ], [ [ [ 106.104420139000112, -1.917859685999951, 0.0 ], [ 106.104521342000041, -1.917876337999908, 0.0 ], [ 106.104619006000036, -1.917868674999984, 0.0 ], [ 106.10474282000007, -1.917818953999956, 0.0 ], [ 106.104844987, -1.917767725999981, 0.0 ], [ 106.104943126000123, -1.917718019999954, 0.0 ], [ 106.105018120000111, -1.91768757800001, 0.0 ], [ 106.105168615000039, -1.917632265999964, 0.0 ], [ 106.10511379600004, -1.917720947999929, 0.0 ], [ 106.105045903000104, -1.917833446, 0.0 ], [ 106.104981529000014, -1.917939357999971, 0.0 ], [ 106.104939285000071, -1.918008274999988, 0.0 ], [ 106.104880925000131, -1.918069605, 0.0 ], [ 106.104808462000079, -1.918120307999932, 0.0 ], [ 106.104716367, -1.918176086999929, 0.0 ], [ 106.104674091000064, -1.918197389999915, 0.0 ], [ 106.104498142000082, -1.918120354999936, 0.0 ], [ 106.10438686400002, -1.91842943999993, 0.0 ], [ 106.10420566700013, -1.918356650999947, 0.0 ], [ 106.104068362000049, -1.91868048, 0.0 ], [ 106.103835339000042, -1.918596289999969, 0.0 ], [ 106.103765836000065, -1.918552265999968, 0.0 ], [ 106.103700146000037, -1.918567504999985, 0.0 ], [ 106.103486113000102, -1.918656162999949, 0.0 ], [ 106.103386456000109, -1.918695295999989, 0.0 ], [ 106.103530989000078, -1.918020179999908, 0.0 ], [ 106.103619302000098, -1.917296923000017, 0.0 ], [ 106.104182746000092, -1.917437884999956, 0.0 ], [ 106.104143039000093, -1.91753871399995, 0.0 ], [ 106.104128492000044, -1.917621291999944, 0.0 ], [ 106.104133580000024, -1.91770486900002, 0.0 ], [ 106.104187481000039, -1.917754983, 0.0 ], [ 106.104244388000041, -1.917782804999985, 0.0 ], [ 106.104307839000057, -1.917810117999935, 0.0 ], [ 106.104420139000112, -1.917859685999951, 0.0 ] ] ], [ [ [ 106.104510147, -1.915334480999914, 0.0 ], [ 106.104651676000074, -1.915346699999948, 0.0 ], [ 106.10494538100005, -1.915346508999932, 0.0 ], [ 106.105179217000028, -1.915353684, 0.0 ], [ 106.105074153000047, -1.915567633999932, 0.0 ], [ 106.10496602700006, -1.915745502999905, 0.0 ], [ 106.104885095000029, -1.915936016999948, 0.0 ], [ 106.104818245, -1.916104740999963, 0.0 ], [ 106.104753910000099, -1.916269917999952, 0.0 ], [ 106.104679009000037, -1.916445233999981, 0.0 ], [ 106.104615669000026, -1.916590653999934, 0.0 ], [ 106.104541755000042, -1.916735067999981, 0.0 ], [ 106.104467338000106, -1.916880496999934, 0.0 ], [ 106.104402966000109, -1.916986913999946, 0.0 ], [ 106.104316461000053, -1.917122725, 0.0 ], [ 106.104140663000081, -1.916972899999942, 0.0 ], [ 106.104017260000077, -1.916881293999912, 0.0 ], [ 106.103887320000069, -1.916801344999958, 0.0 ], [ 106.103928515000106, -1.916665055999961, 0.0 ], [ 106.103958157000079, -1.916569805999896, 0.0 ], [ 106.104020492000075, -1.916426411999933, 0.0 ], [ 106.104107480000081, -1.916258180999958, 0.0 ], [ 106.104232673000055, -1.916001785999883, 0.0 ], [ 106.104287464000052, -1.915869035, 0.0 ], [ 106.10435733100006, -1.915695748999963, 0.0 ], [ 106.104364658000051, -1.91567507599994, 0.0 ], [ 106.104432209000038, -1.915484469999979, 0.0 ], [ 106.104467708000044, -1.91541615300001, 0.0 ], [ 106.104510147, -1.915334480999914, 0.0 ] ] ] ] } },
{ "type": "Feature", "properties": { "fid": 20, "NAMOBJ": "Paritduatiga", "FCODE": null, "REMARK": "Permukiman dan Tempat Kegiatan", "SRS_ID": null, "LCODE": "GA0040", "METADATA": null, "SHAPE_Leng": 0.11740674663, "SHAPE_Area": 7.328668e-05 }, "geometry": { "type": "MultiPolygon", "coordinates": [ [ [ [ 106.118548214000043, -1.912202077999908, 0.0 ], [ 106.118714788000062, -1.912303559999956, 0.0 ], [ 106.119219360000073, -1.912343037999936, 0.0 ], [ 106.119507811000048, -1.912369225999972, 0.0 ], [ 106.119928420000022, -1.912414330999973, 0.0 ], [ 106.120224207000078, -1.912439463999921, 0.0 ], [ 106.120504253000064, -1.912450884999978, 0.0 ], [ 106.120846178000107, -1.91246438299994, 0.0 ], [ 106.12134857700002, -1.912467218999908, 0.0 ], [ 106.121819493, -1.912457410999896, 0.0 ], [ 106.122291463000053, -1.912448660999972, 0.0 ], [ 106.122383811000063, -1.912745698999946, 0.0 ], [ 106.12244, -1.912885468999964, 0.0 ], [ 106.12249963400005, -1.913015684, 0.0 ], [ 106.122561417000014, -1.913131135999952, 0.0 ], [ 106.122599045000101, -1.913263536999982, 0.0 ], [ 106.122623281000074, -1.913372500999938, 0.0 ], [ 106.122638022000046, -1.913479733999929, 0.0 ], [ 106.122642399000057, -1.913575251999927, 0.0 ], [ 106.122634265000087, -1.91367511899993, 0.0 ], [ 106.122570419000041, -1.913704250999943, 0.0 ], [ 106.122509141000037, -1.913700383999978, 0.0 ], [ 106.122413745000046, -1.913654423, 0.0 ], [ 106.122306281000036, -1.913630179999942, 0.0 ], [ 106.122226034000064, -1.913653678999933, 0.0 ], [ 106.122158328000054, -1.913720152999926, 0.0 ], [ 106.122082448000086, -1.913822235999935, 0.0 ], [ 106.122034640000038, -1.913962507999906, 0.0 ], [ 106.122029988000094, -1.91410796199995, 0.0 ], [ 106.122036966000053, -1.914222147999983, 0.0 ], [ 106.12205991800009, -1.914346743, 0.0 ], [ 106.122109630000111, -1.914479569999966, 0.0 ], [ 106.122182199000079, -1.914594146999943, 0.0 ], [ 106.122264658000063, -1.914653574999975, 0.0 ], [ 106.122384218, -1.914699085999922, 0.0 ], [ 106.122491257000064, -1.914732446999929, 0.0 ], [ 106.122565485000081, -1.914742384999951, 0.0 ], [ 106.122672939, -1.914750562999918, 0.0 ], [ 106.122688899000082, -1.914741869, 0.0 ], [ 106.122682470000086, -1.914808302999988, 0.0 ], [ 106.122678214000089, -1.914900352999966, 0.0 ], [ 106.122678279000084, -1.914998911999949, 0.0 ], [ 106.12268310100005, -1.915115703999931, 0.0 ], [ 106.122702167000028, -1.915235959999934, 0.0 ], [ 106.122724681000108, -1.915351437999985, 0.0 ], [ 106.122748933000068, -1.915485149999946, 0.0 ], [ 106.122767983000045, -1.915581959999963, 0.0 ], [ 106.122781864000046, -1.915693535999957, 0.0 ], [ 106.122812155000062, -1.915822901999914, 0.0 ], [ 106.122827843000024, -1.91605734999995, 0.0 ], [ 106.122946089000038, -1.916072468999958, 0.0 ], [ 106.123042332000097, -1.916094113999972, 0.0 ], [ 106.123217107000087, -1.916108760999941, 0.0 ], [ 106.123325864000023, -1.916129529999972, 0.0 ], [ 106.123453169000072, -1.916139866999939, 0.0 ], [ 106.123604642, -1.916154528999908, 0.0 ], [ 106.123746195000081, -1.916177013, 0.0 ], [ 106.123883006000113, -1.916206013, 0.0 ], [ 106.123937384000087, -1.916215528999982, 0.0 ], [ 106.123935187000086, -1.916155178999962, 0.0 ], [ 106.123937286000071, -1.916065301999898, 0.0 ], [ 106.123939792000016, -1.915937216999958, 0.0 ], [ 106.123942282000044, -1.915784382999925, 0.0 ], [ 106.12393873500011, -1.915640236999899, 0.0 ], [ 106.123890737000039, -1.915487869999905, 0.0 ], [ 106.123869086000028, -1.915372391999942, 0.0 ], [ 106.123940522000083, -1.91543821099997, 0.0 ], [ 106.123991975000067, -1.915581826999952, 0.0 ], [ 106.124023616000031, -1.915770794999955, 0.0 ], [ 106.124033368000127, -1.915882696999977, 0.0 ], [ 106.124033429000036, -1.915977574999922, 0.0 ], [ 106.124043150000048, -1.916045687999962, 0.0 ], [ 106.124060112000024, -1.916084600999985, 0.0 ], [ 106.124101267000057, -1.916123497999917, 0.0 ], [ 106.124156931000044, -1.916152655999931, 0.0 ], [ 106.124234367000057, -1.916176931999897, 0.0 ], [ 106.12433598600002, -1.916186595999897, 0.0 ], [ 106.124476807000036, -1.916185098999951, 0.0 ], [ 106.124499695000068, -1.916181914999954, 0.0 ], [ 106.124477283, -1.91626427999993, 0.0 ], [ 106.124369334000036, -1.916610376999967, 0.0 ], [ 106.124164624000059, -1.917013812999952, 0.0 ], [ 106.124164271000026, -1.917014365999909, 0.0 ], [ 106.123973511000059, -1.917311841999919, 0.0 ], [ 106.123609339000026, -1.917648936000011, 0.0 ], [ 106.123118745000028, -1.917965488999912, 0.0 ], [ 106.122814924000025, -1.918304830999923, 0.0 ], [ 106.122684174000042, -1.918609686999923, 0.0 ], [ 106.12267862000003, -1.918863606999971, 0.0 ], [ 106.12187945000008, -1.918748152000011, 0.0 ], [ 106.121813048, -1.919075596000014, 0.0 ], [ 106.121431257000026, -1.919028585999944, 0.0 ], [ 106.121098944000067, -1.918897328999919, 0.0 ], [ 106.121055511000023, -1.919087266999914, 0.0 ], [ 106.12059513100003, -1.919017105999971, 0.0 ], [ 106.120620545000094, -1.91869828299997, 0.0 ], [ 106.120179788000129, -1.918598032999935, 0.0 ], [ 106.120097977000029, -1.918869630999937, 0.0 ], [ 106.119537579000024, -1.918657749, 0.0 ], [ 106.119273630000023, -1.919898779999913, 0.0 ], [ 106.118409148000083, -1.919623507999963, 0.0 ], [ 106.118171452000055, -1.920522513, 0.0 ], [ 106.117623345000084, -1.920364856999929, 0.0 ], [ 106.117555945000021, -1.920574152000015, 0.0 ], [ 106.117410145000036, -1.921017476000014, 0.0 ], [ 106.117293533000066, -1.921415554, 0.0 ], [ 106.117261297000056, -1.921499980999969, 0.0 ], [ 106.117238030000095, -1.921499025999979, 0.0 ], [ 106.116256219000036, -1.921156232999949, 0.0 ], [ 106.116557327000081, -1.920580291, 0.0 ], [ 106.116236975000035, -1.920455898999912, 0.0 ], [ 106.11654073000004, -1.920010571000014, 0.0 ], [ 106.116796975000099, -1.920055086999967, 0.0 ], [ 106.116938590000089, -1.919811807, 0.0 ], [ 106.116741269000016, -1.919758658999954, 0.0 ], [ 106.117148730000068, -1.919005281999969, 0.0 ], [ 106.117090004, -1.918945836999936, 0.0 ], [ 106.116980747000028, -1.918819126999932, 0.0 ], [ 106.116856391000042, -1.9186985059999, 0.0 ], [ 106.116771772000064, -1.918636472999919, 0.0 ], [ 106.116692357000062, -1.918612645999901, 0.0 ], [ 106.11659353400006, -1.918605328999917, 0.0 ], [ 106.116445082000027, -1.91859283599995, 0.0 ], [ 106.116345397000131, -1.918588124999915, 0.0 ], [ 106.11627377300006, -1.918600328999948, 0.0 ], [ 106.116162900000035, -1.918643819999905, 0.0 ], [ 106.116058943000056, -1.918705542999949, 0.0 ], [ 106.115959753000112, -1.918798956999951, 0.0 ], [ 106.115873519000075, -1.918907559999966, 0.0 ], [ 106.115788161000026, -1.919035265999963, 0.0 ], [ 106.115698921000018, -1.919166881999929, 0.0 ], [ 106.115997984000074, -1.919362998999902, 0.0 ], [ 106.115824795000037, -1.919644969999962, 0.0 ], [ 106.116027279, -1.919758267999922, 0.0 ], [ 106.115411284000018, -1.920733143999937, 0.0 ], [ 106.114843095000083, -1.920318028999962, 0.0 ], [ 106.114928889000083, -1.920195966999899, 0.0 ], [ 106.115044882000078, -1.920063032, 0.0 ], [ 106.115164763000053, -1.919937038999969, 0.0 ], [ 106.114853336000039, -1.919654471999949, 0.0 ], [ 106.114928763000066, -1.919516388999981, 0.0 ], [ 106.11514501000002, -1.919155965999914, 0.0 ], [ 106.115397639000051, -1.918613793, 0.0 ], [ 106.114873898000056, -1.918365295999952, 0.0 ], [ 106.114750397000051, -1.91812160099995, 0.0 ], [ 106.114871586000049, -1.91771058499996, 0.0 ], [ 106.115243546000087, -1.917774924999955, 0.0 ], [ 106.115165174000083, -1.918225171, 0.0 ], [ 106.115646636000051, -1.918295138999921, 0.0 ], [ 106.115716873000082, -1.917915182999924, 0.0 ], [ 106.115927722000038, -1.917966330999982, 0.0 ], [ 106.11596704500009, -1.91746798999996, 0.0 ], [ 106.116237623000089, -1.917434253999923, 0.0 ], [ 106.116284120000032, -1.917324049999952, 0.0 ], [ 106.116366938000041, -1.916937118999912, 0.0 ], [ 106.116377504000027, -1.91673386099997, 0.0 ], [ 106.116489447000063, -1.916621714000017, 0.0 ], [ 106.116790288000075, -1.916675336999924, 0.0 ], [ 106.116995619000107, -1.916950003999912, 0.0 ], [ 106.117876824000092, -1.91723182499996, 0.0 ], [ 106.117913914000056, -1.917172281, 0.0 ], [ 106.118004988000038, -1.916902484999977, 0.0 ], [ 106.118175975000071, -1.916619972999961, 0.0 ], [ 106.118300971000025, -1.916258342999883, 0.0 ], [ 106.118356828000017, -1.916027193999942, 0.0 ], [ 106.118339025000054, -1.91574353999992, 0.0 ], [ 106.118262021000078, -1.91539217399998, 0.0 ], [ 106.117798285000077, -1.915481756999932, 0.0 ], [ 106.117935722000084, -1.915866642999981, 0.0 ], [ 106.117758306000056, -1.915938307999959, 0.0 ], [ 106.117588879000081, -1.915714905999949, 0.0 ], [ 106.117446513000019, -1.915494198999984, 0.0 ], [ 106.117264855000087, -1.915680474999943, 0.0 ], [ 106.117291420000072, -1.915887235999908, 0.0 ], [ 106.116928465000058, -1.915981908999925, 0.0 ], [ 106.116867466000073, -1.915910309999952, 0.0 ], [ 106.116619404000062, -1.916007620999921, 0.0 ], [ 106.116581032000084, -1.915892587, 0.0 ], [ 106.116295182000059, -1.915941076999922, 0.0 ], [ 106.115882409, -1.915740537999938, 0.0 ], [ 106.115938955000075, -1.915599391999895, 0.0 ], [ 106.115671665000079, -1.915308282999967, 0.0 ], [ 106.115977918000098, -1.914835455999925, 0.0 ], [ 106.116336876000048, -1.914316154999946, 0.0 ], [ 106.116774973000062, -1.91382002999993, 0.0 ], [ 106.117247712000093, -1.91337528, 0.0 ], [ 106.11761172300001, -1.913021815999966, 0.0 ], [ 106.11825251, -1.912477463999957, 0.0 ], [ 106.118548214000043, -1.912202077999908, 0.0 ] ], [ [ 106.12123905300011, -1.914476217999955, 0.0 ], [ 106.121567686000034, -1.914549812, 0.0 ], [ 106.121541588000099, -1.914371452999903, 0.0 ], [ 106.121491759000065, -1.914126217999951, 0.0 ], [ 106.12144809100009, -1.913954788999978, 0.0 ], [ 106.121486941000015, -1.913767161, 0.0 ], [ 106.121692407000054, -1.913627860999928, 0.0 ], [ 106.1218207040001, -1.913505526999931, 0.0 ], [ 106.121902339000101, -1.913307105999945, 0.0 ], [ 106.121915980000082, -1.913131026999943, 0.0 ], [ 106.121514043000033, -1.913140518000017, 0.0 ], [ 106.121487888, -1.912872200999932, 0.0 ], [ 106.120576278000073, -1.912903554999951, 0.0 ], [ 106.120434162000038, -1.912928251999952, 0.0 ], [ 106.120433444000071, -1.913000525999981, 0.0 ], [ 106.120438921000073, -1.913197351999924, 0.0 ], [ 106.120449689000083, -1.913304216999973, 0.0 ], [ 106.120575776000038, -1.913307978000018, 0.0 ], [ 106.12069280800003, -1.913488584999951, 0.0 ], [ 106.120712791000088, -1.913665410999926, 0.0 ], [ 106.120693760000023, -1.913777677999978, 0.0 ], [ 106.120395006000081, -1.913820161999941, 0.0 ], [ 106.120430263000074, -1.9139839069999, 0.0 ], [ 106.120733643000037, -1.914004466999914, 0.0 ], [ 106.120898811000117, -1.914175814999969, 0.0 ], [ 106.121044906000037, -1.914394845999973, 0.0 ], [ 106.12123905300011, -1.914476217999955, 0.0 ] ] ], [ [ [ 106.109011344000109, -1.913478293999987, 0.0 ], [ 106.109227120000114, -1.913838633999959, 0.0 ], [ 106.109014715000029, -1.914024159999944, 0.0 ], [ 106.108681191000059, -1.913754096999981, 0.0 ], [ 106.108383745000054, -1.914228094999943, 0.0 ], [ 106.108652461000077, -1.914373643, 0.0 ], [ 106.108366352000033, -1.914862286999925, 0.0 ], [ 106.107890394, -1.914542656999946, 0.0 ], [ 106.107730338000081, -1.914772335999943, 0.0 ], [ 106.107449733000038, -1.914521586999979, 0.0 ], [ 106.107241497000047, -1.914341219999888, 0.0 ], [ 106.107459086000105, -1.913939384999947, 0.0 ], [ 106.107406704000127, -1.913902729999934, 0.0 ], [ 106.108069800000095, -1.912766834, 0.0 ], [ 106.108687316000029, -1.911995031999919, 0.0 ], [ 106.109165675, -1.91146226599998, 0.0 ], [ 106.109714108000077, -1.910855136999928, 0.0 ], [ 106.110001538000063, -1.911165563999945, 0.0 ], [ 106.109853111000035, -1.91130040099991, 0.0 ], [ 106.10973287000003, -1.911427623999956, 0.0 ], [ 106.109607095000015, -1.911560926999884, 0.0 ], [ 106.109500951000115, -1.911688645999971, 0.0 ], [ 106.109421476000122, -1.91179608599989, 0.0 ], [ 106.109337979000045, -1.911910114, 0.0 ], [ 106.109204157000079, -1.912057606999945, 0.0 ], [ 106.109078887000109, -1.912190910999962, 0.0 ], [ 106.108964193000119, -1.912333831999974, 0.0 ], [ 106.108834918000085, -1.9125036099999, 0.0 ], [ 106.108737842000039, -1.912641454999936, 0.0 ], [ 106.108652844000019, -1.912771185999923, 0.0 ], [ 106.108683826000103, -1.912985163999953, 0.0 ], [ 106.108848056000099, -1.913210724999964, 0.0 ], [ 106.109011344000109, -1.913478293999987, 0.0 ] ] ], [ [ [ 106.118548214000043, -1.912202077999908, 0.0 ], [ 106.118503440000069, -1.912174799999961, 0.0 ], [ 106.118256150000036, -1.912075461, 0.0 ], [ 106.117943616000034, -1.911872142999965, 0.0 ], [ 106.117678215000097, -1.911569292999954, 0.0 ], [ 106.117087531000067, -1.912004143999963, 0.0 ], [ 106.116651063000106, -1.911790683999887, 0.0 ], [ 106.11657397700013, -1.911976773999918, 0.0 ], [ 106.116494742000057, -1.911981763999976, 0.0 ], [ 106.116356597000077, -1.911974799999933, 0.0 ], [ 106.116202322000021, -1.911964315999954, 0.0 ], [ 106.116059953000047, -1.911931954999941, 0.0 ], [ 106.115889510000073, -1.911861511999974, 0.0 ], [ 106.115761860000077, -1.911815734999917, 0.0 ], [ 106.115634184000086, -1.911732561999963, 0.0 ], [ 106.115525446000049, -1.911657845, 0.0 ], [ 106.115420929000024, -1.911602174999921, 0.0 ], [ 106.11532345300013, -1.911593067999967, 0.0 ], [ 106.115237899000064, -1.911585361999951, 0.0 ], [ 106.11512286200005, -1.911527581999967, 0.0 ], [ 106.114970631000062, -1.911425376999948, 0.0 ], [ 106.114856280000112, -1.911345019999961, 0.0 ], [ 106.114750347000054, -1.911270300999907, 0.0 ], [ 106.114640208000083, -1.911195584999942, 0.0 ], [ 106.114532182000033, -1.911137094999988, 0.0 ], [ 106.114412924000106, -1.911058149999939, 0.0 ], [ 106.114305591000019, -1.910986253999941, 0.0 ], [ 106.114177914000024, -1.91090167299996, 0.0 ], [ 106.113999033000056, -1.910791722999922, 0.0 ], [ 106.113813834000013, -1.910674722999922, 0.0 ], [ 106.113657396000036, -1.910571814999934, 0.0 ], [ 106.113486239000082, -1.910480205999904, 0.0 ], [ 106.113288447000059, -1.910407662999941, 0.0 ], [ 106.113132740000054, -1.910350614000017, 0.0 ], [ 106.112987567000033, -1.910318254999916, 0.0 ], [ 106.112802436000081, -1.910304969999971, 0.0 ], [ 106.112667790000046, -1.91028671299997, 0.0 ], [ 106.112509979000038, -1.910230371999927, 0.0 ], [ 106.112390740000123, -1.910181060999933, 0.0 ], [ 106.112273596000108, -1.910119048999953, 0.0 ], [ 106.112135396000042, -1.910026711999952, 0.0 ], [ 106.111962663000057, -1.909942998999953, 0.0 ], [ 106.111802091000087, -1.909983121999987, 0.0 ], [ 106.11166719800012, -1.910028797999947, 0.0 ], [ 106.111508157000017, -1.910100325, 0.0 ], [ 106.111372268000054, -1.910162719000014, 0.0 ], [ 106.111245439000044, -1.910222575, 0.0 ], [ 106.11111810800007, -1.910283442999966, 0.0 ], [ 106.110969643000047, -1.910361548999945, 0.0 ], [ 106.110817153000042, -1.910442695, 0.0 ], [ 106.110685296000057, -1.910512683999927, 0.0 ], [ 106.110574083000088, -1.910585699999928, 0.0 ], [ 106.110216750000106, -1.910283786, 0.0 ], [ 106.110596167000054, -1.910006963999916, 0.0 ], [ 106.110760779000088, -1.910098107999908, 0.0 ], [ 106.111216887000083, -1.909859805999909, 0.0 ], [ 106.11138324100007, -1.909752453999908, 0.0 ], [ 106.111147397000096, -1.909415046999968, 0.0 ], [ 106.111375564000056, -1.909416527, 0.0 ], [ 106.111565717000076, -1.909440012, 0.0 ], [ 106.111754246000046, -1.909452100999926, 0.0 ], [ 106.111913641000086, -1.909456881999966, 0.0 ], [ 106.111757699000066, -1.909035371999907, 0.0 ], [ 106.112720593000063, -1.908856006999899, 0.0 ], [ 106.11342542200002, -1.908651408999934, 0.0 ], [ 106.114245238000095, -1.908428861999906, 0.0 ], [ 106.114045721000096, -1.907854204999965, 0.0 ], [ 106.113917650000076, -1.907882511, 0.0 ], [ 106.113714828000084, -1.907506666999986, 0.0 ], [ 106.113547225000062, -1.907572119999984, 0.0 ], [ 106.11337359, -1.907652267999954, 0.0 ], [ 106.113241735000102, -1.90772377699992, 0.0 ], [ 106.113096789000011, -1.907791748999949, 0.0 ], [ 106.112990565000104, -1.907797389999971, 0.0 ], [ 106.11284004400008, -1.907808631999925, 0.0 ], [ 106.112980129000036, -1.908259413999919, 0.0 ], [ 106.11318301300004, -1.908256458999941, 0.0 ], [ 106.113192558000037, -1.908561249999935, 0.0 ], [ 106.112782143000089, -1.908610435999919, 0.0 ], [ 106.112742443000087, -1.908458340999947, 0.0 ], [ 106.111965943000058, -1.908642951999945, 0.0 ], [ 106.111826308000047, -1.908106634999979, 0.0 ], [ 106.111720035000047, -1.908033254999947, 0.0 ], [ 106.111604192000058, -1.907953295, 0.0 ], [ 106.111464179000023, -1.907865247, 0.0 ], [ 106.111355897000038, -1.907798960000012, 0.0 ], [ 106.111482381000101, -1.907507428999961, 0.0 ], [ 106.112209860000078, -1.90726065299997, 0.0 ], [ 106.112034738000062, -1.906575104999914, 0.401400000002468 ], [ 106.112604060000095, -1.906608537999927, 0.475900000004913 ], [ 106.113122111000067, -1.906627767, 0.474400000006426 ], [ 106.113587100000075, -1.906627463999983, 0.473299999997835 ], [ 106.114200607000043, -1.906632401999947, 0.472200000003795 ], [ 106.11469212800003, -1.906635636999948, 0.471099999995204 ], [ 106.115040870000101, -1.906637235999903, 0.392099999997299 ], [ 106.115372815000043, -1.90663875699994, 0.054999999993015 ], [ 106.115384074000076, -1.906799577999924, 0.0 ], [ 106.115591286000083, -1.906858148999974, 0.0 ], [ 106.115517315, -1.907162667999946, 0.0 ], [ 106.115719049000091, -1.907161540999941, 0.0 ], [ 106.115627800000084, -1.907508359999949, 0.0 ], [ 106.115967151000092, -1.907755893999913, 0.0 ], [ 106.115761119000098, -1.90799333699993, 0.0 ], [ 106.115457638000038, -1.907801961, 0.0 ], [ 106.115176791000067, -1.907662933999949, 0.0 ], [ 106.114968771000093, -1.907536885, 0.0 ], [ 106.114823880000088, -1.907439288, 0.0 ], [ 106.114667646000044, -1.907318904, 0.0 ], [ 106.114476835000062, -1.907250601999938, 0.0 ], [ 106.114637071000089, -1.907654583999968, 0.0 ], [ 106.114794703000072, -1.908131630999915, 0.0 ], [ 106.115265211000107, -1.908030475999984, 0.0 ], [ 106.115305346000056, -1.908163282999959, 0.0 ], [ 106.115623733000106, -1.908103871999928, 0.0 ], [ 106.115821829000069, -1.908594776999956, 0.0 ], [ 106.11610857400008, -1.908539367999901, 0.0 ], [ 106.116161628000029, -1.908767685999963, 0.0 ], [ 106.116019293000065, -1.908871756999958, 0.0 ], [ 106.116223641, -1.909087041999919, 0.0 ], [ 106.116030497000096, -1.909376714, 0.0 ], [ 106.116239246000049, -1.909518365999902, 0.0 ], [ 106.116489010000109, -1.909622180999965, 0.0 ], [ 106.116733301000068, -1.909673263999928, 0.0 ], [ 106.116933560000035, -1.909683082999941, 0.0 ], [ 106.117178301000123, -1.90966352000001, 0.0 ], [ 106.117342432000029, -1.90962510499994, 0.0 ], [ 106.117480846000021, -1.909575761999943, 0.0 ], [ 106.117650389000104, -1.909493562999981, 0.0 ], [ 106.117891076000035, -1.909323757999965, 0.0 ], [ 106.118004670000104, -1.909124185999972, 0.0 ], [ 106.118331305000041, -1.908667093999989, 0.0 ], [ 106.118531974000035, -1.908687314999974, 0.0 ], [ 106.118374426000059, -1.908953842999911, 0.0 ], [ 106.118335927000075, -1.909058343999942, 0.0 ], [ 106.118283774000105, -1.909152703999934, 0.0 ], [ 106.118215608000057, -1.909257223999966, 0.0 ], [ 106.118131432000027, -1.909378470999962, 0.0 ], [ 106.118034792000017, -1.909493755, 0.0 ], [ 106.117934004000034, -1.909615013, 0.0 ], [ 106.11785397400007, -1.909726106999948, 0.0 ], [ 106.117774529000073, -1.909821082999902, 0.0 ], [ 106.118255645, -1.910197041999923, 0.0 ], [ 106.118620586000091, -1.909836431000017, 0.0 ], [ 106.118822388000083, -1.909940503000013, 0.0 ], [ 106.119061676000072, -1.909622848999931, 0.0 ], [ 106.119349561, -1.909301419999982, 0.0 ], [ 106.119275842000036, -1.909161443999946, 0.0 ], [ 106.119137409000032, -1.909041863, 0.0 ], [ 106.118959322000052, -1.908907654, 0.0 ], [ 106.118729446000117, -1.908766967, 0.0 ], [ 106.118788268000102, -1.908558791999909, 0.0 ], [ 106.118817543000034, -1.908453265999971, 0.0 ], [ 106.118866227000069, -1.908334267999984, 0.0 ], [ 106.119109633000051, -1.908504479999945, 0.0 ], [ 106.119353511000071, -1.908653308999914, 0.0 ], [ 106.119318295000085, -1.90869132299995, 0.0 ], [ 106.119290690000113, -1.908821777, 0.0 ], [ 106.119314070000087, -1.908970558999962, 0.0 ], [ 106.119387780000054, -1.909097147999955, 0.0 ], [ 106.119457066000024, -1.909194612999937, 0.0 ], [ 106.119561551000047, -1.909228102999955, 0.0 ], [ 106.119697494000022, -1.909249541999952, 0.0 ], [ 106.119828413, -1.909288080999944, 0.0 ], [ 106.119976964000045, -1.909344969999943, 0.0 ], [ 106.119955118000107, -1.909511366999944, 0.0 ], [ 106.120079938000046, -1.909640861, 0.0 ], [ 106.120286718, -1.909809450999917, 0.0 ], [ 106.120272552000074, -1.909924680999947, 0.0 ], [ 106.120242975000025, -1.910062608, 0.0 ], [ 106.120212821000024, -1.910227399999948, 0.0 ], [ 106.120183845000028, -1.910377863999963, 0.0 ], [ 106.120137665000115, -1.910533114000018, 0.0 ], [ 106.120412721000037, -1.910558495999987, 0.0 ], [ 106.12076473200004, -1.910639674999953, 0.0 ], [ 106.12084952900004, -1.910655688999946, 0.0 ], [ 106.12080766800004, -1.910709657999971, 0.0 ], [ 106.120549023000038, -1.910882297999955, 0.0 ], [ 106.12019641100008, -1.911040065999953, 0.0 ], [ 106.119921229000056, -1.911126485999909, 0.0 ], [ 106.119545560000063, -1.911300857999948, 0.0 ], [ 106.119249036000042, -1.911524927999925, 0.0 ], [ 106.118952551000106, -1.911810353, 0.0 ], [ 106.118644533000023, -1.912112375999947, 0.0 ], [ 106.118548214000043, -1.912202077999908, 0.0 ] ] ] ] } },
{ "type": "Feature", "properties": { "fid": 21, "NAMOBJ": "Paritpaknginjun", "FCODE": null, "REMARK": "Permukiman dan Tempat Kegiatan", "SRS_ID": null, "LCODE": "GA0040", "METADATA": null, "SHAPE_Leng": 0.04756258257, "SHAPE_Area": 1.393581e-05 }, "geometry": { "type": "MultiPolygon", "coordinates": [ [ [ [ 106.1136173, -1.905079541999982, 0.0 ], [ 106.113826847000027, -1.905105855999939, 0.0 ], [ 106.11390712700009, -1.905105459, 0.0 ], [ 106.114009615000043, -1.905107797999922, 0.0 ], [ 106.114123375000048, -1.905108755999913, 0.0 ], [ 106.114240210000034, -1.905111772999896, 0.0 ], [ 106.114354655000085, -1.905114792999968, 0.0 ], [ 106.114467047000062, -1.905113687999965, 0.0 ], [ 106.114544253000048, -1.905115012999986, 0.0 ], [ 106.114632394000054, -1.905117360999914, 0.0 ], [ 106.114723604000062, -1.905116271999913, 0.0 ], [ 106.114862982000048, -1.905112398999948, 0.0 ], [ 106.114985275000038, -1.905101664999948, 0.0 ], [ 106.11504872600004, -1.905059895999956, 0.0 ], [ 106.115211382, -1.904963003999932, 0.0 ], [ 106.115367782000064, -1.904923100999917, 0.0 ], [ 106.115587131000012, -1.904912103999984, 0.0 ], [ 106.115844245000048, -1.904914649999928, 0.0 ], [ 106.116123875000099, -1.904979594999973, 0.0 ], [ 106.116289309000109, -1.905007528999975, 0.0 ], [ 106.116487102000036, -1.90503001399997, 0.0 ], [ 106.116924926000124, -1.905048722999919, 0.0 ], [ 106.117201813000023, -1.905043115999988, 0.0 ], [ 106.117417503000112, -1.904937142999924, 0.0 ], [ 106.117539148000048, -1.905189613999942, 0.0 ], [ 106.117608802000035, -1.90530028499995, 0.0 ], [ 106.117718097000107, -1.905404824999985, 0.0 ], [ 106.117856956000054, -1.905558190999973, 0.0 ], [ 106.117765629000047, -1.905715369999922, 0.0 ], [ 106.117589603000042, -1.905641809999964, 0.0 ], [ 106.117379568000075, -1.905527159999981, 0.0 ], [ 106.117163995000098, -1.905606674999988, 0.0 ], [ 106.117110790000041, -1.905281071999959, 0.0 ], [ 106.116883854, -1.905305235999916, 0.0 ], [ 106.116669452000025, -1.905320028999896, 0.0 ], [ 106.11628451100006, -1.905334842999967, 0.0 ], [ 106.116164375000068, -1.905357308999961, 0.0 ], [ 106.115975031000033, -1.905404694999974, 0.0 ], [ 106.115733771000066, -1.905451617999948, 0.0 ], [ 106.115515728000048, -1.90546618699991, 0.0 ], [ 106.115232428000056, -1.905495723999956, 0.0 ], [ 106.114978791000027, -1.905519271999951, 0.0 ], [ 106.114827537000039, -1.905592005999929, 0.0 ], [ 106.114953915000015, -1.906091261999937, 0.0 ], [ 106.115016889000074, -1.906327687999959, 0.0 ], [ 106.115040870000101, -1.906637235999903, 0.392099999997299 ], [ 106.11469212800003, -1.906635636999948, 0.471099999995204 ], [ 106.114200607000043, -1.906632401999947, 0.472200000003795 ], [ 106.113587100000075, -1.906627463999983, 0.473299999997835 ], [ 106.113122111000067, -1.906627767, 0.474400000006426 ], [ 106.112604060000095, -1.906608537999927, 0.475900000004913 ], [ 106.112034738000062, -1.906575104999914, 0.401400000002468 ], [ 106.112097775000038, -1.906322278999956, 0.0 ], [ 106.112232182000056, -1.906304715000013, 0.0 ], [ 106.112397331000054, -1.90608557099991, 0.0 ], [ 106.112440371000062, -1.906079355999929, 0.0 ], [ 106.11253944, -1.906078603999956, 0.0 ], [ 106.112676102000108, -1.906100513999903, 0.0 ], [ 106.112765617000051, -1.906116611, 0.0 ], [ 106.112780987000079, -1.906111788999948, 0.0 ], [ 106.112869784000054, -1.906075295999949, 0.0 ], [ 106.11294355500003, -1.906045, 0.0 ], [ 106.113067193000049, -1.906000922000012, 0.0 ], [ 106.113211309000079, -1.905927957999926, 0.0 ], [ 106.113375923000021, -1.905854979999927, 0.0 ], [ 106.113706189000069, -1.905731366999913, 0.0 ], [ 106.113893949000072, -1.905651712999984, 0.0 ], [ 106.113808514000098, -1.905355305999973, 0.0 ], [ 106.113688298000014, -1.905393501999936, 0.0 ], [ 106.113697408000064, -1.905468718999942, 0.0 ], [ 106.113180946000043, -1.905571629999931, 0.0 ], [ 106.113139997000033, -1.905304199999919, 0.0 ], [ 106.113121792000044, -1.905180360999975, 0.0 ], [ 106.112777471000058, -1.905229212999932, 0.0 ], [ 106.112731471000075, -1.90532877999991, 0.0 ], [ 106.112364465000084, -1.905331296999941, 0.0 ], [ 106.11240052100004, -1.905031903999949, 0.0 ], [ 106.11250380400007, -1.904761339999944, 0.0 ], [ 106.11249466800011, -1.904646612999955, 0.0 ], [ 106.112368496000059, -1.904552476999894, 0.0 ], [ 106.112160013000036, -1.904459913999962, 0.0 ], [ 106.111957567000076, -1.904360509, 0.0 ], [ 106.111749807000123, -1.904216277999965, 0.0 ], [ 106.111653076000024, -1.904106166, 0.0 ], [ 106.111501950000033, -1.903960377999931, 0.0 ], [ 106.111828863000085, -1.903581864999965, 0.0 ], [ 106.112038727000041, -1.90378253799996, 0.0 ], [ 106.112319720000116, -1.903870549999959, 0.0 ], [ 106.112587224000038, -1.90395178499993, 0.0 ], [ 106.112749107000113, -1.904051180999983, 0.0 ], [ 106.11296276100002, -1.904272657000011, 0.0 ], [ 106.113133746000045, -1.904546171999905, 0.0 ], [ 106.113378915000084, -1.904844513999898, 0.0 ], [ 106.1136173, -1.905079541999982, 0.0 ] ] ], [ [ [ 106.117098833000028, -1.901229016999978, 0.0 ], [ 106.117207424000043, -1.901245662999934, 0.0 ], [ 106.11732371800008, -1.901244990999968, 0.0 ], [ 106.117566629000095, -1.901542537999984, 0.0 ], [ 106.117211273000095, -1.901848597, 0.0 ], [ 106.11703055100007, -1.901671421999901, 0.0 ], [ 106.116617934000033, -1.901985116999922, 0.0 ], [ 106.116512171000068, -1.901922501999892, 0.0 ], [ 106.116394011000068, -1.902151157999893, 0.0 ], [ 106.116572899000033, -1.902410645999958, 0.0 ], [ 106.116713359000116, -1.902608107999954, 0.0 ], [ 106.116951773000025, -1.902469918999977, 0.0 ], [ 106.117059959000102, -1.902386901999948, 0.0 ], [ 106.117306719000084, -1.902504512999909, 0.0 ], [ 106.117510075000041, -1.902650012999957, 0.0 ], [ 106.117282154000094, -1.903041992999971, 0.0 ], [ 106.117114227000059, -1.903021804999988, 0.0 ], [ 106.116975378000035, -1.903009357999935, 0.0 ], [ 106.116853740000096, -1.903005258999952, 0.0 ], [ 106.116747534000098, -1.903006521999967, 0.0 ], [ 106.116625313000014, -1.903016153999965, 0.0 ], [ 106.116496563000027, -1.903022804999982, 0.0 ], [ 106.116425921000129, -1.902969120999981, 0.0 ], [ 106.116373028000012, -1.902835426999933, 0.0 ], [ 106.116328450000054, -1.902714859999905, 0.0 ], [ 106.116250663000102, -1.90262118199997, 0.0 ], [ 106.116228107000012, -1.902606271999979, 0.0 ], [ 106.116142052, -1.902574088999892, 0.0 ], [ 106.116034643, -1.902551473999975, 0.0 ], [ 106.115931400000065, -1.90254616799998, 0.0 ], [ 106.115812729000112, -1.902540273999937, 0.0 ], [ 106.115685155000037, -1.902532, 0.0 ], [ 106.115615148000103, -1.902540402999947, 0.0 ], [ 106.11548107900002, -1.902581086999938, 0.0 ], [ 106.115396246000017, -1.90260323, 0.0 ], [ 106.115326829000054, -1.90260984299992, 0.0 ], [ 106.11517788900008, -1.902590237999985, 0.0 ], [ 106.115040797000105, -1.902541373999939, 0.0 ], [ 106.114954673000085, -1.902484767999963, 0.0 ], [ 106.114850408000066, -1.902402123999964, 0.0 ], [ 106.11474484300004, -1.902311013999975, 0.0 ], [ 106.11464704200003, -1.902213385999979, 0.0 ], [ 106.114499854000101, -1.902066411999987, 0.0 ], [ 106.114612515000019, -1.901952907999921, 0.0 ], [ 106.114697321, -1.90188957100001, 0.0 ], [ 106.114772643000023, -1.901838776999981, 0.0 ], [ 106.114877623000012, -1.901774829999931, 0.0 ], [ 106.114974879000059, -1.901696558999938, 0.0 ], [ 106.115013377000054, -1.901588475999966, 0.0 ], [ 106.115031113000015, -1.901488764999976, 0.0 ], [ 106.115080317, -1.901422465999908, 0.0 ], [ 106.115180539000022, -1.901341207999935, 0.0 ], [ 106.115321707000078, -1.901270073, 0.0 ], [ 106.115452208000121, -1.901216854999949, 0.0 ], [ 106.115567882, -1.901174989999949, 0.0 ], [ 106.115703109, -1.901091918999914, 0.0 ], [ 106.115844272000061, -1.901011827999949, 0.0 ], [ 106.115978342000048, -1.900974130999939, 0.0 ], [ 106.116113019000082, -1.900958520999979, 0.0 ], [ 106.116207359000072, -1.900957264999964, 0.0 ], [ 106.116318318000111, -1.900965550999939, 0.0 ], [ 106.116437596000125, -1.900991145000014, 0.0 ], [ 106.116555098000077, -1.901026290999902, 0.0 ], [ 106.116694568000071, -1.901081721999959, 0.0 ], [ 106.116819195000076, -1.901122833999985, 0.0 ], [ 106.116945731000058, -1.901196281999934, 0.0 ], [ 106.117098833000028, -1.901229016999978, 0.0 ] ] ], [ [ [ 106.121615958000035, -1.901165331999949, 0.0 ], [ 106.12187872600002, -1.901292157999962, 0.0 ], [ 106.122038321000076, -1.901190020999949, 0.0 ], [ 106.122134269000114, -1.901089552999985, 0.0 ], [ 106.122255031000066, -1.900992324999934, 0.0 ], [ 106.122288575000084, -1.900999130999964, 0.0 ], [ 106.122444383000101, -1.901030735999915, 0.0 ], [ 106.122529662000048, -1.901113173999897, 0.0 ], [ 106.122765251, -1.901390273999909, 0.0 ], [ 106.122616410000035, -1.901441821999911, 0.0 ], [ 106.122517416, -1.901503105999919, 0.0 ], [ 106.122413901000058, -1.90157807, 0.0 ], [ 106.122617590000047, -1.901960460999924, 0.0 ], [ 106.122177619000055, -1.90223319800002, 0.0 ], [ 106.122102, -1.902072599999966, 0.0 ], [ 106.121341843, -1.902679324999984, 0.0 ], [ 106.121190457000083, -1.90243594699992, 0.0 ], [ 106.121021588000062, -1.902544169, 0.0 ], [ 106.12081709200001, -1.902611383999958, 0.0 ], [ 106.120869584, -1.902709040999956, 0.0 ], [ 106.120883251000066, -1.902823004999971, 0.0 ], [ 106.120887210000049, -1.902940882999954, 0.0 ], [ 106.120392677000069, -1.902945881999924, 0.0 ], [ 106.120391714000078, -1.90312498399991, 0.0 ], [ 106.120113923000105, -1.903123536999968, 0.0 ], [ 106.120128578000063, -1.903264093999963, 0.0 ], [ 106.119846552000098, -1.903386391999956, 0.0 ], [ 106.119688594000081, -1.903518377999952, 0.0 ], [ 106.119520920000056, -1.903640058999984, 0.0 ], [ 106.119372652000052, -1.903742731999952, 0.0 ], [ 106.119076072000027, -1.903420037999987, 0.0 ], [ 106.118911649000012, -1.903563968, 0.0 ], [ 106.118735543000099, -1.903715142999979, 0.0 ], [ 106.118514855000043, -1.903572520999902, 0.0 ], [ 106.118373004000034, -1.903502764999904, 0.0 ], [ 106.118267943000035, -1.903438953999953, 0.0 ], [ 106.118152771000013, -1.903340523999892, 0.0 ], [ 106.118349024000082, -1.903133914999938, 0.0 ], [ 106.11854598100004, -1.903252645, 0.0 ], [ 106.118802092000095, -1.903094542999967, 0.0 ], [ 106.118790410000102, -1.902544222999908, 0.0 ], [ 106.118666745000084, -1.902322869999979, 0.0 ], [ 106.119469413000061, -1.902044171999923, 0.0 ], [ 106.119524802000029, -1.902117402999942, 0.0 ], [ 106.119574365000048, -1.90218868599989, 0.0 ], [ 106.119627807000114, -1.902253615999933, 0.0 ], [ 106.119706981, -1.902321948, 0.0 ], [ 106.119775959000023, -1.902389797999921, 0.0 ], [ 106.11992800600008, -1.902540630999966, 0.0 ], [ 106.11998873900005, -1.90262118799997, 0.0 ], [ 106.120094036000054, -1.902535004999945, 0.0 ], [ 106.12020598400008, -1.90248739, 0.0 ], [ 106.120378121000016, -1.902497452999946, 0.0 ], [ 106.120384374000096, -1.902268045999972, 0.0 ], [ 106.120387181000055, -1.902102458999949, 0.0 ], [ 106.120389999000025, -1.901957384999936, 0.0 ], [ 106.120395738000056, -1.901822566999972, 0.0 ], [ 106.120414109000066, -1.901704837999913, 0.0 ], [ 106.120466458000053, -1.901579269999915, 0.0 ], [ 106.120497941000082, -1.90146983599992, 0.0 ], [ 106.121067684000053, -1.901616696, 0.0 ], [ 106.121172831000052, -1.90156181199998, 0.0 ], [ 106.121253618000068, -1.901372346999936, 0.0 ], [ 106.12132090300004, -1.901155754999956, 0.0 ], [ 106.121434992000076, -1.900749175999978, 0.0 ], [ 106.121688001000038, -1.900798942999921, 0.0 ], [ 106.121615958000035, -1.901165331999949, 0.0 ] ] ] ] } },
{ "type": "Feature", "properties": { "fid": 22, "NAMOBJ": "Sambunggiri", "FCODE": null, "REMARK": "Permukiman dan Tempat Kegiatan", "SRS_ID": null, "LCODE": "GA0040", "METADATA": null, "SHAPE_Leng": 0.02726059207, "SHAPE_Area": 7.08785e-06 }, "geometry": { "type": "MultiPolygon", "coordinates": [ [ [ [ 106.093134319000058, -1.93772522899997, 0.0 ], [ 106.093129907000048, -1.937995106999918, 0.0 ], [ 106.09312664600013, -1.938264982999955, 0.0 ], [ 106.093116486, -1.938516410999974, 0.0 ], [ 106.093106273000046, -1.938669812999966, 0.0 ], [ 106.093024926000069, -1.938734449999985, 0.0 ], [ 106.092885091000127, -1.93874607499997, 0.0 ], [ 106.092644861000053, -1.938604232999958, 0.0 ], [ 106.092444162000064, -1.938433204000018, 0.0 ], [ 106.09216608900006, -1.938327170999949, 0.0 ], [ 106.092287671000079, -1.937286562999913, 0.0 ], [ 106.093256695000051, -1.937292664999974, 0.0 ], [ 106.093141060000079, -1.937511867999903, 0.0 ], [ 106.093134319000058, -1.93772522899997, 0.0 ] ], [ [ 106.092651549000081, -1.938335837999955, 0.0 ], [ 106.092721177000072, -1.937563754999933, 0.0 ], [ 106.092499743000047, -1.937543538999948, 0.0 ], [ 106.092430114000052, -1.93831562199997, 0.0 ], [ 106.092651549000081, -1.938335837999955, 0.0 ] ] ], [ [ [ 106.091366726000089, -1.937516311999915, 0.0 ], [ 106.091304848000036, -1.938298560999979, 0.0 ], [ 106.091293349000054, -1.938443927000017, 0.0 ], [ 106.091374024000075, -1.938410659999929, 0.0 ], [ 106.091509718000012, -1.938376126, 0.0 ], [ 106.091644196000047, -1.938352049999964, 0.0 ], [ 106.091760340000064, -1.93833721199998, 0.0 ], [ 106.091923610000066, -1.938307355999908, 0.0 ], [ 106.091909541000064, -1.938896692, 0.0 ], [ 106.092644292000017, -1.938935789999946, 0.0 ], [ 106.092608294000058, -1.939228662999931, 0.0 ], [ 106.092806338000102, -1.939267420999941, 0.0 ], [ 106.092778516000109, -1.939474936999969, 0.0 ], [ 106.092079575000099, -1.939474936999969, 0.0 ], [ 106.092091530000104, -1.939051741999948, 0.0 ], [ 106.091033286000126, -1.93901490699992, 0.0 ], [ 106.091097125000076, -1.938466812999956, 0.0 ], [ 106.090804288000086, -1.938455315999893, 0.0 ], [ 106.090634928000028, -1.938424670999933, 0.0 ], [ 106.090420934000079, -1.938381137999973, 0.0 ], [ 106.090222229000076, -1.938349280999913, 0.0 ], [ 106.090033317000078, -1.938334640999945, 0.0 ], [ 106.089904924000024, -1.938315040999922, 0.0 ], [ 106.089735571000034, -1.938293621999926, 0.0 ], [ 106.089563150000075, -1.938256212999939, 0.0 ], [ 106.089443310000021, -1.938226766, 0.0 ], [ 106.089280671000054, -1.938188734999952, 0.0 ], [ 106.089320183000041, -1.937838102999895, 0.0 ], [ 106.089768929000044, -1.937879023999906, 0.0 ], [ 106.089792481000046, -1.937425680999966, 0.0 ], [ 106.090612331000017, -1.937503882999953, 0.0 ], [ 106.090671971000063, -1.937080041999967, 0.0 ], [ 106.090975822000075, -1.937107524999932, 0.0 ], [ 106.090936942000056, -1.937491370999983, 0.0 ], [ 106.091366726000089, -1.937516311999915, 0.0 ] ] ] ] } },
{ "type": "Feature", "properties": { "fid": 23, "NAMOBJ": "Paritduatiga", "FCODE": null, "REMARK": "Permukiman dan Tempat Kegiatan", "SRS_ID": null, "LCODE": "GA0040", "METADATA": null, "SHAPE_Leng": 0.00376203621, "SHAPE_Area": 4.404e-07 }, "geometry": { "type": "MultiPolygon", "coordinates": [ [ [ [ 106.13086222200009, -1.921153237999968, 0.370299999995041 ], [ 106.130833336000094, -1.92123783199995, 0.370299999995041 ], [ 106.130826750000082, -1.921242088999947, 0.0 ], [ 106.130798158000019, -1.921277167999919, 0.0 ], [ 106.130814706000066, -1.921292388999935, 0.370299999995041 ], [ 106.130411929000047, -1.922471925, 0.370299999995041 ], [ 106.130260921000072, -1.921804755999962, 0.0 ], [ 106.130329722000084, -1.921763869999954, 0.0 ], [ 106.130384287000069, -1.921731118, 0.0 ], [ 106.130451193000098, -1.921693587999912, 0.0 ], [ 106.130509317000104, -1.921656770999975, 0.0 ], [ 106.130269334000062, -1.921418727999908, 0.0 ], [ 106.130353062000054, -1.92123556499994, 0.0 ], [ 106.130295488000087, -1.921196898999939, 0.0 ], [ 106.130464987000082, -1.920932523, 0.0 ], [ 106.130554609000029, -1.920988472000013, 0.0 ], [ 106.130744716000038, -1.921090207, 0.0 ], [ 106.13086222200009, -1.921153237999968, 0.370299999995041 ] ] ] ] } },
{ "type": "Feature", "properties": { "fid": 24, "NAMOBJ": "Rebo", "FCODE": null, "REMARK": "Permukiman dan Tempat Kegiatan", "SRS_ID": null, "LCODE": "GA0040", "METADATA": null, "SHAPE_Leng": 0.09154434814, "SHAPE_Area": 1.771446e-05 }, "geometry": { "type": "MultiPolygon", "coordinates": [ [ [ [ 106.144826446000053, -1.930038501, 0.0 ], [ 106.144518347000059, -1.930224702999944, 0.0 ], [ 106.144479361000023, -1.930190383999947, 0.0 ], [ 106.144425560000016, -1.930141483999898, 0.0 ], [ 106.144382643000114, -1.93010322499993, 0.0 ], [ 106.143997518000035, -1.930368670999955, 0.0 ], [ 106.143780651000043, -1.930034090999894, 0.0 ], [ 106.143850180000101, -1.929993682000014, 0.0 ], [ 106.144091405000083, -1.92984810599996, 0.0 ], [ 106.144154955, -1.929809755999984, 0.0 ], [ 106.144015893000045, -1.92956268999997, 0.0 ], [ 106.144215807000066, -1.929428743999989, 0.0 ], [ 106.144454676000024, -1.92929087099995, 0.0 ], [ 106.144829247000118, -1.929073709999924, 0.0 ], [ 106.144988529000059, -1.929345514999942, 0.0 ], [ 106.144901615000066, -1.929400886999905, 0.0 ], [ 106.144822830000024, -1.929444683999976, 0.0 ], [ 106.14473310200006, -1.929487917999912, 0.0 ], [ 106.14462542800004, -1.929541612, 0.0 ], [ 106.144533747000082, -1.929592472999947, 0.0 ], [ 106.144413183000054, -1.929661136999944, 0.0 ], [ 106.144385040000131, -1.929678282999942, 0.0 ], [ 106.144404339000033, -1.92970438899997, 0.0 ], [ 106.144432600000073, -1.929740912999972, 0.0 ], [ 106.144483269, -1.929809887, 0.0 ], [ 106.144515205000062, -1.929855997, 0.0 ], [ 106.1445350380001, -1.929884032999913, 0.0 ], [ 106.14455228700011, -1.929906534999909, 0.0 ], [ 106.144572841000041, -1.929925344999956, 0.0 ], [ 106.144590309000066, -1.92993683799993, 0.0 ], [ 106.144613428000113, -1.929947893999956, 0.0 ], [ 106.144642406000017, -1.929950832999933, 0.0 ], [ 106.144696687000064, -1.92995115699996, 0.0 ], [ 106.144765283000055, -1.929954801999906, 0.0 ], [ 106.144811863000101, -1.92995735699994, 0.0 ], [ 106.144826446000053, -1.930038501, 0.0 ] ] ], [ [ [ 106.144072991000073, -1.928639110999936, 0.0 ], [ 106.144110401000049, -1.928642033999911, 0.0 ], [ 106.144135707000018, -1.928640170999935, 0.0 ], [ 106.144159179, -1.928625763999986, 0.0 ], [ 106.144293608000027, -1.928706692999932, 0.0 ], [ 106.144305536000033, -1.928984425999908, 0.0 ], [ 106.14394522200007, -1.929010825999961, 0.0 ], [ 106.143728945000106, -1.929020152999933, 0.0 ], [ 106.14370823600008, -1.928681884999922, 0.0 ], [ 106.143764263, -1.928490326999971, 0.0 ], [ 106.144019836000027, -1.928501531999921, 0.0 ], [ 106.144019434000072, -1.928631394, 0.0 ], [ 106.144072991000073, -1.928639110999936, 0.0 ] ] ], [ [ [ 106.140682247000086, -1.927497467999978, 0.0 ], [ 106.140858355, -1.927936926000013, 0.0 ], [ 106.140841739000052, -1.928271152999955, 0.0 ], [ 106.141582326000048, -1.928946024999928, 0.0 ], [ 106.141665111000052, -1.928861816999889, 0.0 ], [ 106.141807010000079, -1.928980558999943, 0.0 ], [ 106.141758347000049, -1.929035542999963, 0.0 ], [ 106.142225984, -1.92948635699996, 0.0 ], [ 106.142689961000116, -1.929918828999949, 0.0 ], [ 106.14273878200008, -1.929883163999929, 0.0 ], [ 106.143091916000074, -1.930225345999909, 0.0 ], [ 106.143099053000043, -1.930447437999899, 0.0 ], [ 106.143087374000046, -1.930527515999953, 0.0 ], [ 106.143072362000055, -1.930569966999912, 0.0 ], [ 106.143042321000053, -1.930613902999906, 0.0 ], [ 106.14299943000006, -1.930656742999898, 0.0 ], [ 106.142958741000072, -1.930696995999942, 0.0 ], [ 106.142908882000114, -1.930737254999898, 0.0 ], [ 106.142862329000081, -1.930771974999929, 0.0 ], [ 106.14278972800011, -1.930815206999953, 0.0 ], [ 106.142728867000059, -1.930846616999887, 0.0 ], [ 106.142647678000088, -1.930886609, 0.0 ], [ 106.142459627000065, -1.930719596999947, 0.0 ], [ 106.142344646000055, -1.930620217999985, 0.0 ], [ 106.142160326000081, -1.930828652999911, 0.0 ], [ 106.141938686000046, -1.930651743999928, 0.0 ], [ 106.142121672000087, -1.93042120899995, 0.0 ], [ 106.141823335000097, -1.930125209999972, 0.0 ], [ 106.141415643000116, -1.929687857999935, 0.0 ], [ 106.141240047000053, -1.929887219, 0.0 ], [ 106.140898138000097, -1.929555237999975, 0.0 ], [ 106.141017727000047, -1.929432246999924, 0.0 ], [ 106.140544075000022, -1.928956327999981, 0.0 ], [ 106.140499496000075, -1.928991484999959, 0.0 ], [ 106.140389032000073, -1.928885716, 0.0 ], [ 106.140680591000049, -1.928623690999903, 0.0 ], [ 106.140616902000019, -1.928604258999983, 0.0 ], [ 106.140572307000056, -1.928529228999904, 0.0 ], [ 106.140522035000075, -1.928462570999984, 0.0 ], [ 106.140462430000113, -1.928378732999975, 0.0 ], [ 106.140415770000075, -1.92829696799996, 0.0 ], [ 106.140352545000084, -1.92821729299994, 0.0 ], [ 106.140266528000069, -1.928135552999927, 0.0 ], [ 106.140162407000062, -1.928082472999976, 0.0 ], [ 106.139964511000031, -1.927949231999965, 0.0 ], [ 106.139923045000074, -1.927889857999937, 0.0 ], [ 106.139856542000075, -1.927775650999902, 0.0 ], [ 106.140032771000094, -1.927624264999989, 0.0 ], [ 106.140323339000062, -1.927910664999971, 0.0 ], [ 106.140543187000048, -1.92776943400001, 0.0 ], [ 106.140519104000091, -1.927705219999937, 0.0 ], [ 106.140466717000024, -1.927567184999973, 0.0 ], [ 106.140682247000086, -1.927497467999978, 0.0 ] ] ], [ [ [ 106.147009849000057, -1.926387533999979, 0.0 ], [ 106.147314348000023, -1.926593380999958, 0.0 ], [ 106.147264531000076, -1.92677481099996, 0.0 ], [ 106.147690041000033, -1.927476914999965, 0.0 ], [ 106.147898802000071, -1.927336533999985, 0.0 ], [ 106.14797687100004, -1.927280471999965, 0.0 ], [ 106.148163430000025, -1.927535224999905, 0.0 ], [ 106.147781549000044, -1.927851521999963, 0.0 ], [ 106.147894972000103, -1.928086978, 0.0 ], [ 106.148019896000051, -1.928273652999985, 0.0 ], [ 106.148070627000081, -1.928314115999958, 0.0 ], [ 106.148251218000013, -1.928395220999918, 0.0 ], [ 106.148328253000074, -1.92843317599995, 0.0 ], [ 106.14833274500009, -1.928655672999974, 0.0 ], [ 106.148706539000017, -1.928658958999979, 0.0 ], [ 106.148648410000092, -1.928371601, 0.0 ], [ 106.14894381400002, -1.928272364999967, 0.0 ], [ 106.149121680000093, -1.928567408999954, 0.0 ], [ 106.149480806000042, -1.928460362999979, 0.0 ], [ 106.149607371000045, -1.928658473999939, 0.0 ], [ 106.149463423000029, -1.929043240999889, 0.0 ], [ 106.149252910000115, -1.929520978999983, 0.0 ], [ 106.149151073000027, -1.929495929999953, 0.0 ], [ 106.149020058000119, -1.929449172, 0.0 ], [ 106.148838418000096, -1.929806572999987, 0.0 ], [ 106.149141301000029, -1.93016560999994, 0.0 ], [ 106.148867653000124, -1.930365826999986, 0.0 ], [ 106.148507913000017, -1.929874688999939, 0.0 ], [ 106.148634993000059, -1.929743058999972, 0.0 ], [ 106.148330547000086, -1.929485459999975, 0.0 ], [ 106.148461155000064, -1.929353949999929, 0.0 ], [ 106.148309322000017, -1.929181277999942, 0.0 ], [ 106.147995571000081, -1.929160506999911, 0.0 ], [ 106.147973218000104, -1.929330954999981, 0.0 ], [ 106.147763380000058, -1.929460672999967, 0.0 ], [ 106.147722607000063, -1.929402691999965, 0.0 ], [ 106.147129371000091, -1.929315517999947, 0.0 ], [ 106.147172812000036, -1.929237678999901, 0.0 ], [ 106.146899964000028, -1.9290337099999, 0.0 ], [ 106.147005038000103, -1.928629572999946, 0.0 ], [ 106.146891123, -1.928572075999985, 0.0 ], [ 106.146800212000031, -1.92852585999998, 0.0 ], [ 106.146730066000089, -1.928488649999921, 0.0 ], [ 106.146646463000096, -1.928453710999961, 0.0 ], [ 106.146552473000057, -1.928413983999961, 0.0 ], [ 106.146430433000077, -1.928372863999933, 0.0 ], [ 106.146336554000044, -1.928552794999988, 0.0 ], [ 106.146494971, -1.928666930999928, 0.0 ], [ 106.146388329000061, -1.928841156999956, 0.0 ], [ 106.146316424000062, -1.928794989999955, 0.0 ], [ 106.14620058000007, -1.928956836999935, 0.0 ], [ 106.146371945000041, -1.92912662999995, 0.0 ], [ 106.146182336000066, -1.929320577999921, 0.0 ], [ 106.146044202000013, -1.929160838999938, 0.0 ], [ 106.146145476000044, -1.92906877899996, 0.0 ], [ 106.1457951350001, -1.928729286999936, 0.0 ], [ 106.145732579000068, -1.928795530999911, 0.0 ], [ 106.145694736000053, -1.928830271999943, 0.0 ], [ 106.145653244000073, -1.928865007999975, 0.0 ], [ 106.145610079000065, -1.928900603999989, 0.0 ], [ 106.145387931000059, -1.928610505999967, 0.0 ], [ 106.145557513000057, -1.92844141900001, 0.0 ], [ 106.146005181000064, -1.928040761999989, 0.0 ], [ 106.146696025000026, -1.927657892999929, 0.0 ], [ 106.146729956000087, -1.927704405999958, 0.0 ], [ 106.147210683000068, -1.927418481999926, 0.0 ], [ 106.147377038000059, -1.927307545999985, 0.0 ], [ 106.147344178000097, -1.927206962999922, 0.0 ], [ 106.147298050000103, -1.927114324999896, 0.0 ], [ 106.147234795000102, -1.927058122999953, 0.0 ], [ 106.147161953000122, -1.92700989799996, 0.0 ], [ 106.147084334000098, -1.926956509999983, 0.0 ], [ 106.147026307, -1.926921643999941, 0.0 ], [ 106.146980426000113, -1.926900915, 0.0 ], [ 106.146930162000032, -1.926884957000014, 0.0 ], [ 106.146856283000048, -1.926859272999931, 0.0 ], [ 106.146813054000035, -1.926837557999911, 0.0 ], [ 106.146771019000099, -1.926785591999963, 0.0 ], [ 106.146742995000096, -1.92673139399992, 0.0 ], [ 106.146722423000085, -1.926699531999948, 0.0 ], [ 106.146678883000035, -1.926658296, 0.0 ], [ 106.146619512000086, -1.92661651, 0.0 ], [ 106.146559738000036, -1.926576315999967, 0.0 ], [ 106.146497770000053, -1.926548688, 0.0 ], [ 106.146446417000064, -1.926544942999947, 0.0 ], [ 106.146366253000096, -1.926570820999957, 0.0 ], [ 106.146558481000014, -1.926187319999934, 0.0 ], [ 106.147009849000057, -1.926387533999979, 0.0 ] ] ], [ [ [ 106.140791682000085, -1.926694116999944, 0.0 ], [ 106.140681934000071, -1.926945799999985, 0.0 ], [ 106.140313966000079, -1.926692025999949, 0.0 ], [ 106.140088790000021, -1.926529773999936, 0.0 ], [ 106.140451514000091, -1.925942319999913, 0.0 ], [ 106.140683206000077, -1.926084977, 0.0 ], [ 106.140469816000106, -1.926510905999973, 0.0 ], [ 106.140791682000085, -1.926694116999944, 0.0 ] ] ], [ [ [ 106.135542742000013, -1.925419254999977, 0.0 ], [ 106.135705431000062, -1.925503505999932, 0.0 ], [ 106.13543022600004, -1.926059883999959, 0.0 ], [ 106.135344184000104, -1.926016995999963, 0.0 ], [ 106.135210536000059, -1.925946485999902, 0.0 ], [ 106.134999962000052, -1.925835132999926, 0.0 ], [ 106.13489014800011, -1.92577972199996, 0.0 ], [ 106.134756751000083, -1.925711530999913, 0.0 ], [ 106.134904781000074, -1.925441061999916, 0.0 ], [ 106.135251154000045, -1.925616725999974, 0.0 ], [ 106.135362784000051, -1.925425305999945, 0.0 ], [ 106.135498349000073, -1.925494645, 0.0 ], [ 106.135542742000013, -1.925419254999977, 0.0 ] ] ], [ [ [ 106.150366202000029, -1.925378803999917, 0.0 ], [ 106.149968443000077, -1.925785854999934, 0.0 ], [ 106.150072996000105, -1.925919066999943, 0.0 ], [ 106.149744717000033, -1.926319691999962, 0.0 ], [ 106.149688551000096, -1.926401645999904, 0.0 ], [ 106.150043522000061, -1.926759778999959, 0.0 ], [ 106.149800046000081, -1.927004285999939, 0.0 ], [ 106.149866170000053, -1.927073049999945, 0.0 ], [ 106.149704637000099, -1.927238170999929, 0.0 ], [ 106.149500072000038, -1.927044148999951, 0.0 ], [ 106.14974059400005, -1.926792117999971, 0.0 ], [ 106.14944957800013, -1.92645493099996, 0.0 ], [ 106.149133322000068, -1.926780598999906, 0.0 ], [ 106.148731608000048, -1.927122686999966, 0.0 ], [ 106.148481135000026, -1.926850094999971, 0.0 ], [ 106.148566960000025, -1.926778397, 0.0 ], [ 106.148300869000124, -1.926365595999941, 0.0 ], [ 106.148553764000084, -1.926177676999935, 0.0 ], [ 106.149005269000043, -1.925781055999981, 0.0 ], [ 106.148942124000058, -1.925723482999925, 0.0 ], [ 106.148874322000054, -1.925657305999956, 0.0 ], [ 106.149046545, -1.925476963999956, 0.0 ], [ 106.14924370500006, -1.92565044000001, 0.0 ], [ 106.149651887000076, -1.925236886999898, 0.0 ], [ 106.149884862000079, -1.925488390999925, 0.0 ], [ 106.149935303000078, -1.925418886999947, 0.0 ], [ 106.1499827250001, -1.925351992999919, 0.0 ], [ 106.150044815000086, -1.925277705999989, 0.0 ], [ 106.150098277000069, -1.925210804999961, 0.0 ], [ 106.150162947000084, -1.925123926999967, 0.0 ], [ 106.150252635000044, -1.925020965999974, 0.0 ], [ 106.15034447, -1.924905411999917, 0.0 ], [ 106.150387792000046, -1.924839816, 0.0 ], [ 106.150445395000105, -1.924897527999975, 0.0 ], [ 106.150549384000087, -1.924966826999936, 0.0 ], [ 106.150688101000114, -1.925024784999935, 0.0 ], [ 106.150366202000029, -1.925378803999917, 0.0 ] ] ], [ [ [ 106.142801673000037, -1.925029686999985, 0.0 ], [ 106.142898300000041, -1.925033654999958, 0.0 ], [ 106.143175367000055, -1.924878765999932, 0.0 ], [ 106.143286760000123, -1.925038033999965, 0.0 ], [ 106.142852576000081, -1.925302588999917, 0.0 ], [ 106.143054166000056, -1.925543032999916, 0.0 ], [ 106.143202834000107, -1.925741980999946, 0.0 ], [ 106.143532469000021, -1.925553721, 0.0 ], [ 106.143883477000102, -1.92593227499997, 0.0 ], [ 106.143583408000055, -1.926339692999929, 0.0 ], [ 106.143453574000063, -1.92625967499997, 0.0 ], [ 106.143315641000115, -1.926165008999953, 0.0 ], [ 106.143178996000088, -1.926062525, 0.0 ], [ 106.142914750000074, -1.925828572999916, 0.0 ], [ 106.1428528980001, -1.925772605, 0.0 ], [ 106.14277094200007, -1.925660316999939, 0.0 ], [ 106.142696427000033, -1.925543463999952, 0.0 ], [ 106.14263357600008, -1.925443862999971, 0.0 ], [ 106.142587562000088, -1.925358251, 0.0 ], [ 106.142541529000098, -1.92524431099998, 0.0 ], [ 106.14252238100002, -1.925166171999909, 0.0 ], [ 106.142516484000069, -1.925059041999927, 0.0 ], [ 106.142525153000079, -1.924953855999928, 0.0 ], [ 106.142537390000115, -1.924861041999976, 0.0 ], [ 106.142554163000071, -1.924776039999959, 0.0 ], [ 106.142796535000059, -1.924833946999954, 0.0 ], [ 106.142801673000037, -1.925029686999985, 0.0 ] ] ], [ [ [ 106.151473879000022, -1.92252347200001, 0.0 ], [ 106.151640011, -1.922877987999944, 0.0 ], [ 106.151840240000041, -1.922831041999967, 0.0 ], [ 106.152214488000098, -1.922718299999965, 0.0 ], [ 106.152337684000088, -1.923020594000019, 0.0 ], [ 106.152227679000035, -1.923071466999965, 0.0 ], [ 106.152140974000062, -1.923114943999921, 0.0 ], [ 106.152050813000059, -1.923155383999892, 0.0 ], [ 106.151961515000039, -1.92319365299995, 0.0 ], [ 106.15182260200001, -1.923245412999969, 0.0 ], [ 106.151718635000108, -1.923288032999943, 0.0 ], [ 106.151548521000066, -1.923380829999894, 0.0 ], [ 106.151457504000092, -1.923156513999985, 0.0 ], [ 106.15134907400008, -1.922881699999984, 0.0 ], [ 106.151278818000051, -1.922689535999983, 0.0 ], [ 106.150897902000054, -1.922779094999933, 0.0 ], [ 106.150743503000072, -1.92241635899994, 0.0 ], [ 106.151289852000076, -1.922101826999939, 0.0 ], [ 106.151570557000113, -1.922470099999946, 0.0 ], [ 106.151473879000022, -1.92252347200001, 0.0 ] ] ], [ [ [ 106.155225226000084, -1.921708092999958, 0.0 ], [ 106.155234763000067, -1.921732851999963, 0.0 ], [ 106.155845794000086, -1.921665586, 0.0 ], [ 106.155939530000026, -1.921937359, 0.0 ], [ 106.15607669900001, -1.921856942999928, 0.0 ], [ 106.156222465000084, -1.922115414, 0.0 ], [ 106.155849722000056, -1.922272495999938, 0.0 ], [ 106.155341180000079, -1.922328353999942, 0.0 ], [ 106.155327065000066, -1.922379425, 0.0 ], [ 106.155303614000076, -1.922425290999969, 0.0 ], [ 106.155271898000123, -1.922480191999981, 0.0 ], [ 106.15524259500009, -1.922539602999923, 0.0 ], [ 106.155211912000041, -1.922605971999908, 0.0 ], [ 106.155182270000083, -1.922669552999928, 0.0 ], [ 106.155157452000068, -1.922726538999936, 0.0 ], [ 106.154826261000025, -1.922497332999979, 0.0 ], [ 106.154894120000037, -1.922358610999958, 0.0 ], [ 106.154564956000073, -1.922230455000013, 0.0 ], [ 106.154667447000023, -1.921979037, 0.0 ], [ 106.154814182000081, -1.922008027999905, 0.0 ], [ 106.154667380000021, -1.921733295, 0.0 ], [ 106.155101364000046, -1.921471315, 0.0 ], [ 106.155152438000101, -1.921606915999935, 0.0 ], [ 106.155178552000038, -1.921645278, 0.0 ], [ 106.155201288000058, -1.921673763999959, 0.0 ], [ 106.155225226000084, -1.921708092999958, 0.0 ] ] ], [ [ [ 106.130708759000086, -1.922383066999939, 0.0 ], [ 106.130411929000047, -1.922471925, 0.370299999995041 ], [ 106.130814706000066, -1.921292388999935, 0.370299999995041 ], [ 106.131119618000071, -1.921572879999961, 0.0 ], [ 106.130758557000036, -1.921861688999965, 0.0 ], [ 106.130825033000022, -1.922000886999936, 0.0 ], [ 106.130594479000052, -1.922114856999952, 0.0 ], [ 106.130708759000086, -1.922383066999939, 0.0 ] ] ], [ [ [ 106.13222601800004, -1.921225163999968, 0.0 ], [ 106.132435447000049, -1.921589142999975, 0.0 ], [ 106.132764350000087, -1.921407639999967, 0.0 ], [ 106.132852865000032, -1.921530633000018, 0.0 ], [ 106.132685222000106, -1.921668474999966, 0.0 ], [ 106.132765712000023, -1.921782884999929, 0.0 ], [ 106.132702644000034, -1.921834133999906, 0.0 ], [ 106.132919488000127, -1.922126069999902, 0.0 ], [ 106.133239637000059, -1.922657975999948, 0.0 ], [ 106.133494221000078, -1.922588159999944, 0.0 ], [ 106.133564584000041, -1.922781080999919, 0.0 ], [ 106.133069214000088, -1.923035696999936, 0.0 ], [ 106.133010621000025, -1.922905480999909, 0.0 ], [ 106.132941916000036, -1.922764336999955, 0.0 ], [ 106.1328794410001, -1.92265000799991, 0.0 ], [ 106.132815953, -1.92256747499992, 0.0 ], [ 106.132749359000087, -1.922490405999938, 0.0 ], [ 106.132668780000074, -1.922408924999947, 0.0 ], [ 106.13258018300003, -1.922325621999982, 0.0 ], [ 106.132490028000035, -1.92225247699997, 0.0 ], [ 106.132364668000051, -1.922178576999984, 0.0 ], [ 106.132160553000034, -1.922033344999957, 0.0 ], [ 106.132104990000059, -1.921959586999983, 0.0 ], [ 106.132082289000053, -1.921929455999888, 0.0 ], [ 106.13202552500006, -1.921832842999977, 0.0 ], [ 106.131980939000101, -1.921757324999946, 0.0 ], [ 106.131926505000123, -1.921661498999922, 0.0 ], [ 106.131867937000081, -1.921568531999957, 0.0 ], [ 106.131788904000103, -1.92147089299996, 0.0 ], [ 106.13222601800004, -1.921225163999968, 0.0 ] ] ], [ [ [ 106.130917952000075, -1.921183131999954, 0.0 ], [ 106.130833336000094, -1.92123783199995, 0.370299999995041 ], [ 106.13086222200009, -1.921153237999968, 0.370299999995041 ], [ 106.130917952000075, -1.921183131999954, 0.0 ] ] ], [ [ [ 106.135934616000029, -1.915174932999947, 0.0 ], [ 106.135893437000078, -1.915250028999943, 0.0 ], [ 106.135542542000096, -1.915013286999984, 0.0 ], [ 106.135945004000078, -1.914458574, 0.0 ], [ 106.135885826000077, -1.914416192999963, 0.0 ], [ 106.136052738000032, -1.91421076599993, 0.0 ], [ 106.136452736000081, -1.913723880999968, 0.0 ], [ 106.136917716000099, -1.913796057999989, 0.0 ], [ 106.136868370000101, -1.914251361, 0.0 ], [ 106.136800220000055, -1.914254798999932, 0.0 ], [ 106.13675197700006, -1.914264708999952, 0.0 ], [ 106.136661125, -1.914292990999983, 0.0 ], [ 106.136574194, -1.914323802999957, 0.0 ], [ 106.13651979100004, -1.914344443999977, 0.0 ], [ 106.136452226000046, -1.91438908399994, 0.0 ], [ 106.13638629000009, -1.914451024999914, 0.0 ], [ 106.136318725000095, -1.914510896999983, 0.0 ], [ 106.136214729000102, -1.914607771, 0.0 ], [ 106.136165675000044, -1.914655219999934, 0.0 ], [ 106.136133172000115, -1.914701517999945, 0.0 ], [ 106.136093091000077, -1.91475178299993, 0.0 ], [ 106.136066191000069, -1.91479018, 0.0 ], [ 106.136050793000038, -1.91483337299993, 0.0 ], [ 106.136031201000023, -1.91489575499994, 0.0 ], [ 106.136007409000101, -1.914973099999945, 0.0 ], [ 106.135977740000044, -1.915064839999986, 0.0 ], [ 106.135934616000029, -1.915174932999947, 0.0 ] ] ], [ [ [ 106.138644585000065, -1.910174538000015, 0.0 ], [ 106.139006752000014, -1.910494874999963, 0.0 ], [ 106.138808583000056, -1.91079087099994, 0.0 ], [ 106.138604821000072, -1.910784296999929, 0.0 ], [ 106.138593659000037, -1.910869249999942, 0.0 ], [ 106.138579392000096, -1.9109245719999, 0.0 ], [ 106.138557827000085, -1.910982728999916, 0.0 ], [ 106.138527584000073, -1.91104849999994, 0.0 ], [ 106.138489779000054, -1.91114165700001, 0.0 ], [ 106.138456440000041, -1.911203205999951, 0.0 ], [ 106.138432344000094, -1.911239911999968, 0.0 ], [ 106.138425895000097, -1.911246689999907, 0.0 ], [ 106.138418331000096, -1.911255162999987, 0.0 ], [ 106.13840263000013, -1.911263638999977, 0.0 ], [ 106.138358596000032, -1.91127213499997, 0.0 ], [ 106.138317928000049, -1.911278367999953, 0.0 ], [ 106.138278949000011, -1.911294475999953, 0.0 ], [ 106.138235208000125, -1.911314549999926, 0.0 ], [ 106.13820857500005, -1.911333752, 0.0 ], [ 106.138194005000088, -1.911352676999972, 0.0 ], [ 106.138186728000022, -1.911371586999938, 0.0 ], [ 106.138185619000112, -1.911393883999918, 0.0 ], [ 106.138202472000089, -1.911430841999956, 0.0 ], [ 106.138245422000082, -1.911494310999967, 0.0 ], [ 106.138279971000102, -1.911563711999936, 0.0 ], [ 106.138294885000093, -1.911631434999944, 0.0 ], [ 106.138305311000067, -1.911707625999942, 0.0 ], [ 106.138309574000061, -1.911792288999931, 0.0 ], [ 106.138307959000102, -1.911894456999947, 0.0 ], [ 106.138302437000092, -1.912023991999917, 0.0 ], [ 106.137836978000038, -1.911725207999976, 0.0 ], [ 106.138039105000061, -1.91140595999994, 0.0 ], [ 106.137783348000042, -1.911187898000017, 0.0 ], [ 106.138152925000071, -1.910780034999932, 0.0 ], [ 106.137658944000052, -1.910261642999939, 0.0 ], [ 106.137879564000102, -1.910012725999949, 0.0 ], [ 106.137997767000016, -1.910128248, 0.0 ], [ 106.138097597000112, -1.910190051999966, 0.0 ], [ 106.138187583, -1.910255329999949, 0.0 ], [ 106.138540912000025, -1.909870071999959, 0.0 ], [ 106.138421797000021, -1.909732582999951, 0.0 ], [ 106.138856889000053, -1.909368809999962, 0.0 ], [ 106.138988165000072, -1.90959206799996, 0.0 ], [ 106.138679834000058, -1.909867237, 0.0 ], [ 106.138779111000105, -1.910022922999905, 0.0 ], [ 106.138644585000065, -1.910174538000015, 0.0 ] ] ] ] } },
{ "type": "Feature", "properties": { "fid": 25, "NAMOBJ": "Ahmad Yani", "FCODE": null, "REMARK": "Permukiman dan Tempat Kegiatan", "SRS_ID": null, "LCODE": "GA0040", "METADATA": null, "SHAPE_Leng": 0.02848971369, "SHAPE_Area": 7.02679e-06 }, "geometry": { "type": "MultiPolygon", "coordinates": [ [ [ [ 106.113077330000095, -1.849374440999946, 0.0 ], [ 106.113087742000062, -1.849506977999988, 0.0 ], [ 106.113042941000089, -1.849642507999921, 0.0 ], [ 106.112980089000033, -1.849765385999963, 0.0 ], [ 106.112928136000093, -1.849877283999985, 0.0 ], [ 106.112829655000027, -1.850052530999919, 0.0 ], [ 106.112759242000067, -1.85015895000002, 0.0 ], [ 106.11268044800002, -1.850275922000017, 0.0 ], [ 106.112592833000065, -1.850373912999953, 0.0 ], [ 106.112491785000046, -1.850468529999966, 0.0 ], [ 106.112378991000043, -1.85055598, 0.0 ], [ 106.112269120000093, -1.850629082999927, 0.0 ], [ 106.112129473, -1.850714858999919, 0.0 ], [ 106.111918659000054, -1.850836563999953, 0.0 ], [ 106.111748090000063, -1.850924729999964, 0.0 ], [ 106.111650925000021, -1.850975318999887, 0.0 ], [ 106.111434548000062, -1.851071192999915, 0.0 ], [ 106.111315058000031, -1.851116179, 0.0 ], [ 106.111180290000064, -1.851154381999959, 0.0 ], [ 106.111061962000051, -1.851188729999959, 0.0 ], [ 106.110882871000058, -1.851250008999966, 0.0 ], [ 106.110662649000048, -1.851320864999967, 0.0 ], [ 106.11057898200005, -1.851335300999918, 0.0 ], [ 106.110482968000014, -1.851356635999907, 0.0 ], [ 106.110373743000125, -1.851387441999969, 0.0 ], [ 106.110259822000032, -1.851425033999971, 0.0 ], [ 106.110156182000068, -1.851457609, 0.0 ], [ 106.109964443000095, -1.851505001999926, 0.0 ], [ 106.109791801000114, -1.851557412, 0.0 ], [ 106.109629733000119, -1.851613658999946, 0.0 ], [ 106.109511115000075, -1.851643574999934, 0.0 ], [ 106.10942831900006, -1.851671703999952, 0.0 ], [ 106.109325266000056, -1.851708403999969, 0.0 ], [ 106.109221029000054, -1.851735361999979, 0.0 ], [ 106.109124716000082, -1.851741038999916, 0.0 ], [ 106.109041308000101, -1.851739020999926, 0.0 ], [ 106.108941747000031, -1.851724012999928, 0.0 ], [ 106.108849523000046, -1.851696003, 0.0 ], [ 106.108761693000062, -1.851653209999932, 0.0 ], [ 106.108656522000061, -1.851595357999941, 0.0 ], [ 106.108569572000064, -1.851550202999936, 0.0 ], [ 106.108478209000054, -1.851505936999915, 0.0 ], [ 106.108373031000056, -1.851420902999984, 0.0 ], [ 106.108298385000097, -1.851341466999984, 0.0 ], [ 106.108280957000076, -1.851246021, 0.0 ], [ 106.108254737000038, -1.851163921999949, 0.0 ], [ 106.108190278000038, -1.850912731999949, 0.0 ], [ 106.10892288800008, -1.851408128999904, 0.0 ], [ 106.109419109000015, -1.851287872999902, 0.0 ], [ 106.109391732000049, -1.851109938000012, 0.0 ], [ 106.109606741000079, -1.851069034, 0.0 ], [ 106.10953634300003, -1.85072334099991, 0.0 ], [ 106.10976482300002, -1.850611386999973, 0.0 ], [ 106.109998579, -1.850496849, 0.0 ], [ 106.109938900000117, -1.850170876999941, 0.0 ], [ 106.109834006000057, -1.849414375999964, 0.0 ], [ 106.109630788000032, -1.849477045, 0.0 ], [ 106.10962452400004, -1.849234085999968, 0.0 ], [ 106.109472733000089, -1.849263904999948, 0.0 ], [ 106.109488189000047, -1.848718513999942, 0.0 ], [ 106.108798269000062, -1.84844882100001, 0.0 ], [ 106.108775442000038, -1.848604653999936, 0.0 ], [ 106.10862109100006, -1.848608341999975, 0.0 ], [ 106.108613610000063, -1.848867708999941, 0.0 ], [ 106.108358946000038, -1.848933484999965, 0.0 ], [ 106.10842532700012, -1.849195880999916, 0.0 ], [ 106.108635695000032, -1.849152691999984, 0.0 ], [ 106.108654039000029, -1.849581003999984, 0.0 ], [ 106.108532841000041, -1.849625945999972, 0.0 ], [ 106.108388407000078, -1.849646126999954, 0.0 ], [ 106.108245812000092, -1.849645754999924, 0.0 ], [ 106.108100888000095, -1.849630422999987, 0.0 ], [ 106.10797408500008, -1.849625355999923, 0.0 ], [ 106.107879037000032, -1.849625505999936, 0.0 ], [ 106.107789710000105, -1.849327023999931, 0.0 ], [ 106.107735043000019, -1.849137852999911, 0.0 ], [ 106.107712328, -1.848982121999904, 0.0 ], [ 106.10770917100011, -1.848904476999963, 0.0 ], [ 106.107703642000089, -1.848572472999938, 0.0 ], [ 106.107689296000061, -1.848313219999981, 0.0 ], [ 106.10809390200005, -1.848164257999913, 0.0 ], [ 106.108173756000085, -1.848132882999981, 0.0 ], [ 106.108241291000084, -1.84811067899992, 0.0 ], [ 106.108312930000054, -1.848096160999963, 0.0 ], [ 106.108481791000088, -1.848093685000024, 0.0 ], [ 106.108621531000011, -1.848056591999975, 0.0 ], [ 106.108872689000094, -1.848150769999951, 0.0 ], [ 106.109115013000078, -1.848262383999949, 0.0 ], [ 106.109546073000033, -1.848441991999977, 0.0 ], [ 106.109897448000069, -1.848563288999977, 0.0 ], [ 106.110091815000075, -1.848623539999989, 0.0 ], [ 106.110266061000104, -1.848677554999928, 0.0 ], [ 106.110597970000114, -1.848780030999969, 0.0 ], [ 106.110991184000056, -1.848903516999973, 0.0 ], [ 106.111336301, -1.849008570999961, 0.0 ], [ 106.111470600000104, -1.849048071999943, 0.0 ], [ 106.111609458000046, -1.849088912999947, 0.0 ], [ 106.111885186000038, -1.849168158999931, 0.0 ], [ 106.112229933000052, -1.849256587999965, 0.0 ], [ 106.112621281000102, -1.849328361999953, 0.0 ], [ 106.113077330000095, -1.849374440999946, 0.0 ] ], [ [ 106.110277535000066, -1.849146531, 0.0 ], [ 106.110371982000075, -1.849466321, 0.0 ], [ 106.11043005100008, -1.849458088999939, 0.0 ], [ 106.110480690000088, -1.849792251999966, 0.0 ], [ 106.110523981000128, -1.849786073999987, 0.0 ], [ 106.110539902000113, -1.850090381999942, 0.0 ], [ 106.110746628000072, -1.850695495999916, 0.0 ], [ 106.111431700000082, -1.850496479999969, 0.0 ], [ 106.111538889000073, -1.849925776, 0.0 ], [ 106.111987408000061, -1.849991316999916, 0.0 ], [ 106.112068749000045, -1.849749180999955, 0.0 ], [ 106.112267785000071, -1.849769136999918, 0.0 ], [ 106.112314812000065, -1.849629091999966, 0.0 ], [ 106.111798615000069, -1.849485502999898, 0.0 ], [ 106.111764336000078, -1.849642274, 0.0 ], [ 106.111597976000084, -1.849561493999968, 0.0 ], [ 106.111620113000043, -1.849494543999936, 0.0 ], [ 106.111229220000027, -1.849377813999959, 0.0 ], [ 106.111023438000061, -1.849333664999947, 0.0 ], [ 106.111082927000012, -1.849153711999979, 0.0 ], [ 106.110847558000074, -1.849123621999976, 0.0 ], [ 106.110879601000065, -1.849043638999931, 0.0 ], [ 106.110252429000042, -1.848904099999932, 0.0 ], [ 106.110277535000066, -1.849146531, 0.0 ] ] ] ] } },
{ "type": "Feature", "properties": { "fid": 26, "NAMOBJ": "Cokroaminoto", "FCODE": null, "REMARK": "Permukiman dan Tempat Kegiatan", "SRS_ID": null, "LCODE": "GA0040", "METADATA": null, "SHAPE_Leng": 0.04432555468, "SHAPE_Area": 1.029529e-05 }, "geometry": { "type": "MultiPolygon", "coordinates": [ [ [ [ 106.107150961000102, -1.852409179999953, 0.0 ], [ 106.107145145000061, -1.85268537999998, 0.0 ], [ 106.107054036000079, -1.852673975999925, 0.0 ], [ 106.107031998000124, -1.852884451999931, 0.0 ], [ 106.106478799000087, -1.852843189999892, 0.0 ], [ 106.106469316000101, -1.85300541, 0.0 ], [ 106.106292508000038, -1.852994059999941, 0.0 ], [ 106.106209355, -1.853862032999904, 0.0 ], [ 106.106206718000053, -1.853889557999961, 0.0 ], [ 106.105895583000063, -1.853948123999921, 0.0 ], [ 106.105786166000073, -1.853962893999989, 0.0 ], [ 106.105741216000084, -1.853968961999958, 0.0 ], [ 106.105688054000026, -1.853985140999964, 0.0 ], [ 106.105687871000015, -1.85398460799992, 0.0 ], [ 106.105708516000036, -1.85390504, 0.0 ], [ 106.105774416000074, -1.853624813999905, 0.0 ], [ 106.105843477000107, -1.853366746999957, 0.0 ], [ 106.106002100000083, -1.852929747999949, 0.0 ], [ 106.106130877000084, -1.852565585000016, 0.0 ], [ 106.106188455000051, -1.852391096999967, 0.0 ], [ 106.106534318000058, -1.852493997999955, 0.0 ], [ 106.106540245000105, -1.85238242699996, 0.0 ], [ 106.107150961000102, -1.852409179999953, 0.0 ] ] ], [ [ [ 106.112828884000052, -1.85128214099996, 0.0 ], [ 106.112775591000087, -1.851350621999942, 0.0 ], [ 106.112659118000039, -1.851505373999957, 0.0 ], [ 106.112663526000048, -1.851510833999964, 0.0 ], [ 106.112689549000066, -1.851535122999931, 0.0 ], [ 106.112793281000037, -1.85163637599996, 0.0 ], [ 106.112865038000024, -1.851710359999953, 0.0 ], [ 106.112932712000116, -1.851780979999934, 0.0 ], [ 106.113004468000014, -1.85185309099995, 0.0 ], [ 106.113087757000059, -1.851938282999893, 0.0 ], [ 106.113205616000045, -1.852045144999942, 0.0 ], [ 106.113299688000012, -1.852153504999937, 0.0 ], [ 106.113371830000034, -1.852239084, 0.0 ], [ 106.1134488000001, -1.852324650999976, 0.0 ], [ 106.113510014000013, -1.852426303999949, 0.0 ], [ 106.113509173000025, -1.852426847999905, 0.0 ], [ 106.113509146000112, -1.852426866, 0.0 ], [ 106.113395600000047, -1.852500338999946, 0.0 ], [ 106.113053041000029, -1.852719691999977, 0.0 ], [ 106.112727133000064, -1.852915768999947, 0.0 ], [ 106.112485586000062, -1.853070780999894, 0.0 ], [ 106.112176924000025, -1.853228729, 0.0 ], [ 106.111925786000114, -1.853385674000013, 0.0 ], [ 106.111763310000086, -1.853478402999959, 0.0 ], [ 106.111631973000044, -1.85352672499996, 0.0 ], [ 106.111545186000058, -1.853525820999974, 0.0 ], [ 106.11150728500003, -1.853524240999932, 0.0 ], [ 106.111282923000033, -1.853514887999958, 0.0 ], [ 106.110888329000076, -1.853502590999917, 0.0 ], [ 106.110692436000122, -1.85350683, 0.0 ], [ 106.110650546000031, -1.853507179999942, 0.0 ], [ 106.110552544000086, -1.85350800100001, 0.0 ], [ 106.110351341000055, -1.853509686999971, 0.0 ], [ 106.110104205000113, -1.853534554999986, 0.0 ], [ 106.109820621000011, -1.853563090999949, 0.0 ], [ 106.109808668000085, -1.853564074999942, 0.0 ], [ 106.109430846000095, -1.853595176999939, 0.0 ], [ 106.108875679000079, -1.853657271999926, 0.0 ], [ 106.108285509000012, -1.853710233999956, 0.0 ], [ 106.107965599000096, -1.853717524999937, 0.0 ], [ 106.107719767000091, -1.853723126999957, 0.0 ], [ 106.107174170000064, -1.853765929999946, 0.0 ], [ 106.107219284000067, -1.853366153, 0.0 ], [ 106.107552499000107, -1.853368964999963, 0.0 ], [ 106.107556196000061, -1.853531175999973, 0.0 ], [ 106.107990091000076, -1.853511002999903, 0.0 ], [ 106.107989961000072, -1.853301752999909, 0.0 ], [ 106.109496532000023, -1.85312893899991, 0.0 ], [ 106.109502566000074, -1.853191041999897, 0.0 ], [ 106.110240264000097, -1.853105548999928, 0.0 ], [ 106.110240183000087, -1.852975293999987, 0.0 ], [ 106.110756834000114, -1.852922159999943, 0.0 ], [ 106.110878178000036, -1.852577204999911, 0.0 ], [ 106.110744548000071, -1.852551645999928, 0.0 ], [ 106.110813981000049, -1.852416524999939, 0.0 ], [ 106.110658091000033, -1.852301446999921, 0.0 ], [ 106.110785024000052, -1.852112007999968, 0.0 ], [ 106.11066449800002, -1.852008964999968, 0.0 ], [ 106.110581249000063, -1.85210249399998, 0.0 ], [ 106.110421051000046, -1.851986115999943, 0.0 ], [ 106.110350615000073, -1.85205514199997, 0.0 ], [ 106.110262922000103, -1.852130943999936, 0.0 ], [ 106.11018816800005, -1.852194671999968, 0.0 ], [ 106.110120600000059, -1.852251637999886, 0.0 ], [ 106.110037215, -1.852313922999977, 0.0 ], [ 106.109954783, -1.852363182999967, 0.0 ], [ 106.109858438000032, -1.85240376699995, 0.0 ], [ 106.109753459000046, -1.852436641999916, 0.0 ], [ 106.109639367000028, -1.852459381999933, 0.0 ], [ 106.109517122000042, -1.852484550999972, 0.0 ], [ 106.109385760000094, -1.852506343, 0.0 ], [ 106.109263511, -1.852524746000012, 0.0 ], [ 106.109210858000012, -1.85214901900001, 0.0 ], [ 106.108897681000116, -1.852218387999888, 0.0 ], [ 106.108902819, -1.852458235000015, 0.0 ], [ 106.10835347500003, -1.852500977, 0.0 ], [ 106.108347316000064, -1.852412289999944, 0.0 ], [ 106.108311292000096, -1.852423465999981, 0.0 ], [ 106.108312460000022, -1.852523318999983, 0.0 ], [ 106.108104575000041, -1.852525122999954, 0.0 ], [ 106.108123843000044, -1.852300311, 0.0 ], [ 106.108339481000115, -1.852288461999913, 0.0 ], [ 106.108344399000089, -1.852172432, 0.0 ], [ 106.10819138500004, -1.852160261999964, 0.0 ], [ 106.108217076000116, -1.851579007999921, 0.0 ], [ 106.108020775000043, -1.85148988, 0.0 ], [ 106.107955977000103, -1.851590325999969, 0.0 ], [ 106.107691486000064, -1.851496779999956, 0.0 ], [ 106.107402934000078, -1.851032310999895, 0.0 ], [ 106.107169623000047, -1.851162423999914, 0.0 ], [ 106.107208484000068, -1.851246070999907, 0.0 ], [ 106.106765742000022, -1.851569319, 0.0 ], [ 106.106528182, -1.851412935999947, 0.0 ], [ 106.106652341000057, -1.851213403999957, 0.0 ], [ 106.106818969000074, -1.850999598999942, 0.0 ], [ 106.106935305000022, -1.850871304999985, 0.0 ], [ 106.107101982000046, -1.850736647999946, 0.0 ], [ 106.107240373000039, -1.85065582999992, 0.0 ], [ 106.107850209000048, -1.850539329999962, 0.0 ], [ 106.108129829000092, -1.850608535999915, 0.0 ], [ 106.108190278000038, -1.850912731999949, 0.0 ], [ 106.108254737000038, -1.851163921999949, 0.0 ], [ 106.108280957000076, -1.851246021, 0.0 ], [ 106.108298385000097, -1.851341466999984, 0.0 ], [ 106.108373031000056, -1.851420902999984, 0.0 ], [ 106.108478209000054, -1.851505936999915, 0.0 ], [ 106.108569572000064, -1.851550202999936, 0.0 ], [ 106.108656522000061, -1.851595357999941, 0.0 ], [ 106.108761693000062, -1.851653209999932, 0.0 ], [ 106.108849523000046, -1.851696003, 0.0 ], [ 106.108941747000031, -1.851724012999928, 0.0 ], [ 106.109041308000101, -1.851739020999926, 0.0 ], [ 106.109124716000082, -1.851741038999916, 0.0 ], [ 106.109221029000054, -1.851735361999979, 0.0 ], [ 106.109325266000056, -1.851708403999969, 0.0 ], [ 106.10942831900006, -1.851671703999952, 0.0 ], [ 106.109511115000075, -1.851643574999934, 0.0 ], [ 106.109629733000119, -1.851613658999946, 0.0 ], [ 106.109791801000114, -1.851557412, 0.0 ], [ 106.109964443000095, -1.851505001999926, 0.0 ], [ 106.110156182000068, -1.851457609, 0.0 ], [ 106.110259822000032, -1.851425033999971, 0.0 ], [ 106.110373743000125, -1.851387441999969, 0.0 ], [ 106.110482968000014, -1.851356635999907, 0.0 ], [ 106.11057898200005, -1.851335300999918, 0.0 ], [ 106.110662649000048, -1.851320864999967, 0.0 ], [ 106.110882871000058, -1.851250008999966, 0.0 ], [ 106.111061962000051, -1.851188729999959, 0.0 ], [ 106.111180290000064, -1.851154381999959, 0.0 ], [ 106.111315058000031, -1.851116179, 0.0 ], [ 106.111434548000062, -1.851071192999915, 0.0 ], [ 106.111650925000021, -1.850975318999887, 0.0 ], [ 106.111748090000063, -1.850924729999964, 0.0 ], [ 106.111918659000054, -1.850836563999953, 0.0 ], [ 106.112129473, -1.850714858999919, 0.0 ], [ 106.112269120000093, -1.850629082999927, 0.0 ], [ 106.112378991000043, -1.85055598, 0.0 ], [ 106.112491785000046, -1.850468529999966, 0.0 ], [ 106.112592833000065, -1.850373912999953, 0.0 ], [ 106.11268044800002, -1.850275922000017, 0.0 ], [ 106.112759242000067, -1.85015895000002, 0.0 ], [ 106.112829655000027, -1.850052530999919, 0.0 ], [ 106.112928136000093, -1.849877283999985, 0.0 ], [ 106.112980089000033, -1.849765385999963, 0.0 ], [ 106.113042941000089, -1.849642507999921, 0.0 ], [ 106.113087742000062, -1.849506977999988, 0.0 ], [ 106.113077330000095, -1.849374440999946, 0.0 ], [ 106.113296747000035, -1.849397006999948, 0.0 ], [ 106.113378372000042, -1.849401588999972, 0.137799999996787 ], [ 106.11332590800005, -1.849451052999979, 0.084900000001653 ], [ 106.113297161000077, -1.849481464999919, 0.084900000001653 ], [ 106.113229171000043, -1.849626235, 0.084900000001653 ], [ 106.113180367, -1.849786913999968, 0.084900000001653 ], [ 106.113086549000059, -1.850044109999932, 0.084900000001653 ], [ 106.113035344000082, -1.850188390999969, 0.070800000001327 ], [ 106.112994163000053, -1.850276212999952, 0.009900000004563 ], [ 106.112944343, -1.850350543999974, 0.070800000001327 ], [ 106.112861451000086, -1.850424887, 0.084900000001653 ], [ 106.112643383000062, -1.850561547999935, 0.084900000001653 ], [ 106.112475925000069, -1.85065631199996, 0.00010000000475 ], [ 106.112475755000048, -1.850656408999968, 0.0 ], [ 106.112538770000114, -1.850721809999961, 0.0 ], [ 106.112671597000087, -1.850844137999958, 0.0 ], [ 106.112805006000116, -1.850948077999942, 0.0 ], [ 106.112867064000099, -1.850995075999923, 0.0 ], [ 106.112915633000028, -1.851034546999903, 0.0 ], [ 106.112918353000083, -1.851071324000015, 0.0 ], [ 106.112917783000029, -1.851122286999968, 0.0 ], [ 106.112904635000106, -1.851172949999985, 0.0 ], [ 106.112872901000046, -1.851228744999983, 0.0 ], [ 106.112828884000052, -1.85128214099996, 0.0 ] ], [ [ 106.111532391000068, -1.851588253999975, 0.0 ], [ 106.111495355000031, -1.851793917999939, 0.0 ], [ 106.111813593000065, -1.851911950999935, 0.0 ], [ 106.111776033000069, -1.852010118999975, 0.0 ], [ 106.111678149000056, -1.852206467999967, 0.0 ], [ 106.111561549000086, -1.852172430999905, 0.0 ], [ 106.111482698000131, -1.852342129, 0.0 ], [ 106.111687601000128, -1.852459301999926, 0.0 ], [ 106.111574427000079, -1.852715017999945, 0.0 ], [ 106.111677587000088, -1.852791594999887, 0.0 ], [ 106.111623274000038, -1.852838828999976, 0.0 ], [ 106.111715759000049, -1.852924295999942, 0.0 ], [ 106.111760318, -1.852875665999915, 0.0 ], [ 106.111814694000074, -1.852928909999968, 0.0 ], [ 106.112293375000064, -1.852635577999945, 0.0 ], [ 106.112350083000052, -1.852708448999935, 0.0 ], [ 106.112469859000015, -1.852617709999977, 0.0 ], [ 106.112289449000087, -1.852293008999934, 0.0 ], [ 106.112581938000048, -1.852089526999973, 0.0 ], [ 106.112494058000053, -1.851937228999895, 0.0 ], [ 106.112117522000077, -1.852179551999961, 0.0 ], [ 106.11195989, -1.851895033999956, 0.0 ], [ 106.112066215000098, -1.851828608999967, 0.0 ], [ 106.111983458000083, -1.851702476999923, 0.0 ], [ 106.11226573000009, -1.851505540999971, 0.0 ], [ 106.112083988000052, -1.85128225799997, 0.0 ], [ 106.111532391000068, -1.851588253999975, 0.0 ] ] ] ] } },
{ "type": "Feature", "properties": { "fid": 27, "NAMOBJ": "Damai", "FCODE": null, "REMARK": "Permukiman dan Tempat Kegiatan", "SRS_ID": null, "LCODE": "GA0040", "METADATA": null, "SHAPE_Leng": 0.03252413673, "SHAPE_Area": 1.206638e-05 }, "geometry": { "type": "MultiPolygon", "coordinates": [ [ [ [ 106.101893032270823, -1.865319082029751, 0.0 ], [ 106.101905918000085, -1.865312978999939, 0.0 ], [ 106.102341327000062, -1.865120296999984, 0.0 ], [ 106.102291869000055, -1.865567967999898, 0.0 ], [ 106.102046170517298, -1.865703981175564, 0.0 ], [ 106.101893032270823, -1.865319082029751, 0.0 ] ] ] ] } },
{ "type": "Feature", "properties": { "fid": 28, "NAMOBJ": "Kampungjawa", "FCODE": null, "REMARK": "Permukiman dan Tempat Kegiatan", "SRS_ID": null, "LCODE": "GA0040", "METADATA": null, "SHAPE_Leng": 0.03738252999, "SHAPE_Area": 2.021461e-05 }, "geometry": { "type": "MultiPolygon", "coordinates": [ [ [ [ 106.117160379000055, -1.862586941999983, 0.0 ], [ 106.117157387000077, -1.862632228999911, 0.0 ], [ 106.117036243000086, -1.862633876999959, 0.0 ], [ 106.117003547000053, -1.86264772899995, 0.0 ], [ 106.116949688000034, -1.86267468199996, 0.0 ], [ 106.116867217000049, -1.862704647999952, 0.0 ], [ 106.116785489000037, -1.862729746999986, 0.0 ], [ 106.116687413000093, -1.862761215999925, 0.0 ], [ 106.116574472000082, -1.862800173999951, 0.0 ], [ 106.116473059000029, -1.862843231999961, 0.0 ], [ 106.116393931000061, -1.862872815999922, 0.0 ], [ 106.11628843400004, -1.862911398999917, 0.0 ], [ 106.116195938000018, -1.862953700999953, 0.0 ], [ 106.116096756000076, -1.86299938, 0.0 ], [ 106.115896528000022, -1.863085873999965, 0.0 ], [ 106.11580217200013, -1.863129677999948, 0.0 ], [ 106.115693337, -1.863179850999924, 0.0 ], [ 106.115579669000098, -1.863234132999975, 0.0 ], [ 106.115483087000101, -1.86328130299997, 0.0 ], [ 106.115312574000114, -1.863348709999952, 0.0 ], [ 106.1152275110001, -1.863388021999918, 0.0 ], [ 106.115109006000054, -1.863441565, 0.0 ], [ 106.114991257000085, -1.863496971999962, 0.0 ], [ 106.114841183000109, -1.863569602999932, 0.0 ], [ 106.114760208000064, -1.863620128999938, 0.0 ], [ 106.114680724000067, -1.863669901999971, 0.0 ], [ 106.114574118000036, -1.863732781999933, 0.0 ], [ 106.114414769000078, -1.863822985999936, 0.0 ], [ 106.114312628000064, -1.863882497999975, 0.0 ], [ 106.114217164000081, -1.863935655999932, 0.0 ], [ 106.114106470000067, -1.863989185, 0.0 ], [ 106.114012863000042, -1.864036732999947, 0.0 ], [ 106.11392445200002, -1.864085761999918, 0.0 ], [ 106.113860941, -1.864130668, 0.0 ], [ 106.113725756000093, -1.864234695999895, 0.0 ], [ 106.113649618000096, -1.864287090999967, 0.0 ], [ 106.113558612000119, -1.864341357999927, 0.0 ], [ 106.113453870000072, -1.864408352999964, 0.0 ], [ 106.113314210000055, -1.864486955999983, 0.0 ], [ 106.113134055000074, -1.864587638999965, 0.0 ], [ 106.113012590000068, -1.864653522, 0.0 ], [ 106.112943134, -1.864695066999972, 0.0 ], [ 106.112841727000045, -1.86474859999996, 0.0 ], [ 106.11276520600002, -1.864791270999938, 0.0 ], [ 106.112709490000029, -1.86482420499991, 0.0 ], [ 106.112656384000076, -1.864875082999945, 0.0 ], [ 106.112616650000078, -1.864905773, 0.0 ], [ 106.112563904000069, -1.864943941999958, 0.0 ], [ 106.112441322000052, -1.865004589, 0.0 ], [ 106.112404183000081, -1.865029658999945, 0.0 ], [ 106.112346986000063, -1.86506633899996, 0.0 ], [ 106.11230203500007, -1.865092164999965, 0.0 ], [ 106.112254494000041, -1.865116121, 0.0 ], [ 106.112174992000035, -1.865147947999962, 0.0 ], [ 106.112016351000051, -1.865181327999971, 0.0 ], [ 106.111916777000076, -1.865189992999977, 0.0 ], [ 106.111879107000064, -1.86519985, 0.0 ], [ 106.111879080000065, -1.865199964999914, 0.0 ], [ 106.111870979000017, -1.865196988999934, 0.0 ], [ 106.111382366, -1.865025016999916, 0.0 ], [ 106.110855531000112, -1.864828123999968, 0.0 ], [ 106.110222506000042, -1.864598470999973, 0.0 ], [ 106.109725865000073, -1.864425410999954, 0.0 ], [ 106.109195053000036, -1.864235184999935, 0.0 ], [ 106.108815897000014, -1.864102157999942, 0.0 ], [ 106.108407670000076, -1.863956484999968, 0.0 ], [ 106.10801383400009, -1.863823764999911, 0.0 ], [ 106.107634983000096, -1.86368741799991, 0.0 ], [ 106.107546471000049, -1.863388491999957, 0.0 ], [ 106.107283083000112, -1.863161769999938, 0.0 ], [ 106.107537800000046, -1.862934719999982, 0.0 ], [ 106.107550362000026, -1.862895662999947, 0.0 ], [ 106.107211216000024, -1.862295407999931, 0.0 ], [ 106.106647185000071, -1.862648233, 0.0 ], [ 106.107004212000035, -1.863351901999949, 0.0 ], [ 106.106970190000069, -1.863458081999942, 0.0 ], [ 106.106598230000117, -1.863318111999907, 0.0 ], [ 106.106140846000102, -1.863156485999945, 0.0 ], [ 106.105781183, -1.863042132999987, 0.0 ], [ 106.105582654000017, -1.863002340999981, 0.0 ], [ 106.106171942000103, -1.862553237999948, 0.0 ], [ 106.106538138000118, -1.862274567999983, 0.0 ], [ 106.106986632000101, -1.861947052999974, 0.0 ], [ 106.107353245000056, -1.861676179999944, 0.0 ], [ 106.107828629000039, -1.86133799299994, 0.0 ], [ 106.108312555000026, -1.860973134999949, 0.0 ], [ 106.108599727000069, -1.860748650999938, 0.0 ], [ 106.109008312000043, -1.860460121999957, 0.0 ], [ 106.109240544000073, -1.860761714999954, 0.0 ], [ 106.109348618000041, -1.860888355999951, 0.0 ], [ 106.109468134000068, -1.861056816999946, 0.0 ], [ 106.109556249000079, -1.861196594999964, 0.0 ], [ 106.109616614000103, -1.861281846999913, 0.0 ], [ 106.109668825000071, -1.86135112099996, 0.0 ], [ 106.109738962000094, -1.861420780999951, 0.0 ], [ 106.109807865000022, -1.861471998999925, 0.0 ], [ 106.109890626000038, -1.861517056000012, 0.0 ], [ 106.110025136000061, -1.861554691000017, 0.0 ], [ 106.110107878000065, -1.861569400999902, 0.0 ], [ 106.11049946600005, -1.86172980099994, 0.0 ], [ 106.110992837000097, -1.861895662999896, 0.0 ], [ 106.111444483000085, -1.862040131999948, 0.0 ], [ 106.111967864000036, -1.862206283000018, 0.0 ], [ 106.112752946000072, -1.862473964999961, 0.0 ], [ 106.11302033700008, -1.862559501999933, 0.0 ], [ 106.113407574000064, -1.862679398, 0.0 ], [ 106.113448739, -1.862680194999972, 0.0 ], [ 106.113458101000063, -1.862671576999969, 0.0 ], [ 106.113464622000066, -1.862662554999933, 0.0 ], [ 106.113483354000024, -1.862644903999983, 0.0 ], [ 106.113709431000075, -1.862476224999971, 0.0 ], [ 106.114004761000089, -1.862259116999948, 0.0 ], [ 106.114099502000016, -1.86232747699992, 0.0 ], [ 106.11423023800009, -1.862454031, 0.0 ], [ 106.114294401000066, -1.862515498999934, 0.0 ], [ 106.114356763000075, -1.862572148, 0.0 ], [ 106.114433812000058, -1.862624562999899, 0.0 ], [ 106.114527022000047, -1.862646809999963, 0.0 ], [ 106.114602537000081, -1.862649474999917, 0.0 ], [ 106.114713699000035, -1.862639453999976, 0.0 ], [ 106.114826359000034, -1.862611947999921, 0.0 ], [ 106.114941403000046, -1.862573277, 0.0 ], [ 106.115077122000088, -1.862531888999958, 0.0 ], [ 106.115197868000038, -1.86250949699997, 0.0 ], [ 106.115310225000101, -1.862485906999972, 0.0 ], [ 106.115512470000041, -1.862446583999916, 0.0 ], [ 106.115627225000125, -1.862418768999924, 0.0 ], [ 106.11569882500001, -1.862399428999923, 0.0 ], [ 106.115767133000062, -1.862377069999938, 0.0 ], [ 106.115804893000089, -1.862382174999916, 0.0 ], [ 106.115843881000018, -1.862424356999942, 0.0 ], [ 106.115859189000048, -1.86246535899996, 0.0 ], [ 106.115896677000038, -1.862523524999976, 0.0 ], [ 106.11591977000009, -1.862549741999925, 0.0 ], [ 106.115957234000078, -1.862554538999967, 0.0 ], [ 106.116021637000074, -1.862527361999939, 0.0 ], [ 106.116069268000018, -1.86250412099997, 0.0 ], [ 106.116146254000085, -1.862457034999982, 0.0 ], [ 106.116213059000103, -1.86243196399995, 0.0 ], [ 106.116282282000057, -1.862435238999955, 0.0 ], [ 106.116302084000012, -1.862474121999974, 0.0 ], [ 106.116317710000061, -1.862534110999964, 0.0 ], [ 106.116355535000082, -1.862642932, 0.0 ], [ 106.116401481000068, -1.862798185999964, 0.0 ], [ 106.116404782000075, -1.862815976999927, 0.0 ], [ 106.116426672000017, -1.862829829, 0.0 ], [ 106.116455732000105, -1.862823478999926, 0.0 ], [ 106.116601930000044, -1.862762780999966, 0.0 ], [ 106.116954840000105, -1.862632598999942, 0.0 ], [ 106.117081873000046, -1.862587598999949, 0.0 ], [ 106.117160379000055, -1.862586941999983, 0.0 ] ], [ [ 106.109795390000059, -1.862828027999947, 0.0 ], [ 106.109851876000022, -1.862301570999908, 0.0 ], [ 106.109302458000045, -1.861972019999908, 0.0 ], [ 106.109166412000064, -1.862095965999949, 0.0 ], [ 106.109171222000015, -1.862211493, 0.0 ], [ 106.10904121900009, -1.862524802999904, 0.0 ], [ 106.109795390000059, -1.862828027999947, 0.0 ] ], [ [ 106.110525584000072, -1.864190750999989, 0.0 ], [ 106.111067896000094, -1.864310711999967, 0.0 ], [ 106.111187253000111, -1.863980330999898, 0.0 ], [ 106.110734058, -1.863805434, 0.0 ], [ 106.110169659000022, -1.863585234999982, 0.0 ], [ 106.109479484000119, -1.863480138999901, 0.0 ], [ 106.109035759000093, -1.863352724000017, 0.0 ], [ 106.108932968000019, -1.863349622999938, 0.0 ], [ 106.108689651000049, -1.86335083599995, 0.0 ], [ 106.108655115000033, -1.863470104999959, 0.0 ], [ 106.108808309000011, -1.863583980999967, 0.0 ], [ 106.10919224800007, -1.863704042999953, 0.0 ], [ 106.109649568000066, -1.863761798999936, 0.0 ], [ 106.110052423000099, -1.863944108999921, 0.0 ], [ 106.110525584000072, -1.864190750999989, 0.0 ] ] ] ] } },
{ "type": "Feature", "properties": { "fid": 29, "NAMOBJ": "Kampungpasir", "FCODE": null, "REMARK": "Permukiman dan Tempat Kegiatan", "SRS_ID": null, "LCODE": "GA0040", "METADATA": null, "SHAPE_Leng": 0.04962716218, "SHAPE_Area": 1.69478e-05 }, "geometry": { "type": "MultiPolygon", "coordinates": [ [ [ [ 106.111587473000043, -1.841879666999944, 0.0 ], [ 106.111608813000032, -1.842130414999929, 0.0 ], [ 106.111794486000065, -1.842564951999975, 0.0 ], [ 106.111901562000071, -1.842550674999927, 0.0 ], [ 106.111921853405946, -1.842560106234785, 0.0 ], [ 106.111723, -1.842695439999948, 0.0 ], [ 106.111571205000089, -1.842426883999932, 0.0 ], [ 106.111045587000021, -1.842629244999977, 0.0 ], [ 106.110778675000063, -1.84275904399997, 0.0 ], [ 106.110787787, -1.842841125999922, 0.0 ], [ 106.110442601000045, -1.842985618999976, 0.0 ], [ 106.11058294800003, -1.843406752999916, 0.0 ], [ 106.111041886000081, -1.843299502000012, 0.0 ], [ 106.111337471000112, -1.843147432999953, 0.0 ], [ 106.111358089000035, -1.84324197299996, 0.0 ], [ 106.111364854000058, -1.843321324999953, 0.0 ], [ 106.111360266000034, -1.843375781999929, 0.0 ], [ 106.111279775000042, -1.843466169999947, 0.0 ], [ 106.111169896, -1.843513519999957, 0.0 ], [ 106.111174121, -1.84357091999991, 0.0 ], [ 106.111179182000072, -1.843614398999954, 0.0 ], [ 106.111193535000012, -1.843752423999917, 0.0 ], [ 106.111217559000039, -1.843932233999962, 0.0 ], [ 106.111232733000051, -1.844047888999939, 0.0 ], [ 106.111142978, -1.844088468999922, 0.0 ], [ 106.11103265200002, -1.844094869999918, 0.0 ], [ 106.110930289000081, -1.844098733999972, 0.0 ], [ 106.11085017000002, -1.844108064999944, 0.0 ], [ 106.110829267000071, -1.84422120999998, 0.0 ], [ 106.110827645000114, -1.844317029999915, 0.0 ], [ 106.110709366, -1.844357627999988, 0.0 ], [ 106.110617071, -1.844359803, 0.0 ], [ 106.110587954, -1.844824634, 0.0 ], [ 106.11037204700007, -1.844821449999906, 0.0 ], [ 106.110346736000025, -1.845202887999936, 0.0 ], [ 106.11020912, -1.845201318999984, 0.0 ], [ 106.110262120000044, -1.845616700999892, 0.0 ], [ 106.110508395000082, -1.845433292999904, 0.0 ], [ 106.110673115000026, -1.845292233999957, 0.0 ], [ 106.110907841000085, -1.845083134999887, 0.0 ], [ 106.110788202000052, -1.844830315999929, 0.0 ], [ 106.11084174500003, -1.844802087, 0.0 ], [ 106.110827698000023, -1.844734932999942, 0.0 ], [ 106.111026990000084, -1.84453166399991, 0.0 ], [ 106.111203514000039, -1.844810977999928, 0.0 ], [ 106.111459318000058, -1.844801237999921, 0.0 ], [ 106.111494236000027, -1.844949380999922, 0.0 ], [ 106.111491231000045, -1.845032112999928, 0.0 ], [ 106.111578760000086, -1.845041772999928, 0.0 ], [ 106.11170284800005, -1.84509093, 0.0 ], [ 106.111849001000067, -1.845146313999963, 0.0 ], [ 106.111997907000045, -1.845205866999916, 0.0 ], [ 106.112120611000066, -1.845255720999956, 0.0 ], [ 106.11226744700005, -1.845311103999919, 0.0 ], [ 106.112412203000034, -1.845347764999933, 0.0 ], [ 106.112376124000065, -1.845471150000017, 0.0 ], [ 106.111915397000047, -1.845347064999964, 0.0 ], [ 106.111903094000098, -1.84543993300001, 0.0 ], [ 106.111522333000039, -1.845361404999907, 0.0 ], [ 106.111486381000077, -1.845849811999906, 0.0 ], [ 106.111577011000037, -1.845829022999962, 0.0 ], [ 106.111717341000102, -1.846207868999955, 0.0 ], [ 106.111859040000098, -1.846155541999978, 0.0 ], [ 106.112025775000035, -1.846594894999915, 0.0 ], [ 106.111655493000043, -1.846787444999948, 0.0 ], [ 106.111612574000048, -1.84666807099993, 0.0 ], [ 106.111505586000078, -1.846470998999966, 0.0 ], [ 106.111322496000113, -1.846612894999983, 0.0 ], [ 106.111455672000034, -1.846861073999912, 0.0 ], [ 106.111342424000071, -1.847005732999979, 0.0 ], [ 106.111339976000053, -1.847008859999971, 0.0 ], [ 106.111497307, -1.847200651999942, 0.0 ], [ 106.111573102000065, -1.847293049999949, 0.0 ], [ 106.111651655000074, -1.847263873999933, 0.0 ], [ 106.111831061, -1.847582035999968, 0.0 ], [ 106.111688087000076, -1.84766579699997, 0.0 ], [ 106.111769712000083, -1.847879943999925, 0.0 ], [ 106.11163598100002, -1.847957517999949, 0.0 ], [ 106.111487645000096, -1.848043564999963, 0.0 ], [ 106.1114855000001, -1.848053300999969, 0.0 ], [ 106.111397535, -1.848452486999958, 0.0 ], [ 106.111476282000041, -1.848492047999945, 0.0 ], [ 106.111641991000084, -1.848423333999944, 0.0 ], [ 106.111829821000072, -1.848262566999964, 0.0 ], [ 106.111983852000037, -1.848120229, 0.0 ], [ 106.112027613000095, -1.848075570999947, 0.0 ], [ 106.111997528000103, -1.847835178999952, 0.0 ], [ 106.112104462000062, -1.847737491999951, 0.0 ], [ 106.112298327000119, -1.847948621999923, 0.0 ], [ 106.112099596000107, -1.848238688999943, 0.0 ], [ 106.112664286000026, -1.848487952999961, 0.0 ], [ 106.112676981000092, -1.848402039999958, 0.0 ], [ 106.112915957000055, -1.848479426999966, 0.0 ], [ 106.112927002000092, -1.848404667999909, 0.0 ], [ 106.113213640000083, -1.848463617999902, 0.0 ], [ 106.113253950267293, -1.848474995101182, 0.000071246407058 ], [ 106.11330782400006, -1.848582608999948, 0.0 ], [ 106.113335243648038, -1.848593054571429, 0.000249999997322 ], [ 106.113370114000062, -1.848620249999983, 0.000499999994645 ], [ 106.113397678851769, -1.848616839391125, 0.000863553977966 ], [ 106.11345773000005, -1.84863971599998, 0.0 ], [ 106.113461824000069, -1.848637526999937, 0.0 ], [ 106.113461861000076, -1.848637506999978, 0.0 ], [ 106.113484292895166, -1.848625508466944, 0.005849764468763 ], [ 106.113491468000078, -1.848658472999948, 0.02270000000135 ], [ 106.11347484700012, -1.848756372999966, 0.040099999998347 ], [ 106.113529529000019, -1.848838797999947, 0.0576 ], [ 106.113554311000115, -1.848904126999934, 0.066300000005867 ], [ 106.113574974000059, -1.848971013999962, 0.070699999996577 ], [ 106.113587392000014, -1.849049321999957, 0.075100000001839 ], [ 106.113580771000088, -1.849183642999969, 0.079400000002352 ], [ 106.113538556000066, -1.849258864999975, 0.079400000002352 ], [ 106.113482407000035, -1.849303503999939, 0.079400000002352 ], [ 106.113378372000042, -1.849401588999972, 0.137799999996787 ], [ 106.113296747000035, -1.849397006999948, 0.0 ], [ 106.113077330000095, -1.849374440999946, 0.0 ], [ 106.112621281000102, -1.849328361999953, 0.0 ], [ 106.112229933000052, -1.849256587999965, 0.0 ], [ 106.111885186000038, -1.849168158999931, 0.0 ], [ 106.111609458000046, -1.849088912999947, 0.0 ], [ 106.111470600000104, -1.849048071999943, 0.0 ], [ 106.111336301, -1.849008570999961, 0.0 ], [ 106.110991184000056, -1.848903516999973, 0.0 ], [ 106.110597970000114, -1.848780030999969, 0.0 ], [ 106.110266061000104, -1.848677554999928, 0.0 ], [ 106.110091815000075, -1.848623539999989, 0.0 ], [ 106.109897448000069, -1.848563288999977, 0.0 ], [ 106.109546073000033, -1.848441991999977, 0.0 ], [ 106.109115013000078, -1.848262383999949, 0.0 ], [ 106.108872689000094, -1.848150769999951, 0.0 ], [ 106.108621531000011, -1.848056591999975, 0.0 ], [ 106.108467670000067, -1.847965084999953, 0.0 ], [ 106.108612072000113, -1.847923112999944, 0.0 ], [ 106.108692796000042, -1.847874306999903, 0.0 ], [ 106.108760601000057, -1.847824025999917, 0.0 ], [ 106.108870093000064, -1.84774713399995, 0.0 ], [ 106.108964018, -1.847676745999899, 0.0 ], [ 106.109009200000017, -1.847603140999937, 0.0 ], [ 106.109047923000034, -1.847537518999926, 0.0 ], [ 106.109104262000074, -1.847466864999942, 0.0 ], [ 106.109172342000107, -1.847394719999923, 0.0 ], [ 106.109396561000011, -1.847160852999935, 0.0 ], [ 106.109591714, -1.846950936999975, 0.0 ], [ 106.109772512000035, -1.846787117999921, 0.0 ], [ 106.109837667000093, -1.846725024999935, 0.0 ], [ 106.109864833000117, -1.846694048999947, 0.0 ], [ 106.109886671000055, -1.84666914699993, 0.0 ], [ 106.109935088000071, -1.846609135999938, 0.0 ], [ 106.109972630000073, -1.846538194999931, 0.0 ], [ 106.110017217000021, -1.846448933, 0.0 ], [ 106.110029213000047, -1.846381256, 0.0 ], [ 106.11003415800009, -1.846310923999956, 0.0 ], [ 106.110034991000077, -1.846233213999921, 0.0 ], [ 106.110028478000075, -1.846138366999978, 0.0 ], [ 106.110018741000061, -1.84606420899997, 0.0 ], [ 106.11000166500007, -1.845999208999921, 0.0 ], [ 106.109971655000081, -1.845909107999927, 0.0 ], [ 106.109942530000069, -1.845824314999928, 0.0 ], [ 106.109912817000094, -1.845733625999974, 0.0 ], [ 106.109892070000058, -1.845662531999953, 0.0 ], [ 106.109697916000073, -1.845699739999923, 0.0 ], [ 106.10959423700011, -1.845713373999986, 0.0 ], [ 106.109509151000083, -1.845729708999916, 0.0 ], [ 106.10941507500003, -1.845761734999901, 0.0 ], [ 106.109302134000103, -1.845813663999935, 0.0 ], [ 106.109223356000072, -1.845854119, 0.0 ], [ 106.109156251000016, -1.845888832999937, 0.0 ], [ 106.10906847400004, -1.845928687999948, 0.0 ], [ 106.108985200000077, -1.845968241999935, 0.0 ], [ 106.108920542000064, -1.845599297999962, 0.0 ], [ 106.109224360000056, -1.845182859999967, 0.0 ], [ 106.10930992800003, -1.844958106999933, 0.0 ], [ 106.10940868400003, -1.844746605999931, 0.0 ], [ 106.109504142000034, -1.844537594999957, 0.0 ], [ 106.109567461000026, -1.844327770999915, 0.0 ], [ 106.109590379000053, -1.844071542999942, 0.0 ], [ 106.109582852000059, -1.843894102, 0.0 ], [ 106.10934761200005, -1.843940706999953, 0.0 ], [ 106.109295830000022, -1.843792609999956, 0.0 ], [ 106.109206014000051, -1.843662012999986, 0.0 ], [ 106.10909511100003, -1.843535589999918, 0.0 ], [ 106.108990445000074, -1.843462423, 0.0 ], [ 106.108866381000013, -1.843453345999952, 0.0 ], [ 106.108889798000092, -1.843292049999929, 0.0 ], [ 106.108900681000108, -1.843083724999922, 0.0 ], [ 106.108902001000033, -1.842847338, 0.0 ], [ 106.108887889000115, -1.842589530999889, 0.0 ], [ 106.109181252000042, -1.84232214499997, 0.0 ], [ 106.109127751000059, -1.842254741999988, 0.0 ], [ 106.109530552000081, -1.841848191999923, 0.0 ], [ 106.109663508000068, -1.841962615999976, 0.0 ], [ 106.110491960000047, -1.841295768999957, 0.0 ], [ 106.110667599000109, -1.841584499999954, 0.0 ], [ 106.110806308000036, -1.841509804999903, 0.0 ], [ 106.11085704100006, -1.841631661999949, 0.0 ], [ 106.111229129000023, -1.841424584999957, 0.0 ], [ 106.111466503000131, -1.841819516999949, 0.0 ], [ 106.111623665000067, -1.841772569999972, 0.0 ], [ 106.111615926000056, -1.841784923000017, 0.0 ], [ 106.111615977437211, -1.841868006289287, 0.0 ], [ 106.111587473000043, -1.841879666999944, 0.0 ] ], [ [ 106.110678368000023, -1.845687970999927, 0.0 ], [ 106.110600540000064, -1.845767774999957, 0.0 ], [ 106.110488936000067, -1.845844124999968, 0.0 ], [ 106.11059508600006, -1.846134147999984, 0.0 ], [ 106.110515193000111, -1.846218113999915, 0.0 ], [ 106.110663544000033, -1.846498883999964, 0.0 ], [ 106.110453465000063, -1.846703588999937, 0.0 ], [ 106.110327278000099, -1.846603117999973, 0.0 ], [ 106.109821764000017, -1.847202610999926, 0.0 ], [ 106.109967988000037, -1.847373117, 0.0 ], [ 106.110109881000056, -1.847241261999927, 0.0 ], [ 106.110189851000101, -1.847281436999965, 0.0 ], [ 106.110687808000094, -1.846731880999969, 0.0 ], [ 106.110850535000054, -1.846839962999941, 0.0 ], [ 106.111183848000096, -1.846423659999958, 0.0 ], [ 106.110968549000049, -1.845995905999914, 0.0 ], [ 106.110906424000063, -1.845841302999912, 0.0 ], [ 106.111038412000056, -1.845670105999958, 0.0 ], [ 106.110908960000089, -1.845480683999917, 0.0 ], [ 106.110747240000123, -1.845604708999965, 0.0 ], [ 106.110678368000023, -1.845687970999927, 0.0 ] ] ], [ [ [ 106.10768499200006, -1.841529542999937, 0.001900000002934 ], [ 106.107826075, -1.84151467399995, 0.001900000002934 ], [ 106.107857475000031, -1.841949707999974, 0.0 ], [ 106.10752365300003, -1.842033291999962, 0.0 ], [ 106.107607521000048, -1.842582941999965, 0.0 ], [ 106.106947595000065, -1.842723714999978, 0.0 ], [ 106.10683664500003, -1.842203064999976, 0.0 ], [ 106.106836314000091, -1.842203144999893, 0.0 ], [ 106.106553828000074, -1.842270997, 0.0 ], [ 106.106141058000034, -1.842372546999965, 0.0 ], [ 106.106016158000088, -1.842040897999969, 0.000299999999697 ], [ 106.106142525000067, -1.841980530999948, 0.001900000002934 ], [ 106.10633769100005, -1.84190767399996, 0.001900000002934 ], [ 106.106562610000097, -1.841813405999976, 0.001900000002934 ], [ 106.106673913000066, -1.841775606999957, 0.001900000002934 ], [ 106.10683120500002, -1.841716386999942, 0.001900000002934 ], [ 106.106966849000059, -1.841656402999953, 0.001900000002934 ], [ 106.107102098000055, -1.841579694, 0.001900000002934 ], [ 106.107241996000084, -1.841524374999953, 0.001900000002934 ], [ 106.10739544900008, -1.841509497999966, 0.001900000002934 ], [ 106.107552006000063, -1.841512123, 0.001900000002934 ], [ 106.10768499200006, -1.841529542999937, 0.001900000002934 ] ] ] ] } },
{ "type": "Feature", "properties": { "fid": 30, "NAMOBJ": "Kuday Selatan", "FCODE": null, "REMARK": "Permukiman dan Tempat Kegiatan", "SRS_ID": null, "LCODE": "GA0040", "METADATA": null, "SHAPE_Leng": 0.08453843721, "SHAPE_Area": 6.155672e-05 }, "geometry": { "type": "MultiPolygon", "coordinates": [ [ [ [ 106.108467670000067, -1.847965084999953, 0.0 ], [ 106.108621531000011, -1.848056591999975, 0.0 ], [ 106.108481791000088, -1.848093685000024, 0.0 ], [ 106.108312930000054, -1.848096160999963, 0.0 ], [ 106.108241291000084, -1.84811067899992, 0.0 ], [ 106.108173756000085, -1.848132882999981, 0.0 ], [ 106.10809390200005, -1.848164257999913, 0.0 ], [ 106.107689296000061, -1.848313219999981, 0.0 ], [ 106.107703642000089, -1.848572472999938, 0.0 ], [ 106.10770917100011, -1.848904476999963, 0.0 ], [ 106.107712328, -1.848982121999904, 0.0 ], [ 106.107735043000019, -1.849137852999911, 0.0 ], [ 106.107789710000105, -1.849327023999931, 0.0 ], [ 106.107879037000032, -1.849625505999936, 0.0 ], [ 106.107923909000107, -1.849762924999937, 0.0 ], [ 106.107947939000056, -1.849894548999903, 0.0 ], [ 106.107947518000017, -1.849925339999964, 0.0 ], [ 106.107905417, -1.849979359, 0.0 ], [ 106.107831836000045, -1.850037866999949, 0.0 ], [ 106.107745389000087, -1.850092808999965, 0.0 ], [ 106.107650067000094, -1.850144637, 0.0 ], [ 106.107528590000086, -1.850203164999948, 0.0 ], [ 106.107429269000036, -1.850243389999989, 0.0 ], [ 106.107214147, -1.85033964499996, 0.0 ], [ 106.107364747000119, -1.850382839999981, 0.0 ], [ 106.107850209000048, -1.850539329999962, 0.0 ], [ 106.107240373000039, -1.85065582999992, 0.0 ], [ 106.107101982000046, -1.850736647999946, 0.0 ], [ 106.106935305000022, -1.850871304999985, 0.0 ], [ 106.106818969000074, -1.850999598999942, 0.0 ], [ 106.106652341000057, -1.851213403999957, 0.0 ], [ 106.106528182, -1.851412935999947, 0.0 ], [ 106.106389923000023, -1.851707453999979, 0.0 ], [ 106.1062471380001, -1.851343587999982, 0.0 ], [ 106.106153665000093, -1.851376210999928, 0.0 ], [ 106.105922662000083, -1.850950609999885, 0.0 ], [ 106.106097013000024, -1.850869090999979, 0.0 ], [ 106.105975720000032, -1.850501311999925, 0.0 ], [ 106.106319056000103, -1.85038712299998, 0.0 ], [ 106.106271631000084, -1.850249660999975, 0.0 ], [ 106.106393132000022, -1.850157813999926, 0.0 ], [ 106.106444935000042, -1.850118654999972, 0.0 ], [ 106.10612105800007, -1.850088545999967, 0.0 ], [ 106.105992012000044, -1.850076549999952, 0.0 ], [ 106.10589566700007, -1.850067592999921, 0.0 ], [ 106.105643178000051, -1.850071010999938, 0.0 ], [ 106.105507395000089, -1.850072848, 0.0 ], [ 106.10554536100004, -1.850409924, 0.0 ], [ 106.105233758000011, -1.850480673999905, 0.0 ], [ 106.105462178000082, -1.851583479999936, 0.0 ], [ 106.105567650000111, -1.85156230999996, 0.0 ], [ 106.105609355000098, -1.852129736999925, 0.0 ], [ 106.10583528100004, -1.852109098, 0.0 ], [ 106.105854060000084, -1.852427488999958, 0.0 ], [ 106.105967918, -1.852418371999915, 0.0 ], [ 106.105971483000033, -1.852368311999947, 0.0 ], [ 106.106188455000051, -1.852391096999967, 0.0 ], [ 106.106130877000084, -1.852565585000016, 0.0 ], [ 106.106002100000083, -1.852929747999949, 0.0 ], [ 106.105843477000107, -1.853366746999957, 0.0 ], [ 106.105774416000074, -1.853624813999905, 0.0 ], [ 106.105708516000036, -1.85390504, 0.0 ], [ 106.105687871000015, -1.85398460799992, 0.0 ], [ 106.105688054000026, -1.853985140999964, 0.0 ], [ 106.105660206000039, -1.853993616999955, 0.0 ], [ 106.105602699000073, -1.854038039999989, 0.0 ], [ 106.105143666000018, -1.854137569999964, 0.0 ], [ 106.105149304000037, -1.854120037999935, 0.0 ], [ 106.105161142000043, -1.85408323699991, 0.0 ], [ 106.105326600000055, -1.853665093999951, 0.0 ], [ 106.105100485, -1.853614019999989, 0.0 ], [ 106.105160656000095, -1.853297180999975, 0.0 ], [ 106.105386989000081, -1.853296477999916, 0.0 ], [ 106.105354966000093, -1.852801255999975, 0.0 ], [ 106.105144774000024, -1.852492138999978, 0.0 ], [ 106.104994705000038, -1.852138959999977, 0.0 ], [ 106.104278220000083, -1.852002938999914, 0.0 ], [ 106.103906810000083, -1.852759242999963, 0.0 ], [ 106.103863398000044, -1.853310640999934, 0.0 ], [ 106.103782626000026, -1.853572622999939, 0.0 ], [ 106.103579250000081, -1.853672901999976, 0.0 ], [ 106.103174041000031, -1.85360699699994, 0.0 ], [ 106.103231972000032, -1.853477609999982, 0.0 ], [ 106.103248388000054, -1.853360858, 0.0 ], [ 106.103239719000044, -1.853212271999966, 0.0 ], [ 106.103197425000104, -1.853043146999917, 0.0 ], [ 106.103172275000063, -1.852887281999899, 0.0 ], [ 106.10316433600012, -1.852843505999918, 0.0 ], [ 106.103130659000087, -1.852753306999916, 0.0 ], [ 106.103094344000098, -1.852655818999932, 0.0 ], [ 106.103064608000039, -1.852545065999917, 0.0 ], [ 106.103036856000045, -1.852442262999937, 0.0 ], [ 106.103004459000033, -1.852285731999953, 0.0 ], [ 106.103005019000079, -1.852129849999934, 0.0 ], [ 106.103011529000085, -1.851999834000012, 0.0 ], [ 106.102986405000053, -1.851873809999977, 0.0 ], [ 106.102900628000057, -1.851763091999964, 0.0 ], [ 106.103392921000108, -1.851277264, 0.0 ], [ 106.1031576190001, -1.851037369999958, 0.0 ], [ 106.103611234000056, -1.850561652999944, 0.0 ], [ 106.103872663000104, -1.850603307000015, 0.0 ], [ 106.104261827000059, -1.850266297999931, 0.0 ], [ 106.104197050000039, -1.849864645, 0.0 ], [ 106.104007835000104, -1.849865866999928, 0.0 ], [ 106.103938757000066, -1.849587470999986, 0.0 ], [ 106.103491455000011, -1.849660385999891, 0.0 ], [ 106.103491533000096, -1.849785847999969, 0.0 ], [ 106.103063937000073, -1.84988736199993, 0.0 ], [ 106.103057310000054, -1.849783920999898, 0.0 ], [ 106.102708480000061, -1.849896393999967, 0.0 ], [ 106.10241979400007, -1.850000019999926, 0.0 ], [ 106.102274446000123, -1.850202613, 0.0 ], [ 106.10225603100011, -1.850486563999948, 0.0 ], [ 106.101548684000107, -1.850998756999961, 0.0 ], [ 106.100998760000081, -1.851371080999948, 0.0 ], [ 106.100517743000069, -1.851746671999938, 0.0 ], [ 106.100303682000032, -1.852259650999927, 0.0 ], [ 106.099962750000074, -1.852778218999934, 0.0 ], [ 106.099467559000047, -1.853229756, 0.0 ], [ 106.100290841000046, -1.853827595999985, 0.0 ], [ 106.099800232000035, -1.854291160999971, 0.0 ], [ 106.09918166300011, -1.854899001, 0.0 ], [ 106.098511260000052, -1.855525280999943, 0.0 ], [ 106.097715742000048, -1.855985969999957, 0.0 ], [ 106.097057366000016, -1.856333060999899, 0.0 ], [ 106.096638630000101, -1.856546459999969, 0.0 ], [ 106.09655815100011, -1.856417034999919, 0.0 ], [ 106.096378673000089, -1.856159628999937, 0.0 ], [ 106.096108215000086, -1.855735379999918, 0.0 ], [ 106.095894477000087, -1.85543329299997, 0.0 ], [ 106.095787633000029, -1.855315666999918, 0.0 ], [ 106.09569139000007, -1.855214851000015, 0.0 ], [ 106.095524623000031, -1.855073898999898, 0.0 ], [ 106.095370518000067, -1.854981313999965, 0.0 ], [ 106.095232314, -1.854901852999963, 0.0 ], [ 106.095071689000036, -1.854805581999902, 0.0 ], [ 106.094844994000113, -1.85464621399995, 0.0 ], [ 106.094655409000055, -1.854513053999946, 0.0 ], [ 106.094457249000087, -1.854357358999942, 0.0 ], [ 106.094202572000071, -1.854187586999928, 0.0 ], [ 106.09400103500009, -1.85406320999994, 0.0 ], [ 106.093883432000041, -1.854006349999943, 0.0 ], [ 106.093981485000072, -1.853790135999906, 0.0 ], [ 106.094062572000027, -1.853671380999939, 0.0 ], [ 106.094156486000074, -1.853506213999951, 0.0 ], [ 106.094247727000081, -1.853308022999983, 0.0 ], [ 106.094284026000054, -1.85320313499992, 0.0 ], [ 106.094328753000028, -1.853090652999939, 0.0 ], [ 106.094388108000061, -1.8529656609999, 0.0 ], [ 106.094496641000063, -1.852774606, 0.0 ], [ 106.094562648000107, -1.852649608999951, 0.0 ], [ 106.094632202000085, -1.852529974999912, 0.0 ], [ 106.094699109000032, -1.85242417199995, 0.0 ], [ 106.094766889000041, -1.852301408999918, 0.0 ], [ 106.094839998000054, -1.852191143999943, 0.0 ], [ 106.094957420000085, -1.852027300999976, 0.0 ], [ 106.095119587000099, -1.85177819399997, 0.0 ], [ 106.095286632000054, -1.851525953999972, 0.0 ], [ 106.095469639000015, -1.851278172999987, 0.0 ], [ 106.095512156000069, -1.851184886999907, 0.0 ], [ 106.095781293000044, -1.851130156999909, 0.0 ], [ 106.09586132200009, -1.851133796999943, 0.0 ], [ 106.096056635000082, -1.851180214999965, 0.0 ], [ 106.096267386000122, -1.85125912400001, 0.0 ], [ 106.096506749000113, -1.851290743999962, 0.0 ], [ 106.096790137000113, -1.851297215999964, 0.0 ], [ 106.096914211000083, -1.851292705999946, 0.0 ], [ 106.097038968, -1.85121580499989, 0.0 ], [ 106.097174733000045, -1.851130763999959, 0.0 ], [ 106.097407428000025, -1.851065608999897, 0.0 ], [ 106.097491044000023, -1.850937760999977, 0.0 ], [ 106.097571720000033, -1.850809173999907, 0.0 ], [ 106.097729454000032, -1.850632524999946, 0.0 ], [ 106.097882833000114, -1.850523095999951, 0.0 ], [ 106.098069997000053, -1.850447629999924, 0.0 ], [ 106.098243227000083, -1.850398765999967, 0.0 ], [ 106.098370215000017, -1.850369134999913, 0.0 ], [ 106.098509692000022, -1.850340979999982, 0.0 ], [ 106.098666795000042, -1.850323153000017, 0.0 ], [ 106.098768815000057, -1.850286888999947, 0.0 ], [ 106.098864196000036, -1.850184885999945, 0.0 ], [ 106.098903784000115, -1.850092524999941, 0.0 ], [ 106.098912653000056, -1.850011922999934, 0.0 ], [ 106.098858110000066, -1.850007732999942, 0.0 ], [ 106.098795735000053, -1.849929382999943, 0.0 ], [ 106.09874054700002, -1.849854637999976, 0.0 ], [ 106.098649400000028, -1.849769061, 0.0 ], [ 106.098510912000023, -1.8496937699999, 0.0 ], [ 106.098429958000082, -1.849617231999962, 0.0 ], [ 106.098419696000036, -1.849494218999909, 0.0 ], [ 106.098489159000096, -1.849404325999932, 0.0 ], [ 106.098580194000078, -1.849310801999921, 0.0 ], [ 106.098676027000096, -1.849212443999954, 0.0 ], [ 106.098780228000109, -1.849082729999968, 0.0 ], [ 106.098896384000042, -1.848905363999948, 0.0 ], [ 106.098934042000039, -1.848744926999907, 0.0 ], [ 106.098953182000031, -1.84867376299997, 0.0 ], [ 106.099066378000074, -1.848551875999921, 0.0 ], [ 106.09917418400002, -1.848437834999989, 0.0 ], [ 106.09925740900006, -1.848314763999931, 0.0 ], [ 106.098268827000069, -1.847762532999981, 0.0 ], [ 106.098527115000124, -1.846993410999937, 0.0 ], [ 106.098812285000093, -1.847018062999934, 0.0 ], [ 106.099327745000025, -1.847002102999945, 0.0 ], [ 106.099680513000081, -1.846976139999929, 0.0 ], [ 106.100146121000051, -1.846923231999903, 0.0 ], [ 106.10090057500004, -1.846865023999972, 0.0 ], [ 106.101592399000083, -1.846795620999914, 0.0 ], [ 106.102318926000066, -1.846687570999944, 0.0 ], [ 106.103098457000087, -1.846580400999959, 0.0 ], [ 106.103363492000071, -1.846551732999985, 0.0 ], [ 106.103512082000023, -1.846515194999982, 0.0 ], [ 106.103671954000021, -1.846475884000015, 0.0 ], [ 106.103715638000082, -1.846481762999969, 0.0 ], [ 106.103762620000055, -1.846483578999941, 0.0 ], [ 106.103816582, -1.846479112999927, 0.0 ], [ 106.103989471, -1.846477530999974, 0.0 ], [ 106.1041656660001, -1.84647187599995, 0.0 ], [ 106.104451626000042, -1.84646616100001, 0.0 ], [ 106.104747488000015, -1.846470778999948, 0.0 ], [ 106.105170402000098, -1.846531824999937, 0.0 ], [ 106.105610597000108, -1.846643469999937, 0.0 ], [ 106.10596085000013, -1.846738174999957, 0.0 ], [ 106.10626081400008, -1.846833652999952, 0.0 ], [ 106.10650792700001, -1.846941347999981, 0.0 ], [ 106.106745500000045, -1.847061612999895, 0.0 ], [ 106.107148956000032, -1.847261799999939, 0.0 ], [ 106.10739214600008, -1.847406555999926, 0.0 ], [ 106.107811481000041, -1.84762642499991, 0.0 ], [ 106.108150773000048, -1.847805358999971, 0.0 ], [ 106.108467670000067, -1.847965084999953, 0.0 ] ], [ [ 106.101143491000073, -1.847208775, 0.0 ], [ 106.100542202000057, -1.84718846299991, 0.0 ], [ 106.100394720000025, -1.847328172999924, 0.0 ], [ 106.100256038000097, -1.847447930999974, 0.0 ], [ 106.100121835, -1.847689575999895, 0.0 ], [ 106.100029567, -1.848073770999975, 0.0 ], [ 106.100843155000092, -1.848291921999906, 0.0 ], [ 106.100960542000024, -1.848174391999952, 0.0 ], [ 106.101425337000123, -1.848290083999932, 0.0 ], [ 106.101416741000023, -1.84863654299991, 0.0 ], [ 106.10201430700009, -1.848565993999935, 0.0 ], [ 106.102029759000033, -1.848621388999988, 0.0 ], [ 106.102388675000071, -1.848477113999953, 0.0 ], [ 106.10230617100008, -1.848032459999932, 0.0 ], [ 106.101888512000073, -1.848153867999941, 0.0 ], [ 106.101454572000051, -1.848072140999929, 0.0 ], [ 106.101358313000077, -1.847931107999984, 0.0 ], [ 106.101143491000073, -1.847208775, 0.0 ] ], [ [ 106.103357875000057, -1.847457076999931, 0.0 ], [ 106.103477790000028, -1.847868464999952, 0.0 ], [ 106.104197930000012, -1.847752774999972, 0.0 ], [ 106.104275929000082, -1.848037135999964, 0.0 ], [ 106.104438151000082, -1.847996401999969, 0.0 ], [ 106.104495512000128, -1.848152238999984, 0.0 ], [ 106.104830971000084, -1.848064123999976, 0.0 ], [ 106.10457350100009, -1.847226578999956, 0.0 ], [ 106.103926720000047, -1.847258741999952, 0.0 ], [ 106.103837990000073, -1.847417627999953, 0.0 ], [ 106.103357875000057, -1.847457076999931, 0.0 ] ], [ [ 106.10681025100007, -1.849017928999936, 0.0 ], [ 106.106578942000027, -1.849069334999926, 0.0 ], [ 106.106353601000123, -1.84906223999996, 0.0 ], [ 106.106366236000014, -1.849142429999934, 0.0 ], [ 106.106027098000112, -1.849271088999921, 0.0 ], [ 106.106033125000067, -1.849321142999977, 0.0 ], [ 106.105732887000016, -1.849350276999901, 0.0 ], [ 106.105730963000028, -1.849146446, 0.0 ], [ 106.105294088000036, -1.849187731999952, 0.0 ], [ 106.105351275000061, -1.849599565999921, 0.0 ], [ 106.105493308000078, -1.849591038000015, 0.0 ], [ 106.105504136, -1.849658565, 0.0 ], [ 106.10600094600008, -1.849617249999963, 0.0 ], [ 106.105997923000089, -1.84957021499998, 0.0 ], [ 106.1064509710001, -1.849515658, 0.0 ], [ 106.106848253000109, -1.849414098999941, 0.0 ], [ 106.106935740000054, -1.84939715599996, 0.0 ], [ 106.107018003000022, -1.849655208999907, 0.0 ], [ 106.107055273000086, -1.849825839, 0.0 ], [ 106.107179323000054, -1.849814905999975, 0.0 ], [ 106.107193749, -1.849883642999978, 0.0 ], [ 106.107685701000023, -1.84975126999995, 0.0 ], [ 106.107468174000061, -1.848817311999945, 0.0 ], [ 106.107353701000093, -1.848821598999945, 0.0 ], [ 106.106803596000049, -1.84892446599993, 0.0 ], [ 106.10681025100007, -1.849017928999936, 0.0 ] ], [ [ 106.096363635000088, -1.854761168999958, 0.0 ], [ 106.09638747000011, -1.854866913999914, 0.0 ], [ 106.096420444000074, -1.854983689999895, 0.0 ], [ 106.096315401000098, -1.85508859399996, 0.0 ], [ 106.096237714000054, -1.855094159999976, 0.0 ], [ 106.096230342000069, -1.854991162999981, 0.0 ], [ 106.096299787000049, -1.854958934999979, 0.0 ], [ 106.096314365000097, -1.854895471999968, 0.0 ], [ 106.096269526000114, -1.85479709299991, 0.0 ], [ 106.096213783000039, -1.854814603999938, 0.0 ], [ 106.096066710000031, -1.854932404999915, 0.0 ], [ 106.096085052000035, -1.855039076999948, 0.0 ], [ 106.096148161000116, -1.855114440999967, 0.0 ], [ 106.096388696000119, -1.855384662999943, 0.0 ], [ 106.096434411000075, -1.855401187999978, 0.0 ], [ 106.096492889000032, -1.855387356999899, 0.0 ], [ 106.096601616000058, -1.855321998, 0.0 ], [ 106.096828193000064, -1.855188507999967, 0.0 ], [ 106.096840052000076, -1.855145280999943, 0.0 ], [ 106.096645050000106, -1.85461293599995, 0.0 ], [ 106.096406566000084, -1.854710567999946, 0.0 ], [ 106.096363635000088, -1.854761168999958, 0.0 ] ] ] ] } },
{ "type": "Feature", "properties": { "fid": 31, "NAMOBJ": "Kuday Utara", "FCODE": null, "REMARK": "Permukiman dan Tempat Kegiatan", "SRS_ID": null, "LCODE": "GA0040", "METADATA": null, "SHAPE_Leng": 0.10308231026, "SHAPE_Area": 4.097714e-05 }, "geometry": { "type": "MultiPolygon", "coordinates": [ [ [ [ 106.094289699000086, -1.842231932999966, 0.0 ], [ 106.09441254500004, -1.842853531999972, 0.0 ], [ 106.094542525000037, -1.843173482999888, 0.0 ], [ 106.09500343600007, -1.843627491999972, 0.0 ], [ 106.094451408000054, -1.844208432999989, 0.0 ], [ 106.094356216000079, -1.84413521299997, 0.0 ], [ 106.093952926000014, -1.844513748999938, 0.0 ], [ 106.09358882700009, -1.843944717999929, 0.0 ], [ 106.093700281000082, -1.843870158999978, 0.0 ], [ 106.093274078000078, -1.843383942999893, 0.0 ], [ 106.093793922000103, -1.843051631999931, 0.0 ], [ 106.093787214000074, -1.842548593999966, 0.0 ], [ 106.093804396000081, -1.842243268999927, 0.0 ], [ 106.093967431000067, -1.842254374999958, 0.0 ], [ 106.093975691000125, -1.842310515999984, 0.0 ], [ 106.094289699000086, -1.842231932999966, 0.0 ] ] ], [ [ [ 106.097908983000053, -1.839144544999955, 0.0 ], [ 106.09788409500004, -1.839784097999936, 0.0 ], [ 106.09810464300007, -1.83979022999991, 0.0 ], [ 106.098521295000083, -1.83980202999991, 0.0 ], [ 106.09876329100004, -1.839792047999972, 0.0 ], [ 106.098762575000066, -1.839209198999886, 0.0 ], [ 106.099505517000082, -1.83913351499993, 0.0 ], [ 106.099512599000036, -1.839443252999978, 0.0 ], [ 106.099552115000023, -1.839770184999939, 0.0 ], [ 106.099374306000058, -1.839783256999955, 0.0 ], [ 106.099399018000057, -1.840163769999909, 0.0 ], [ 106.099221217, -1.84018852, 0.0 ], [ 106.09923820300007, -1.840562551999953, 0.0 ], [ 106.09903655300009, -1.840573703999987, 0.0 ], [ 106.099054199000037, -1.840983392999957, 0.0 ], [ 106.099316414000057, -1.840988412999928, 0.0 ], [ 106.099343692, -1.841346237999958, 0.0 ], [ 106.099025452000063, -1.841383386999923, 0.0 ], [ 106.099057596000051, -1.842316224999924, 0.0 ], [ 106.09974689200007, -1.842217255, 0.0 ], [ 106.099814116000033, -1.842582192, 0.0 ], [ 106.099090100000083, -1.842795265999947, 0.0 ], [ 106.099223654000113, -1.843108295, 0.0 ], [ 106.099374456000064, -1.843180809999962, 0.0 ], [ 106.09952270000008, -1.843289625999906, 0.0 ], [ 106.099599479000034, -1.843462013999958, 0.0 ], [ 106.099933854000085, -1.843466997999927, 0.0 ], [ 106.099905780000071, -1.842868019000016, 0.0 ], [ 106.10020600700004, -1.842865236999963, 0.0 ], [ 106.100236823000017, -1.843741667999915, 0.0 ], [ 106.099655032000015, -1.843706380999927, 0.0 ], [ 106.099538396000042, -1.843670796, 0.0 ], [ 106.099446809000099, -1.844007500999973, 0.0 ], [ 106.099572383000108, -1.844059126999981, 0.0 ], [ 106.099679602, -1.84410228, 0.0 ], [ 106.099826080000042, -1.844131369999919, 0.0 ], [ 106.099975850000092, -1.844134225999977, 0.0 ], [ 106.100112403000111, -1.844133036999968, 0.0 ], [ 106.100240509000045, -1.844123350999966, 0.0 ], [ 106.100387332000125, -1.844112921, 0.0 ], [ 106.100551413000105, -1.844100624999951, 0.0 ], [ 106.100708146000017, -1.844081694999983, 0.0 ], [ 106.100861190000074, -1.84404208, 0.0 ], [ 106.101035896000042, -1.843998750999959, 0.0 ], [ 106.101162884000075, -1.843968758999964, 0.0 ], [ 106.101285085000058, -1.843902197999964, 0.0 ], [ 106.101366546000051, -1.843851907999977, 0.0 ], [ 106.101474781000036, -1.84377834599993, 0.0 ], [ 106.101567970000104, -1.84369222, 0.0 ], [ 106.101643541000058, -1.843610546, 0.0 ], [ 106.101710667000106, -1.843538111999949, 0.0 ], [ 106.101800194000049, -1.843462706999927, 0.0 ], [ 106.101881652000131, -1.843407993999929, 0.0 ], [ 106.102017449000087, -1.843375028999955, 0.0 ], [ 106.102097834000077, -1.843374978999951, 0.0 ], [ 106.102169429000043, -1.843390447999988, 0.0 ], [ 106.102261594000126, -1.843438412999959, 0.0 ], [ 106.102343501000064, -1.843515185999917, 0.0 ], [ 106.102434229000011, -1.843608207999975, 0.0 ], [ 106.102509899000054, -1.843701980999918, 0.0 ], [ 106.102894111000055, -1.843631556999953, 0.0 ], [ 106.102933936000056, -1.843779155999909, 0.0 ], [ 106.103411659000059, -1.843604070999988, 0.0 ], [ 106.103459681000047, -1.84382188499998, 0.0 ], [ 106.103289076000053, -1.843896833999964, 0.0 ], [ 106.103291680000083, -1.843995753999978, 0.0 ], [ 106.10316535900003, -1.844013778999959, 0.0 ], [ 106.103213265000079, -1.844234007999973, 0.0 ], [ 106.103447151000069, -1.844162103999975, 0.0 ], [ 106.103639890000025, -1.844132459, 0.0 ], [ 106.103955720000044, -1.844108065999944, 0.0 ], [ 106.103947736000094, -1.843873863999929, 0.0 ], [ 106.1041270220001, -1.843836845999975, 0.0 ], [ 106.104135022000051, -1.843588757999965, 0.0 ], [ 106.103908844000074, -1.843592481, 0.0 ], [ 106.103901104000059, -1.843432054999966, 0.0 ], [ 106.103594948000037, -1.843442493999942, 0.0 ], [ 106.103588852000073, -1.843324588999956, 0.0 ], [ 106.103634961000068, -1.843267573999946, 0.0 ], [ 106.103676276000016, -1.843205739999981, 0.0 ], [ 106.103715189000042, -1.843143002999942, 0.0 ], [ 106.103768787000035, -1.843072413999963, 0.0 ], [ 106.103834990000095, -1.843031966999903, 0.0 ], [ 106.103913774000048, -1.843000556999969, 0.0 ], [ 106.104013241000104, -1.842965216999976, 0.0 ], [ 106.104096841000086, -1.842959140999917, 0.0 ], [ 106.104175348000098, -1.842958485999952, 0.0 ], [ 106.104239781000018, -1.842965382999989, 0.0 ], [ 106.104265867000038, -1.842991292, 0.0 ], [ 106.104402092000029, -1.842983227999956, 0.0 ], [ 106.104363655000057, -1.842608558999953, 0.0 ], [ 106.104718721000026, -1.842609359999931, 0.0 ], [ 106.104719311000082, -1.842747755999924, 0.0 ], [ 106.105036102, -1.84281282199989, 0.0 ], [ 106.105086175000054, -1.842726269999923, 0.0 ], [ 106.105641049000056, -1.843329413999911, 0.0 ], [ 106.105717723000083, -1.843389066999962, 0.0 ], [ 106.105614015000029, -1.843588133, 0.0 ], [ 106.105757476000093, -1.843711597, 0.0 ], [ 106.106019372000091, -1.843462680999925, 0.0 ], [ 106.106263476000038, -1.843751080999895, 0.0 ], [ 106.106485249000087, -1.843921748999983, 0.0 ], [ 106.106667528000074, -1.844189453999928, 0.0 ], [ 106.10674515, -1.844445619999896, 0.0 ], [ 106.106580567000066, -1.844809733, 0.0 ], [ 106.106703612000032, -1.845235021999931, 0.0 ], [ 106.106834753000058, -1.845423158999954, 0.0 ], [ 106.107008543000049, -1.845280438999958, 0.0 ], [ 106.107358763000065, -1.84528021899994, 0.0 ], [ 106.10746689900013, -1.84558173799993, 0.0 ], [ 106.107629246000059, -1.845470683999978, 0.0 ], [ 106.107667889000069, -1.845450759999928, 0.0 ], [ 106.107706230000034, -1.845435358999986, 0.0 ], [ 106.107755974000071, -1.845425974, 0.0 ], [ 106.107804212000062, -1.845426251999943, 0.0 ], [ 106.107858467000113, -1.845443702999966, 0.0 ], [ 106.107898338000041, -1.845475336999919, 0.0 ], [ 106.107924719, -1.845500042, 0.0 ], [ 106.107957109000012, -1.845542843, 0.0 ], [ 106.108053690000105, -1.845682083999972, 0.0 ], [ 106.108128651000087, -1.845761329999957, 0.0 ], [ 106.108213494, -1.845831831999928, 0.0 ], [ 106.108265962000075, -1.845866776999977, 0.0 ], [ 106.108322312000027, -1.845900816999952, 0.0 ], [ 106.108422125000033, -1.845944769999947, 0.0 ], [ 106.108601651000058, -1.845992299999971, 0.0 ], [ 106.108768574000095, -1.846010584999974, 0.0 ], [ 106.108828805000101, -1.846010247999947, 0.0 ], [ 106.108907305000031, -1.845999642999957, 0.0 ], [ 106.108985200000077, -1.845968241999935, 0.0 ], [ 106.10906847400004, -1.845928687999948, 0.0 ], [ 106.109156251000016, -1.845888832999937, 0.0 ], [ 106.109223356000072, -1.845854119, 0.0 ], [ 106.109302134000103, -1.845813663999935, 0.0 ], [ 106.10941507500003, -1.845761734999901, 0.0 ], [ 106.109509151000083, -1.845729708999916, 0.0 ], [ 106.10959423700011, -1.845713373999986, 0.0 ], [ 106.109697916000073, -1.845699739999923, 0.0 ], [ 106.109892070000058, -1.845662531999953, 0.0 ], [ 106.109912817000094, -1.845733625999974, 0.0 ], [ 106.109942530000069, -1.845824314999928, 0.0 ], [ 106.109971655000081, -1.845909107999927, 0.0 ], [ 106.11000166500007, -1.845999208999921, 0.0 ], [ 106.110018741000061, -1.84606420899997, 0.0 ], [ 106.110028478000075, -1.846138366999978, 0.0 ], [ 106.110034991000077, -1.846233213999921, 0.0 ], [ 106.11003415800009, -1.846310923999956, 0.0 ], [ 106.110029213000047, -1.846381256, 0.0 ], [ 106.110017217000021, -1.846448933, 0.0 ], [ 106.109972630000073, -1.846538194999931, 0.0 ], [ 106.109935088000071, -1.846609135999938, 0.0 ], [ 106.109886671000055, -1.84666914699993, 0.0 ], [ 106.109864833000117, -1.846694048999947, 0.0 ], [ 106.109837667000093, -1.846725024999935, 0.0 ], [ 106.109772512000035, -1.846787117999921, 0.0 ], [ 106.109591714, -1.846950936999975, 0.0 ], [ 106.109396561000011, -1.847160852999935, 0.0 ], [ 106.109172342000107, -1.847394719999923, 0.0 ], [ 106.109104262000074, -1.847466864999942, 0.0 ], [ 106.109047923000034, -1.847537518999926, 0.0 ], [ 106.109009200000017, -1.847603140999937, 0.0 ], [ 106.108964018, -1.847676745999899, 0.0 ], [ 106.108870093000064, -1.84774713399995, 0.0 ], [ 106.108760601000057, -1.847824025999917, 0.0 ], [ 106.108692796000042, -1.847874306999903, 0.0 ], [ 106.108612072000113, -1.847923112999944, 0.0 ], [ 106.108467670000067, -1.847965084999953, 0.0 ], [ 106.108150773000048, -1.847805358999971, 0.0 ], [ 106.107811481000041, -1.84762642499991, 0.0 ], [ 106.10739214600008, -1.847406555999926, 0.0 ], [ 106.107148956000032, -1.847261799999939, 0.0 ], [ 106.106745500000045, -1.847061612999895, 0.0 ], [ 106.10650792700001, -1.846941347999981, 0.0 ], [ 106.10626081400008, -1.846833652999952, 0.0 ], [ 106.10596085000013, -1.846738174999957, 0.0 ], [ 106.105610597000108, -1.846643469999937, 0.0 ], [ 106.105170402000098, -1.846531824999937, 0.0 ], [ 106.104747488000015, -1.846470778999948, 0.0 ], [ 106.104451626000042, -1.84646616100001, 0.0 ], [ 106.1041656660001, -1.84647187599995, 0.0 ], [ 106.103989471, -1.846477530999974, 0.0 ], [ 106.103816582, -1.846479112999927, 0.0 ], [ 106.103762620000055, -1.846483578999941, 0.0 ], [ 106.103715638000082, -1.846481762999969, 0.0 ], [ 106.103671954000021, -1.846475884000015, 0.0 ], [ 106.103512082000023, -1.846515194999982, 0.0 ], [ 106.103363492000071, -1.846551732999985, 0.0 ], [ 106.103098457000087, -1.846580400999959, 0.0 ], [ 106.102318926000066, -1.846687570999944, 0.0 ], [ 106.101592399000083, -1.846795620999914, 0.0 ], [ 106.10090057500004, -1.846865023999972, 0.0 ], [ 106.100146121000051, -1.846923231999903, 0.0 ], [ 106.100149929000011, -1.846815018, 0.0 ], [ 106.100162615000087, -1.846700655999961, 0.0 ], [ 106.100211295000037, -1.846540537999947, 0.0 ], [ 106.100279397000065, -1.846402713, 0.0 ], [ 106.100309858000102, -1.846350256999924, 0.0 ], [ 106.100355807000085, -1.846252617999927, 0.0 ], [ 106.100222718000083, -1.846185763999903, 0.0 ], [ 106.100071342, -1.846130075, 0.0 ], [ 106.099876165000097, -1.846053778999907, 0.0 ], [ 106.099725310000053, -1.845952907, 0.0 ], [ 106.099639853, -1.845864874, 0.0 ], [ 106.099510440000046, -1.845724621999939, 0.0 ], [ 106.099639762000081, -1.845466363999976, 0.0 ], [ 106.100211854000079, -1.845782755999953, 0.0 ], [ 106.100374180000102, -1.845766896999973, 0.0 ], [ 106.100382216000057, -1.845428588999959, 0.0 ], [ 106.100453004000045, -1.845301680999939, 0.0 ], [ 106.100758739000028, -1.845308953999919, 0.0 ], [ 106.101129589000067, -1.845348522999907, 0.0 ], [ 106.101161070000018, -1.845624619000014, 0.0 ], [ 106.101691735000131, -1.845583663999911, 0.0 ], [ 106.101733610000039, -1.845337373999961, 0.0 ], [ 106.101857999000032, -1.845261005999949, 0.0 ], [ 106.101833978000087, -1.8450553889999, 0.0 ], [ 106.101543107000097, -1.845099513, 0.0 ], [ 106.101279419000036, -1.845112114999975, 0.0 ], [ 106.101009938000033, -1.845087407999885, 0.0 ], [ 106.100856587000038, -1.844963127, 0.0 ], [ 106.100598696000105, -1.845032115000017, 0.0 ], [ 106.100503994000093, -1.845126699999939, 0.0 ], [ 106.100326871000092, -1.845216360999896, 0.0 ], [ 106.100103558000086, -1.845217322999887, 0.0 ], [ 106.099881851000035, -1.845170197999985, 0.0 ], [ 106.099759809000062, -1.845027661999915, 0.0 ], [ 106.099802549000046, -1.844855996000011, 0.0 ], [ 106.100241779000072, -1.844856545999968, 0.0 ], [ 106.100318776000037, -1.844419398999947, 0.0 ], [ 106.100110286000117, -1.844418696999978, 0.0 ], [ 106.099927342000072, -1.844413834999931, 0.0 ], [ 106.099725442000064, -1.844398212999971, 0.0 ], [ 106.099574621000016, -1.844368455999907, 0.0 ], [ 106.099457573000024, -1.84432043399993, 0.0 ], [ 106.099310853000048, -1.84424838699992, 0.0 ], [ 106.099153064000049, -1.844643296, 0.0 ], [ 106.098843960000053, -1.844508337999934, 0.0 ], [ 106.098703848000099, -1.844466136999906, 0.0 ], [ 106.098440562000064, -1.845148705999983, 0.0 ], [ 106.098693609000051, -1.845243906999955, 0.0 ], [ 106.098681390000095, -1.845605980999982, 0.0 ], [ 106.098485028000113, -1.845562982999977, 0.0 ], [ 106.098276205000062, -1.845518426999932, 0.0 ], [ 106.098072825000102, -1.845465247999884, 0.0 ], [ 106.098018169000028, -1.845446461999928, 0.0 ], [ 106.098103463000072, -1.845233065999946, 0.0 ], [ 106.098131768000101, -1.845093448999941, 0.0 ], [ 106.098102444000077, -1.844919031999987, 0.0 ], [ 106.098091617000065, -1.844738734, 0.0 ], [ 106.098106084000023, -1.844508443999943, 0.0 ], [ 106.098166362000114, -1.844334957999977, 0.0 ], [ 106.098269492000043, -1.844171241999931, 0.0 ], [ 106.097652953000093, -1.84410526599989, 0.0 ], [ 106.097551603000056, -1.844119421999907, 0.0 ], [ 106.097463472000044, -1.844199909999905, 0.0 ], [ 106.097174146, -1.844065762999908, 0.0 ], [ 106.097073742000049, -1.844274776999971, 0.0 ], [ 106.097358119000035, -1.844401464999973, 0.0 ], [ 106.097289056000093, -1.844658554999929, 0.0 ], [ 106.097256130000034, -1.844723250999952, 0.0 ], [ 106.097120153000063, -1.844709233999947, 0.0 ], [ 106.096901620000011, -1.845132801, 0.0 ], [ 106.096703705000067, -1.845107830999976, 0.0 ], [ 106.096566569000089, -1.845082045999974, 0.0 ], [ 106.096387309000093, -1.844971619999986, 0.0 ], [ 106.096240733000045, -1.844879032999963, 0.0 ], [ 106.096109802000043, -1.845098284999986, 0.0 ], [ 106.095755354000033, -1.845596508, 0.0 ], [ 106.09544815400001, -1.846017506999925, 0.0 ], [ 106.095292556000103, -1.846260222999935, 0.0 ], [ 106.095185337000032, -1.846380433000022, 0.0 ], [ 106.095098863000061, -1.846465233999933, 0.0 ], [ 106.094773298000035, -1.84608304799993, 0.0 ], [ 106.094784670000095, -1.846080285999968, 0.0 ], [ 106.094139878000121, -1.845339465999957, 0.0 ], [ 106.094657796000078, -1.844860010999988, 0.0 ], [ 106.094414595000032, -1.844708420999969, 0.0 ], [ 106.094753389000076, -1.844351852999954, 0.0 ], [ 106.094849753000062, -1.844430986999929, 0.0 ], [ 106.094926750000042, -1.844518997999928, 0.0 ], [ 106.09496792300007, -1.844622390999956, 0.0 ], [ 106.094980933000073, -1.84475594, 0.0 ], [ 106.094977476000054, -1.844867048999949, 0.0 ], [ 106.094992231000035, -1.844989371999945, 0.0 ], [ 106.095055717000051, -1.845076205999935, 0.0 ], [ 106.09556603500009, -1.844473201999958, 0.0 ], [ 106.09525974900005, -1.844300504999969, 0.0 ], [ 106.095817796000048, -1.843671130999941, 0.0 ], [ 106.095542583000096, -1.843492895999938, 0.0 ], [ 106.09574077300006, -1.84326010299995, 0.0 ], [ 106.096370794000052, -1.843767349999909, 0.0 ], [ 106.097020944000022, -1.842804092999967, 0.0 ], [ 106.096603988000084, -1.842487078999938, 0.0 ], [ 106.09696474900008, -1.842085891999962, 0.0 ], [ 106.097210721000096, -1.842282543999979, 0.0 ], [ 106.097658333000098, -1.841908893999972, 0.0 ], [ 106.097518354000059, -1.841673560999951, 0.0 ], [ 106.097898460000067, -1.841519741999925, 0.0 ], [ 106.097869936000023, -1.841196968999953, 0.0 ], [ 106.098412666000073, -1.841127550999983, 0.0 ], [ 106.09840958400008, -1.840997903, 0.0 ], [ 106.098406519, -1.840880311999954, 0.0 ], [ 106.098405684000028, -1.840737087, 0.0 ], [ 106.098406353000087, -1.840611206999982, 0.0 ], [ 106.097743928000071, -1.840666705999955, 0.0 ], [ 106.097658563000024, -1.840551337999913, 0.0 ], [ 106.097706712000019, -1.840390902999961, 0.0 ], [ 106.097697186000019, -1.840248441999987, 0.0 ], [ 106.097631045000057, -1.840138732999969, 0.0 ], [ 106.097518773, -1.840050155999923, 0.0 ], [ 106.097370852000026, -1.839985869999933, 0.0 ], [ 106.097167363000068, -1.839958560999983, 0.0 ], [ 106.096931406000081, -1.839995639999942, 0.0 ], [ 106.096798317000079, -1.840163516999977, 0.0 ], [ 106.096496783000092, -1.840145051999959, 0.0 ], [ 106.096267066000095, -1.840020871999987, 0.0 ], [ 106.09613747500002, -1.840001404999975, 0.0 ], [ 106.096092301000013, -1.839882184999969, 0.0 ], [ 106.096069211000056, -1.839860037999913, 0.0 ], [ 106.096030270000128, -1.83962788899989, 0.0 ], [ 106.096050093000073, -1.83946747199994, 0.0 ], [ 106.096312913000062, -1.839477068999934, 0.0 ], [ 106.097049230000053, -1.839415077999957, 0.0 ], [ 106.097037752000091, -1.839006938999938, 0.0 ], [ 106.097531985000032, -1.839001613999941, 0.0 ], [ 106.097731701000043, -1.839047957999957, 0.0 ], [ 106.097908983000053, -1.839144544999955, 0.0 ] ], [ [ 106.097890381000113, -1.842931838999967, 0.0 ], [ 106.098030581000074, -1.843101725999902, 0.0 ], [ 106.098225762000055, -1.842905090999975, 0.0 ], [ 106.098399775000075, -1.84313964299993, 0.0 ], [ 106.098259800000037, -1.843319662999904, 0.0 ], [ 106.098675332000042, -1.843732959, 0.0 ], [ 106.098753142000092, -1.843561424999923, 0.0 ], [ 106.098764749000068, -1.843433043999959, 0.0 ], [ 106.098765543000042, -1.843308178999931, 0.0 ], [ 106.09876563400006, -1.843293894999904, 0.0 ], [ 106.098744948000032, -1.843028420999965, 0.0 ], [ 106.098732877000103, -1.842885961, 0.0 ], [ 106.098716297000053, -1.84273445899989, 0.0 ], [ 106.098713949000043, -1.842715872999951, 0.0 ], [ 106.098701247000051, -1.842615364999983, 0.0 ], [ 106.098317130000069, -1.842737546999968, 0.0 ], [ 106.098237097000023, -1.842581704999952, 0.0 ], [ 106.097890381000113, -1.842931838999967, 0.0 ] ], [ [ 106.105711796000037, -1.844593862, 0.0 ], [ 106.105376710000115, -1.844949786999956, 0.0 ], [ 106.1051177800001, -1.844674666999929, 0.0 ], [ 106.104711769000076, -1.845067947999962, 0.0 ], [ 106.104247939000075, -1.845261432999984, 0.0 ], [ 106.104243921, -1.845423123999951, 0.0 ], [ 106.104871865000092, -1.845443463999946, 0.0 ], [ 106.104871953000014, -1.845586075999933, 0.0 ], [ 106.105208196000035, -1.845630640999979, 0.0 ], [ 106.10521302800008, -1.845450712999924, 0.0 ], [ 106.104925354000073, -1.845328172999911, 0.0 ], [ 106.104984562000084, -1.845127478999914, 0.0 ], [ 106.105341447000043, -1.845233386999973, 0.0 ], [ 106.105648860000073, -1.845293727, 0.0 ], [ 106.105825226, -1.84533258499992, 0.0 ], [ 106.106255351000073, -1.845528223999943, 0.0 ], [ 106.10625833000006, -1.845489931999972, 0.0 ], [ 106.106260086000106, -1.845423292999965, 0.0 ], [ 106.106258254000053, -1.845367518999969, 0.0 ], [ 106.106247118000013, -1.845297269999929, 0.0 ], [ 106.106221012000077, -1.845240298999923, 0.0 ], [ 106.106183818000019, -1.84517609899994, 0.0 ], [ 106.106145126000101, -1.845117934000013, 0.0 ], [ 106.106027879000081, -1.844981717999933, 0.0 ], [ 106.105919914000125, -1.844836759000018, 0.0 ], [ 106.105711796000037, -1.844593862, 0.0 ] ], [ [ 106.10605478300009, -1.846330090999943, 0.0 ], [ 106.106662339000081, -1.846455587999935, 0.0 ], [ 106.106729767000076, -1.846216743999979, 0.0 ], [ 106.106875655000067, -1.846265578999934, 0.0 ], [ 106.106911889000045, -1.845997582999964, 0.0 ], [ 106.106882228000075, -1.846006339999978, 0.0 ], [ 106.106845976, -1.846011789999985, 0.0 ], [ 106.106814217000036, -1.846013022, 0.0 ], [ 106.106784245000043, -1.846013039999911, 0.0 ], [ 106.106745883000073, -1.845993760999915, 0.0 ], [ 106.106706001000063, -1.845958815999954, 0.0 ], [ 106.106665525000082, -1.845922957999918, 0.0 ], [ 106.106631052000068, -1.845896448999945, 0.0 ], [ 106.106600184000101, -1.845888019999959, 0.0 ], [ 106.106357119000052, -1.84582756699993, 0.0 ], [ 106.10618809200011, -1.845793000999913, 0.0 ], [ 106.106116346000121, -1.8460719469999, 0.0 ], [ 106.10605478300009, -1.846330090999943, 0.0 ] ], [ [ 106.10869129400001, -1.846306737999964, 0.0 ], [ 106.108413335000108, -1.846514144999984, 0.0 ], [ 106.108160395000041, -1.84641724599996, 0.0 ], [ 106.107771171000081, -1.846553018999914, 0.0 ], [ 106.10761327600008, -1.846987692, 0.0 ], [ 106.108527680000066, -1.847319395999908, 0.0 ], [ 106.10873276600006, -1.847327137000016, 0.0 ], [ 106.109031428, -1.846887997999919, 0.0 ], [ 106.108880973000069, -1.846693974999941, 0.0 ], [ 106.108982575000127, -1.846576744999923, 0.0 ], [ 106.10869129400001, -1.846306737999964, 0.0 ] ] ] ] } },
{ "type": "Feature", "properties": { "fid": 32, "NAMOBJ": "Muhidin", "FCODE": null, "REMARK": "Permukiman dan Tempat Kegiatan", "SRS_ID": null, "LCODE": "GA0040", "METADATA": null, "SHAPE_Leng": 0.03609786451, "SHAPE_Area": 1.681307e-05 }, "geometry": { "type": "MultiPolygon", "coordinates": [ [ [ [ 106.113764680000088, -1.848475532999942, 0.0 ], [ 106.113908598332728, -1.848399576319952, 0.0 ], [ 106.114034596000067, -1.848348765, 0.0 ], [ 106.114097435271987, -1.848302508744104, 0.0 ], [ 106.114177796490878, -1.848262849267024, 0.0 ], [ 106.114316335000112, -1.84866886999992, 0.0 ], [ 106.113954383000092, -1.84882763, 0.0 ], [ 106.113995738000057, -1.848917877999917, 0.0 ], [ 106.114013972000052, -1.848936200999924, 0.0 ], [ 106.114305473000101, -1.848939879999961, 0.0 ], [ 106.114561454000054, -1.84886638599992, 0.0 ], [ 106.11460068400001, -1.848720665999942, 0.0 ], [ 106.115131934, -1.848757000999929, 0.0 ], [ 106.115134010000091, -1.849014614999928, 0.0 ], [ 106.115216525000079, -1.849084031999987, 0.0 ], [ 106.115501315000103, -1.849079021999928, 0.0 ], [ 106.115523080000031, -1.848619740999941, 0.0 ], [ 106.116013781000049, -1.848518310999986, 0.0 ], [ 106.11603010000006, -1.848609433999976, 0.0 ], [ 106.116043613000031, -1.848683735, 0.0 ], [ 106.116054778000063, -1.84870989599994, 0.0 ], [ 106.116071762000047, -1.848712427999971, 0.0 ], [ 106.116001773000036, -1.848852884999958, 0.0 ], [ 106.115924251000095, -1.848991157999941, 0.0 ], [ 106.11589984500003, -1.849063410999968, 0.0 ], [ 106.115885544, -1.849152445999963, 0.0 ], [ 106.116425798000122, -1.849125509999955, 0.0 ], [ 106.116566036000094, -1.849124217999937, 0.0 ], [ 106.116751237000045, -1.849145809999947, 0.0 ], [ 106.116752511000058, -1.84925616399993, 0.0 ], [ 106.116983843000114, -1.849257220999928, 0.0 ], [ 106.116987843000089, -1.848940028999974, 0.0 ], [ 106.11706394900007, -1.848938768999958, 0.0 ], [ 106.117056687000101, -1.848826608999915, 0.0 ], [ 106.117494160000049, -1.84878050799992, 0.0 ], [ 106.11752254000001, -1.84912723099992, 0.0 ], [ 106.118244701000066, -1.849101446, 0.0 ], [ 106.118265879000049, -1.848466438999957, 0.0 ], [ 106.117522152000063, -1.848506709999914, 0.0 ], [ 106.117020552000042, -1.848545018999975, 0.0 ], [ 106.117012044000049, -1.848351450999947, 0.0 ], [ 106.116620688000083, -1.848339034999985, 0.0 ], [ 106.116623636000057, -1.848263656999966, 0.0 ], [ 106.116315301000043, -1.848196706999933, 0.0 ], [ 106.116393189000092, -1.848026811, 0.0 ], [ 106.11656471600007, -1.848032165999908, 0.0 ], [ 106.116740905000086, -1.848047675999948, 0.0 ], [ 106.116995106000061, -1.848090462999935, 0.0 ], [ 106.117340886000079, -1.848136322, 0.0 ], [ 106.117617970000083, -1.848156055999945, 0.0 ], [ 106.118020004000044, -1.848167514999916, 0.0 ], [ 106.118443380000073, -1.848177007, 0.0 ], [ 106.118902458000051, -1.848197411999903, 0.0 ], [ 106.119349881000034, -1.848194785999952, 0.0 ], [ 106.119758908000037, -1.848219129999923, 0.0 ], [ 106.120282808000042, -1.848262522999961, 0.0 ], [ 106.120541455000122, -1.848285090999963, 0.0 ], [ 106.120328466000089, -1.848733618999948, 0.0 ], [ 106.120073291000026, -1.849230196999913, 0.0 ], [ 106.119914519000119, -1.849508799999961, 0.0 ], [ 106.119869036000082, -1.849573457999981, 0.0 ], [ 106.119817693000101, -1.849641458999923, 0.0 ], [ 106.119767439000029, -1.849696152, 0.0 ], [ 106.11971203300007, -1.849733861999931, 0.0 ], [ 106.119683780000031, -1.849751237999947, 0.0 ], [ 106.119648912000088, -1.849770102, 0.0 ], [ 106.119612947000036, -1.84977381599995, 0.0 ], [ 106.119565961000063, -1.849780122999939, 0.0 ], [ 106.119324386000059, -1.849872783999968, 0.0 ], [ 106.119417029, -1.850109780999948, 0.0 ], [ 106.119457896000085, -1.850295006, 0.0 ], [ 106.119482467000083, -1.850485062999913, 0.0 ], [ 106.119506560000033, -1.850672714999985, 0.0 ], [ 106.119538578000103, -1.850826313, 0.0 ], [ 106.119135190000037, -1.850935205999943, 0.0 ], [ 106.11890315700002, -1.850963330999961, 0.0 ], [ 106.118864787000035, -1.850945987999947, 0.0 ], [ 106.118812524000063, -1.850935890999911, 0.0 ], [ 106.11873054000003, -1.850938836999977, 0.0 ], [ 106.118488916000032, -1.850969382999929, 0.0 ], [ 106.117981012000101, -1.851019907999935, 0.0 ], [ 106.117596757000015, -1.851120465999906, 0.0 ], [ 106.117292838000097, -1.851213772999899, 0.0 ], [ 106.117096303, -1.851266478999908, 0.0 ], [ 106.116860935000062, -1.851338513, 0.0 ], [ 106.116625080000091, -1.851394617999941, 0.0 ], [ 106.116545994000035, -1.851429401999977, 0.0 ], [ 106.115943423, -1.851587537999916, 0.0 ], [ 106.115690795000063, -1.851661028999957, 0.0 ], [ 106.115280608000049, -1.851754312999948, 0.0 ], [ 106.114981307000065, -1.851814410999947, 0.0 ], [ 106.114758389000087, -1.851857002, 0.0 ], [ 106.114546031000103, -1.851923711999931, 0.0 ], [ 106.114373468000039, -1.851987021999929, 0.0 ], [ 106.114196598000063, -1.852062870999899, 0.0 ], [ 106.113953117000079, -1.852187011999956, 0.0 ], [ 106.113856768000105, -1.851831368000018, 0.0 ], [ 106.113938226000087, -1.851776644999931, 0.0 ], [ 106.113816213000035, -1.851552890999892, 0.0 ], [ 106.113790431000027, -1.851409599999937, 0.0 ], [ 106.114084790000049, -1.851352536000012, 0.0 ], [ 106.114073714000114, -1.851106784999929, 0.0 ], [ 106.11416877200007, -1.851108298999965, 0.0 ], [ 106.114170258000101, -1.850996974999902, 0.0 ], [ 106.114550449000035, -1.850981058999918, 0.0 ], [ 106.114543355000066, -1.850850138999921, 0.0 ], [ 106.11469138300005, -1.850840637999934, 0.0 ], [ 106.114689462000072, -1.850255033999887, 0.0 ], [ 106.114407420000092, -1.850256785999943, 0.0 ], [ 106.113853459, -1.850231265999963, 0.0 ], [ 106.113317435000056, -1.850222196999924, 0.0 ], [ 106.113035344000082, -1.850188390999969, 0.0 ], [ 106.113086549000059, -1.850044109999932, 0.0 ], [ 106.113180367, -1.849786913999968, 0.0 ], [ 106.113229171000043, -1.849626235, 0.0 ], [ 106.113297161000077, -1.849481464999919, 0.0 ], [ 106.11332590800005, -1.849451052999979, 0.0 ], [ 106.113378372000042, -1.849401588999972, 0.0 ], [ 106.113482407000035, -1.849303503999939, 0.0 ], [ 106.113538556000066, -1.849258864999975, 0.0 ], [ 106.113580771000088, -1.849183642999969, 0.0 ], [ 106.113587392000014, -1.849049321999957, 0.0 ], [ 106.113574974000059, -1.848971013999962, 0.0 ], [ 106.113554311000115, -1.848904126999934, 0.0 ], [ 106.113529529000019, -1.848838797999947, 0.0 ], [ 106.11347484700012, -1.848756372999966, 0.0 ], [ 106.113491468000078, -1.848658472999948, 0.0 ], [ 106.113484292895166, -1.848625508466944, 0.0 ], [ 106.113764680000088, -1.848475532999942, 0.0 ] ], [ [ 106.114626283000092, -1.848944362999888, 0.0 ], [ 106.11448185600004, -1.848933707999984, 0.0 ], [ 106.114450526000027, -1.849363677999944, 0.0 ], [ 106.114706558000066, -1.849382567, 0.0 ], [ 106.114720233000043, -1.849194891000011, 0.0 ], [ 106.114608629000045, -1.849186657999952, 0.0 ], [ 106.114626283000092, -1.848944362999888, 0.0 ] ], [ [ 106.114082171000092, -1.849007656999974, 0.0 ], [ 106.11406591800008, -1.849207950999937, 0.0 ], [ 106.113913416000074, -1.849195421999966, 0.0 ], [ 106.113903682000071, -1.849315391999945, 0.0 ], [ 106.114338929000027, -1.849351148999973, 0.0 ], [ 106.114364916000042, -1.849030884999942, 0.0 ], [ 106.114082171000092, -1.849007656999974, 0.0 ] ] ], [ [ [ 106.113139845000021, -1.850644173000021, 0.0 ], [ 106.113006829000113, -1.850566239999968, 0.0 ], [ 106.112945066000066, -1.85063185899998, 0.0 ], [ 106.113054520000063, -1.850768982999957, 0.0 ], [ 106.112867064000099, -1.850995075999923, 0.0 ], [ 106.112805006000116, -1.850948077999942, 0.0 ], [ 106.112671597000087, -1.850844137999958, 0.0 ], [ 106.112538770000114, -1.850721809999961, 0.0 ], [ 106.112475755000048, -1.850656408999968, 0.0 ], [ 106.112475925000069, -1.85065631199996, 0.0 ], [ 106.112643383000062, -1.850561547999935, 0.0 ], [ 106.112861451000086, -1.850424887, 0.0 ], [ 106.112944343, -1.850350543999974, 0.0 ], [ 106.113024686000088, -1.850368737999969, 0.0 ], [ 106.11324500900011, -1.850490332999905, 0.0 ], [ 106.113139845000021, -1.850644173000021, 0.0 ] ] ] ] } },
{ "type": "Feature", "properties": { "fid": 33, "NAMOBJ": "Pangkalkole", "FCODE": null, "REMARK": "Permukiman dan Tempat Kegiatan", "SRS_ID": null, "LCODE": "GA0040", "METADATA": null, "SHAPE_Leng": 0.01635965819, "SHAPE_Area": 4.33731e-06 }, "geometry": { "type": "MultiPolygon", "coordinates": [ [ [ [ 106.113036565000073, -1.841451363999965, 0.0 ], [ 106.11282241300006, -1.841572716999963, 0.0 ], [ 106.112679156074051, -1.841879697253433, 0.000120552466993 ], [ 106.112364572000089, -1.842054687999956, 0.0 ], [ 106.112155590000029, -1.841591562999917, 0.0 ], [ 106.112021893000076, -1.84122389099996, 0.0 ], [ 106.112710323000016, -1.840893996000021, 0.0 ], [ 106.112672825000104, -1.840803897999938, 0.0 ], [ 106.113191732000047, -1.840567918999953, 0.0 ], [ 106.112852816000071, -1.83981981499996, 0.0 ], [ 106.11344367700012, -1.839600045999895, 0.0 ], [ 106.113645190000085, -1.840165036999925, 0.0 ], [ 106.114236018000042, -1.839922906999964, 0.0 ], [ 106.114343254000033, -1.840252818999905, 0.0 ], [ 106.116848693000023, -1.838934761999917, 0.0 ], [ 106.116668538000042, -1.838554483999894, 0.0 ], [ 106.117202727000105, -1.838350126999949, 0.0 ], [ 106.11731580700004, -1.838522309999985, 0.0 ], [ 106.11739672200008, -1.838678772999963, 0.0 ], [ 106.117471556000055, -1.83884661, 0.0 ], [ 106.117580628000013, -1.839063877999942, 0.0 ], [ 106.1174850660001, -1.839103855999963, 0.0 ], [ 106.117378779, -1.839157897, 0.0 ], [ 106.117294599000061, -1.839199831, 0.0 ], [ 106.117213349000096, -1.839240115999957, 0.0 ], [ 106.116814555000047, -1.839463483999965, 0.0 ], [ 106.116589642000093, -1.839577145999955, 0.0 ], [ 106.115875681000077, -1.83994636199995, 0.0 ], [ 106.11552875600006, -1.840095161999916, 0.0 ], [ 106.115191209000017, -1.8402345119999, 0.0 ], [ 106.11461946200005, -1.840456395999962, 0.0 ], [ 106.114674076000043, -1.840764495999964, 0.0 ], [ 106.113715645000056, -1.841126828999923, 0.0 ], [ 106.113729247000023, -1.841242855999931, 0.0 ], [ 106.113416822221822, -1.841418091967501, 0.000111379264787 ], [ 106.113036565000073, -1.841451363999965, 0.0 ] ] ] ] } },
{ "type": "Feature", "properties": { "fid": 34, "NAMOBJ": "Parit Empat", "FCODE": null, "REMARK": "Permukiman dan Tempat Kegiatan", "SRS_ID": null, "LCODE": "GA0040", "METADATA": null, "SHAPE_Leng": 0.04173044425, "SHAPE_Area": 1.374224e-05 }, "geometry": { "type": "MultiPolygon", "coordinates": [ [ [ [ 106.084035295000021, -1.850087325999955, 0.0 ], [ 106.083338650000115, -1.850413512999943, 0.0 ], [ 106.082841236000078, -1.850651057999969, 0.0 ], [ 106.082538431000074, -1.85079645299992, 0.0 ], [ 106.08232914000007, -1.850883961999966, 0.0 ], [ 106.082158441000075, -1.850957941999959, 0.0 ], [ 106.082022543000022, -1.8510044559999, 0.0 ], [ 106.081888317, -1.851034515999989, 0.0 ], [ 106.081760359000086, -1.851039234999935, 0.0 ], [ 106.081624845000064, -1.85102201300002, 0.0 ], [ 106.081497715000111, -1.850997604999955, 0.0 ], [ 106.081372252000037, -1.850952516999954, 0.0 ], [ 106.081253496000073, -1.850905732999903, 0.0 ], [ 106.08112634900003, -1.850855572999927, 0.0 ], [ 106.08099752900003, -1.850815976999937, 0.0 ], [ 106.080985635000019, -1.850459813999955, 0.0 ], [ 106.081377752000051, -1.850505551999921, 0.0 ], [ 106.081643735000029, -1.850536659999919, 0.0 ], [ 106.082112547000094, -1.850454518999961, 0.0 ], [ 106.082080487000013, -1.850345103999968, 0.0 ], [ 106.082551079000055, -1.850171927999939, 0.0 ], [ 106.082480594000074, -1.850002753999974, 0.0 ], [ 106.082715428000057, -1.849902367999928, 0.0 ], [ 106.082813372, -1.850154289999989, 0.0 ], [ 106.083529741000021, -1.849858646999953, 0.0 ], [ 106.083439140000081, -1.849661897999927, 0.0 ], [ 106.083869524000065, -1.84951081599995, 0.0 ], [ 106.084035295000021, -1.850087325999955, 0.0 ] ] ], [ [ [ 106.085065972000038, -1.845121585999959, 0.0 ], [ 106.085571751000046, -1.845709835999959, 0.0 ], [ 106.085788045000086, -1.845561879999974, 0.0 ], [ 106.085783643000084, -1.845627038999948, 0.0 ], [ 106.085809868000027, -1.845717161999944, 0.0 ], [ 106.085852044000063, -1.84578630699998, 0.0 ], [ 106.085910638000115, -1.845872837999946, 0.0 ], [ 106.085977215000113, -1.845960267999986, 0.0 ], [ 106.086058871000034, -1.846051251999964, 0.0 ], [ 106.08612144100006, -1.846112795999905, 0.0 ], [ 106.086186669000128, -1.846170321999957, 0.0 ], [ 106.086266532000067, -1.846223371, 0.0 ], [ 106.086348157000074, -1.846266612999931, 0.0 ], [ 106.085856598000078, -1.846712064999928, 0.0 ], [ 106.085764213000076, -1.846582453999951, 0.0 ], [ 106.085682922, -1.846663433999901, 0.0 ], [ 106.085152497000081, -1.846128532999963, 0.0 ], [ 106.085274005000102, -1.846042009, 0.0 ], [ 106.084859714000018, -1.845600838999911, 0.0 ], [ 106.084719067000023, -1.845777495999962, 0.0 ], [ 106.08455714000003, -1.845519180999905, 0.0 ], [ 106.085065972000038, -1.845121585999959, 0.0 ] ] ], [ [ [ 106.08856239400005, -1.845317418, 0.0 ], [ 106.088620097000032, -1.845400826999971, 0.0 ], [ 106.089221749000075, -1.845127307999989, 0.0 ], [ 106.089528535000056, -1.846134116999981, 0.0 ], [ 106.089675079000102, -1.846640741999978, 0.0 ], [ 106.08985054200005, -1.846611207999932, 0.0 ], [ 106.089820336000031, -1.846537650999974, 0.0 ], [ 106.09032481600012, -1.846495955999989, 0.0 ], [ 106.09039819300007, -1.846929057999941, 0.0 ], [ 106.091099139000065, -1.846835745999948, 0.0 ], [ 106.091074332000048, -1.846623325999958, 0.0 ], [ 106.091255293000103, -1.846618619000012, 0.0 ], [ 106.091199425000099, -1.846416330999973, 0.0 ], [ 106.092381966000062, -1.846230753999984, 0.0 ], [ 106.092816067000101, -1.846178988999964, 0.0 ], [ 106.092904094000104, -1.846648860999939, 0.0 ], [ 106.093831527000106, -1.846262963999984, 0.0 ], [ 106.094389875000019, -1.846136632000012, 0.0 ], [ 106.094685977000012, -1.846104254999909, 0.0 ], [ 106.094773298000035, -1.84608304799993, 0.0 ], [ 106.095098863000061, -1.846465233999933, 0.0 ], [ 106.094981817000061, -1.846555264999922, 0.0 ], [ 106.094888953000108, -1.846569252999925, 0.0 ], [ 106.094747626000043, -1.84657050699994, 0.0 ], [ 106.094492094000131, -1.84657182299996, 0.0 ], [ 106.094361731000092, -1.84658293, 0.0 ], [ 106.094055479000062, -1.846672507999942, 0.0 ], [ 106.093837476000061, -1.846742872999902, 0.0 ], [ 106.093561245000032, -1.846855643, 0.0 ], [ 106.093313830000071, -1.846945763999902, 0.0 ], [ 106.093054409000018, -1.847027550999919, 0.0 ], [ 106.092753669000089, -1.847119766999911, 0.0 ], [ 106.092445384000072, -1.847223800999903, 0.0 ], [ 106.092277187, -1.847283840999986, 0.0 ], [ 106.092114024000097, -1.847329530999947, 0.0 ], [ 106.092002866000058, -1.847359992999981, 0.0 ], [ 106.091849774000082, -1.847409059999955, 0.0 ], [ 106.091730641000083, -1.847420947999962, 0.0 ], [ 106.091594718000039, -1.847425680999909, 0.0 ], [ 106.091468439000067, -1.847426599999985, 0.0 ], [ 106.091337547000066, -1.847424989999941, 0.0 ], [ 106.091242319000102, -1.847425473999981, 0.0 ], [ 106.090755243000032, -1.847405937999963, 0.0 ], [ 106.090203563000031, -1.847396562999987, 0.0 ], [ 106.089966946000089, -1.84738657799996, 0.0 ], [ 106.089708258000087, -1.847374019999987, 0.0 ], [ 106.089449654000092, -1.847351022999949, 0.0 ], [ 106.089298631000034, -1.847358713999964, 0.0 ], [ 106.089080505000112, -1.84740528, 0.0 ], [ 106.088935792000129, -1.847441668999989, 0.0 ], [ 106.088813320000028, -1.847479319999906, 0.0 ], [ 106.088550326000117, -1.847554613999919, 0.0 ], [ 106.088272229000026, -1.847631193999949, 0.0 ], [ 106.087920261000122, -1.847747166999953, 0.0 ], [ 106.087720676000032, -1.847830780999943, 0.0 ], [ 106.087572211000094, -1.847907270999966, 0.0 ], [ 106.087453105000108, -1.84796433199998, 0.0 ], [ 106.087314285000076, -1.848038716999917, 0.0 ], [ 106.087202310000052, -1.848100413999959, 0.0 ], [ 106.087068950000031, -1.848179436999925, 0.0 ], [ 106.086717142000055, -1.84845656599994, 0.0 ], [ 106.086422365, -1.84870453299994, 0.0 ], [ 106.086185893000064, -1.848932210999949, 0.0 ], [ 106.086004350000053, -1.849118480999906, 0.0 ], [ 106.085867233000073, -1.849228315999935, 0.0 ], [ 106.085761158000082, -1.849323784999929, 0.0 ], [ 106.08568609400001, -1.849385033999934, 0.0 ], [ 106.085587553000025, -1.849452637999932, 0.0 ], [ 106.08537445400006, -1.848913045999962, 0.0 ], [ 106.085747254000097, -1.848752798999937, 0.0 ], [ 106.085617329000087, -1.848522975999928, 0.0 ], [ 106.085963577000044, -1.848283652999933, 0.0 ], [ 106.086090730000095, -1.848479455999969, 0.0 ], [ 106.086783189000101, -1.847937371999969, 0.0 ], [ 106.086507823000048, -1.8475071519999, 0.0 ], [ 106.08679921, -1.847229238, 0.0 ], [ 106.086619922000082, -1.846983804999941, 0.0 ], [ 106.087044728000066, -1.846723138999956, 0.0 ], [ 106.087045990000078, -1.846612021999911, 0.0 ], [ 106.087045009000093, -1.846462082999939, 0.0 ], [ 106.08700811600005, -1.846332690999891, 0.0 ], [ 106.087536080000035, -1.846085683999971, 0.0 ], [ 106.087437254000037, -1.845890777, 0.0 ], [ 106.087499382000018, -1.845862235999957, 0.0 ], [ 106.087430791000116, -1.845640750999928, 0.0 ], [ 106.087253165000078, -1.845260945999944, 0.0 ], [ 106.088353269000066, -1.844776538999921, 0.0 ], [ 106.088555523000096, -1.845207725999981, 0.0 ], [ 106.088513128000059, -1.845254526999946, 0.0 ], [ 106.08856239400005, -1.845317418, 0.0 ] ] ] ] } },
{ "type": "Feature", "properties": { "fid": 35, "NAMOBJ": "Parit Satu", "FCODE": null, "REMARK": "Permukiman dan Tempat Kegiatan", "SRS_ID": null, "LCODE": "GA0040", "METADATA": null, "SHAPE_Leng": 0.10879248242, "SHAPE_Area": 4.908126e-05 }, "geometry": { "type": "MultiPolygon", "coordinates": [ [ [ [ 106.088857684000061, -1.847907011999944, 0.0 ], [ 106.088912758000077, -1.8482950609999, 0.0 ], [ 106.088558202000058, -1.848383563999939, 0.0 ], [ 106.0885114740001, -1.848193228999912, 0.0 ], [ 106.088269321000041, -1.848274308999959, 0.0 ], [ 106.088345502000038, -1.848805807999971, 0.0 ], [ 106.088480757000042, -1.848784576, 0.0 ], [ 106.088747445000081, -1.849974419999939, 0.0 ], [ 106.088699031000075, -1.85001307499994, 0.0 ], [ 106.089039129000057, -1.85018482999994, 0.0 ], [ 106.088870183000026, -1.850492438999901, 0.0 ], [ 106.088655001000078, -1.850959205999975, 0.0 ], [ 106.089551202000067, -1.851639892999985, 0.0 ], [ 106.089625561000091, -1.851617829999936, 0.0 ], [ 106.089708849000047, -1.851876408999925, 0.0 ], [ 106.089481375000062, -1.851927177999952, 0.0 ], [ 106.089548259000082, -1.852192361999955, 0.0 ], [ 106.089785568000096, -1.85212839, 0.0 ], [ 106.089876636000071, -1.852602664999975, 0.0 ], [ 106.089685232000051, -1.852612688999916, 0.0 ], [ 106.089752157000078, -1.852945008999968, 0.0 ], [ 106.090327370000068, -1.85277076999994, 0.0 ], [ 106.09042376400005, -1.8530150309999, 0.0 ], [ 106.089879213000117, -1.853243180999947, 0.0 ], [ 106.08990444800007, -1.853363127999924, 0.0 ], [ 106.090302496000049, -1.853240720999922, 0.0 ], [ 106.090463788000079, -1.854075934000016, 0.0 ], [ 106.090624548000051, -1.854038412999931, 0.0 ], [ 106.090664207000046, -1.854502814999898, 0.0 ], [ 106.091053572000106, -1.854470660999902, 0.0 ], [ 106.090999699000093, -1.854019473999963, 0.0 ], [ 106.091261079000049, -1.853980786999959, 0.0 ], [ 106.091276556000082, -1.854239407999953, 0.0 ], [ 106.091473425000032, -1.854224975999913, 0.0 ], [ 106.09141849300002, -1.853838718999929, 0.0 ], [ 106.09179901400006, -1.85366459999991, 0.0 ], [ 106.091539559000083, -1.853281771999943, 0.0 ], [ 106.091059639000079, -1.853662860999944, 0.0 ], [ 106.090672224000087, -1.853295515999926, 0.0 ], [ 106.090908319000079, -1.853038946000013, 0.0 ], [ 106.089784157000068, -1.851614429999921, 0.0 ], [ 106.089868307000103, -1.851506527999963, 0.0 ], [ 106.089355092000091, -1.851097441999955, 0.0 ], [ 106.089507459000089, -1.850596023999945, 0.0 ], [ 106.089581616, -1.850581215999964, 0.0 ], [ 106.089665973000052, -1.850575826999962, 0.0 ], [ 106.089769508000089, -1.850606517999926, 0.0 ], [ 106.08984819500003, -1.850663881999965, 0.0 ], [ 106.089933008000031, -1.850729029999937, 0.0 ], [ 106.090031270000082, -1.850807700999963, 0.0 ], [ 106.090102620000039, -1.850864653999968, 0.0 ], [ 106.090208227000062, -1.850944550999917, 0.0 ], [ 106.090352976000048, -1.8510699419999, 0.0 ], [ 106.090476519000063, -1.851167050999941, 0.0 ], [ 106.090573985000049, -1.851268689999913, 0.0 ], [ 106.090667370000048, -1.851369507999906, 0.0 ], [ 106.090738741000081, -1.851458038999948, 0.0 ], [ 106.091130733000099, -1.851933664999955, 0.0 ], [ 106.091624008000053, -1.851502970999936, 0.0 ], [ 106.091376977000053, -1.851074572999928, 0.0 ], [ 106.091598038000129, -1.850873958999938, 0.0 ], [ 106.091043928000019, -1.850464138999958, 0.0 ], [ 106.091320339000063, -1.850335267999953, 0.0 ], [ 106.091398543000054, -1.850396575999963, 0.0 ], [ 106.091526045000123, -1.850383669999961, 0.0 ], [ 106.091717253000041, -1.85030266599992, 0.0 ], [ 106.091847485000073, -1.850239555999939, 0.0 ], [ 106.092001560000128, -1.850163043999914, 0.0 ], [ 106.092143428000043, -1.850090997999904, 0.0 ], [ 106.092356240000072, -1.84998488, 0.0 ], [ 106.092622275000053, -1.849884308999944, 0.0 ], [ 106.092799086000028, -1.849825628999974, 0.0 ], [ 106.092923813000041, -1.849817184999986, 0.0 ], [ 106.09310343000007, -1.849817634999934, 0.0 ], [ 106.093305777000026, -1.849829223, 0.0 ], [ 106.093509800000035, -1.849843596999951, 0.0 ], [ 106.093751526000048, -1.849888628999946, 0.0 ], [ 106.093936715000012, -1.849932584999942, 0.0 ], [ 106.093854468000046, -1.849170320999932, 0.0 ], [ 106.094321488000048, -1.849142441999935, 0.0 ], [ 106.094338065000088, -1.849350262999988, 0.0 ], [ 106.094811078000063, -1.849230314999923, 0.0 ], [ 106.094992665000078, -1.849733903999934, 0.0 ], [ 106.094922856000068, -1.849801996999973, 0.0 ], [ 106.094845826, -1.849851134999953, 0.0 ], [ 106.094746063000102, -1.849889124999987, 0.0 ], [ 106.094590317, -1.849936077999964, 0.0 ], [ 106.094253294000097, -1.849983704, 0.0 ], [ 106.094266634000036, -1.850144561999984, 0.0 ], [ 106.094377065000032, -1.850145831999911, 0.0 ], [ 106.094464890000012, -1.850166753999955, 0.0 ], [ 106.094534979000045, -1.850203743, 0.0 ], [ 106.094576699000115, -1.850246113999948, 0.0 ], [ 106.09463574000003, -1.850342022999979, 0.0 ], [ 106.094673483000037, -1.850423210999947, 0.0 ], [ 106.094789786000078, -1.850588256000013, 0.0 ], [ 106.094876778000071, -1.850699760999913, 0.0 ], [ 106.094946899000021, -1.85077558299997, 0.0 ], [ 106.095039194, -1.850860752999911, 0.0 ], [ 106.095102652000023, -1.850918278999964, 0.0 ], [ 106.095181633000081, -1.850985167, 0.0 ], [ 106.09527835500009, -1.85104668899993, 0.0 ], [ 106.095394150000075, -1.851116683999948, 0.0 ], [ 106.095460700000075, -1.851158143999915, 0.0 ], [ 106.095512156000069, -1.851184886999907, 0.0 ], [ 106.095469639000015, -1.851278172999987, 0.0 ], [ 106.095286632000054, -1.851525953999972, 0.0 ], [ 106.095119587000099, -1.85177819399997, 0.0 ], [ 106.094957420000085, -1.852027300999976, 0.0 ], [ 106.094839998000054, -1.852191143999943, 0.0 ], [ 106.094766889000041, -1.852301408999918, 0.0 ], [ 106.094699109000032, -1.85242417199995, 0.0 ], [ 106.094632202000085, -1.852529974999912, 0.0 ], [ 106.094562648000107, -1.852649608999951, 0.0 ], [ 106.094496641000063, -1.852774606, 0.0 ], [ 106.094388108000061, -1.8529656609999, 0.0 ], [ 106.094328753000028, -1.853090652999939, 0.0 ], [ 106.094284026000054, -1.85320313499992, 0.0 ], [ 106.094247727000081, -1.853308022999983, 0.0 ], [ 106.094156486000074, -1.853506213999951, 0.0 ], [ 106.094062572000027, -1.853671380999939, 0.0 ], [ 106.093981485000072, -1.853790135999906, 0.0 ], [ 106.093883432000041, -1.854006349999943, 0.0 ], [ 106.09400103500009, -1.85406320999994, 0.0 ], [ 106.094202572000071, -1.854187586999928, 0.0 ], [ 106.093876132000062, -1.85437070099998, 0.0 ], [ 106.093601355000061, -1.854524229999893, 0.0 ], [ 106.093186832000043, -1.854753484999944, 0.0 ], [ 106.09289472200004, -1.854892552, 0.0 ], [ 106.09264898400005, -1.854990216, 0.0 ], [ 106.09243230500006, -1.855067762999924, 0.0 ], [ 106.092203001000087, -1.855151829999952, 0.0 ], [ 106.091981627000067, -1.855225543999922, 0.0 ], [ 106.091825715000056, -1.855264934999984, 0.0 ], [ 106.09169063700007, -1.855284230999893, 0.0 ], [ 106.091451598000091, -1.855298852999948, 0.0 ], [ 106.091037540000031, -1.855317725, 0.0 ], [ 106.090774727000039, -1.855337688999964, 0.0 ], [ 106.090595014000101, -1.855356415999915, 0.0 ], [ 106.090473141000047, -1.855358852999939, 0.0 ], [ 106.090336882000059, -1.855358348999986, 0.0 ], [ 106.090216169000101, -1.855332128999948, 0.0 ], [ 106.090113348000031, -1.855279004, 0.0 ], [ 106.090022571000077, -1.855223800999956, 0.0 ], [ 106.089926211, -1.85515324199998, 0.0 ], [ 106.089848050000015, -1.855088867999982, 0.0 ], [ 106.089774605000073, -1.855032477999935, 0.0 ], [ 106.089697625000014, -1.854973720999959, 0.0 ], [ 106.089627117000035, -1.854926491999959, 0.0 ], [ 106.089442327000114, -1.854801813999946, 0.0 ], [ 106.0893198630001, -1.854454693, 0.0 ], [ 106.089208321000029, -1.854225610999966, 0.0 ], [ 106.089000552000059, -1.853834391999926, 0.0 ], [ 106.088837216000044, -1.853553265999936, 0.0 ], [ 106.088772658000039, -1.853456493999922, 0.0 ], [ 106.088375781000067, -1.853763327, 0.0 ], [ 106.08847671500007, -1.853978367999937, 0.0 ], [ 106.088225676000079, -1.854141163, 0.0 ], [ 106.088372734000075, -1.85446897499994, 0.0 ], [ 106.087846311000035, -1.854796324999936, 0.0 ], [ 106.087997948000066, -1.855084992999928, 0.0 ], [ 106.087691485000022, -1.855292615999965, 0.0 ], [ 106.087402619000017, -1.854809804999985, 0.0 ], [ 106.087665250000072, -1.854637903999973, 0.0 ], [ 106.087620156000071, -1.854592576999953, 0.0 ], [ 106.087757221000047, -1.854499865, 0.0 ], [ 106.087658322000024, -1.854276084999968, 0.0 ], [ 106.087756092000035, -1.854213302999924, 0.0 ], [ 106.087705162000091, -1.85404544799998, 0.0 ], [ 106.087327520000102, -1.854312949999909, 0.0 ], [ 106.08712211100007, -1.853985989999946, 0.0 ], [ 106.087352156000094, -1.853832434999942, 0.0 ], [ 106.08745101800011, -1.853981923999965, 0.0 ], [ 106.087832490000054, -1.853698985999913, 0.0 ], [ 106.087527266000023, -1.853224462999909, 0.0 ], [ 106.087967248000012, -1.852863372999964, 0.0 ], [ 106.087853337000084, -1.852788046999948, 0.0 ], [ 106.08775322200006, -1.852718665999892, 0.0 ], [ 106.087658050000101, -1.852651769999953, 0.0 ], [ 106.087592453000084, -1.852595265999985, 0.0 ], [ 106.087552964000011, -1.852510967999938, 0.0 ], [ 106.087547497000102, -1.852437067999952, 0.0 ], [ 106.087559762000041, -1.852337857999914, 0.0 ], [ 106.087596657000077, -1.85222128299995, 0.0 ], [ 106.087779756000131, -1.851770301999939, 0.0 ], [ 106.087281309, -1.851594907999904, 0.0 ], [ 106.086941139000018, -1.851851017999956, 0.0 ], [ 106.086741021000066, -1.852093445999942, 0.0 ], [ 106.086651455000037, -1.852283883999978, 0.0 ], [ 106.086311256000045, -1.852493009999962, 0.0 ], [ 106.086092682000071, -1.852690944999908, 0.0 ], [ 106.086169001000087, -1.852920835999922, 0.0 ], [ 106.085859484000053, -1.853071843999982, 0.0 ], [ 106.085700807000066, -1.852765359999936, 0.0 ], [ 106.085733793000131, -1.85245875799997, 0.0 ], [ 106.085989176000041, -1.852192804, 0.0 ], [ 106.085817100000014, -1.852071763000013, 0.0 ], [ 106.085809574000095, -1.851817108, 0.0 ], [ 106.086003577000071, -1.851630314, 0.0 ], [ 106.086184009000078, -1.851347103999918, 0.0 ], [ 106.086451694000019, -1.851089807999945, 0.0 ], [ 106.086770986000062, -1.850857194999972, 0.0 ], [ 106.086950201000064, -1.850596245999964, 0.0 ], [ 106.08701274, -1.850400876999964, 0.0 ], [ 106.087110814000113, -1.85003860300001, 0.0 ], [ 106.087230945000016, -1.849595955999978, 0.0 ], [ 106.08722838400007, -1.849420418999931, 0.0 ], [ 106.087013299000034, -1.849295686999914, 0.0 ], [ 106.086768935000066, -1.849509710999947, 0.0 ], [ 106.086509822000039, -1.849700244, 0.0 ], [ 106.086084838000048, -1.849892126999969, 0.0 ], [ 106.085749525000011, -1.85004932999992, 0.0 ], [ 106.085451079, -1.850222590999956, 0.0 ], [ 106.08515629200005, -1.850348868000013, 0.0 ], [ 106.085066656, -1.850440401999948, 0.0 ], [ 106.085112300000048, -1.850740776999932, 0.0 ], [ 106.084646756000069, -1.850904246999957, 0.0 ], [ 106.084410648000073, -1.850549595999923, 0.0 ], [ 106.083413417000074, -1.851196752999912, 0.0 ], [ 106.083872143000107, -1.851943156999941, 0.0 ], [ 106.08444203, -1.851642400999926, 0.0 ], [ 106.084336203000049, -1.851363075999907, 0.0 ], [ 106.085092892000034, -1.851156162999929, 0.0 ], [ 106.085086999000083, -1.851561651999906, 0.0 ], [ 106.085060239000086, -1.852009181999986, 0.0 ], [ 106.085125540000078, -1.852304596999915, 0.0 ], [ 106.08525223000008, -1.852549292999911, 0.0 ], [ 106.085237625000019, -1.852776772, 0.0 ], [ 106.085025161000033, -1.852912884999975, 0.0 ], [ 106.084797967000057, -1.853065081999955, 0.0 ], [ 106.084503213000104, -1.853251935999961, 0.0 ], [ 106.084291945000118, -1.853342313999979, 0.0 ], [ 106.084108785000055, -1.853176766999959, 0.0 ], [ 106.084001751000088, -1.852938244999941, 0.0 ], [ 106.083596828000069, -1.853050370999981, 0.0 ], [ 106.083501788000021, -1.85291592999996, 0.0 ], [ 106.083425510000012, -1.852798691999941, 0.0 ], [ 106.083339841000026, -1.852657270999964, 0.0 ], [ 106.083274978000077, -1.852551107999973, 0.0 ], [ 106.082942914000057, -1.852776093999936, 0.0 ], [ 106.08266015400001, -1.852206087999936, 0.0 ], [ 106.082487505000117, -1.852356099, 0.0 ], [ 106.082139770000126, -1.851642677999949, 0.0 ], [ 106.08199723500006, -1.851713573999953, 0.0 ], [ 106.081760359000086, -1.851039234999935, 0.0 ], [ 106.081888317, -1.851034515999989, 0.0 ], [ 106.082022543000022, -1.8510044559999, 0.0 ], [ 106.082158441000075, -1.850957941999959, 0.0 ], [ 106.08232914000007, -1.850883961999966, 0.0 ], [ 106.082538431000074, -1.85079645299992, 0.0 ], [ 106.082841236000078, -1.850651057999969, 0.0 ], [ 106.083338650000115, -1.850413512999943, 0.0 ], [ 106.084035295000021, -1.850087325999955, 0.0 ], [ 106.084533987000071, -1.849911289999956, 0.0 ], [ 106.084926982000084, -1.849745152999977, 0.0 ], [ 106.08535813900005, -1.849565486999944, 0.0 ], [ 106.085587553000025, -1.849452637999932, 0.0 ], [ 106.08568609400001, -1.849385033999934, 0.0 ], [ 106.085761158000082, -1.849323784999929, 0.0 ], [ 106.085867233000073, -1.849228315999935, 0.0 ], [ 106.086004350000053, -1.849118480999906, 0.0 ], [ 106.086185893000064, -1.848932210999949, 0.0 ], [ 106.086422365, -1.84870453299994, 0.0 ], [ 106.086717142000055, -1.84845656599994, 0.0 ], [ 106.087068950000031, -1.848179436999925, 0.0 ], [ 106.087202310000052, -1.848100413999959, 0.0 ], [ 106.087314285000076, -1.848038716999917, 0.0 ], [ 106.087453105000108, -1.84796433199998, 0.0 ], [ 106.087572211000094, -1.847907270999966, 0.0 ], [ 106.087720676000032, -1.847830780999943, 0.0 ], [ 106.087920261000122, -1.847747166999953, 0.0 ], [ 106.088272229000026, -1.847631193999949, 0.0 ], [ 106.088550326000117, -1.847554613999919, 0.0 ], [ 106.088813320000028, -1.847479319999906, 0.0 ], [ 106.088935792000129, -1.847441668999989, 0.0 ], [ 106.089080505000112, -1.84740528, 0.0 ], [ 106.089298631000034, -1.847358713999964, 0.0 ], [ 106.089449654000092, -1.847351022999949, 0.0 ], [ 106.089708258000087, -1.847374019999987, 0.0 ], [ 106.089769721000025, -1.847742751999943, 0.0 ], [ 106.088857684000061, -1.847907011999944, 0.0 ] ], [ [ 106.0936361750001, -1.852068482999919, 0.0 ], [ 106.093724983000072, -1.851758318999924, 0.0 ], [ 106.09444781400002, -1.851961015, 0.0 ], [ 106.094883394000092, -1.851405192999928, 0.0 ], [ 106.094811507000088, -1.851088497999926, 0.0 ], [ 106.094437999, -1.850748761999971, 0.0 ], [ 106.094184208000058, -1.850776281999939, 0.0 ], [ 106.094172916000019, -1.851170983, 0.0 ], [ 106.093621798000072, -1.851464022, 0.0 ], [ 106.093557386000072, -1.851242671999981, 0.0 ], [ 106.09332835500004, -1.851346457999953, 0.0 ], [ 106.093308231000051, -1.852117604999898, 0.0 ], [ 106.092977830000081, -1.852205705, 0.0 ], [ 106.092989603000078, -1.852580482999916, 0.0 ], [ 106.093101787000123, -1.85277112999997, 0.0 ], [ 106.093684326000087, -1.852643071999943, 0.0 ], [ 106.09381860900001, -1.852589094999918, 0.0 ], [ 106.093870265000106, -1.852166182999921, 0.0 ], [ 106.0936361750001, -1.852068482999919, 0.0 ] ] ], [ [ [ 106.097499803000034, -1.847064260999937, 0.0 ], [ 106.097377573000045, -1.84724464199994, 0.0 ], [ 106.097224356000069, -1.847456257999952, 0.0 ], [ 106.097072868000055, -1.847688669, 0.0 ], [ 106.096961018000044, -1.847922792, 0.0 ], [ 106.096849211000034, -1.848227994999946, 0.0 ], [ 106.095864621, -1.848260473999969, 0.0 ], [ 106.095842981, -1.848742371999962, 0.0 ], [ 106.095484705000018, -1.848729721999981, 0.0 ], [ 106.095375422000032, -1.847888327, 0.0 ], [ 106.094952435000025, -1.848163555999943, 0.0 ], [ 106.094790337000035, -1.847629353999975, 0.0 ], [ 106.094617645000127, -1.84770395099993, 0.0 ], [ 106.094457334000097, -1.847107205999937, 0.0 ], [ 106.093588290000042, -1.847317420999922, 0.0 ], [ 106.093741350000101, -1.84802360299991, 0.0 ], [ 106.093306905000034, -1.848043112000014, 0.0 ], [ 106.093309892000022, -1.84839955099993, 0.0 ], [ 106.093477505000024, -1.848423510999958, 0.0 ], [ 106.09344020100005, -1.848769615, 0.0 ], [ 106.093248263000064, -1.848760533999955, 0.0 ], [ 106.093060398000063, -1.849426467999899, 0.0 ], [ 106.092593324000063, -1.8493642249999, 0.0 ], [ 106.092764815000038, -1.848809579999927, 0.0 ], [ 106.092350679000049, -1.848624990999931, 0.0 ], [ 106.092472836000042, -1.848116354999946, 0.0 ], [ 106.092326416000091, -1.847816647999928, 0.0 ], [ 106.092000225, -1.847965830999926, 0.0 ], [ 106.091849774000082, -1.847409059999955, 0.0 ], [ 106.092002866000058, -1.847359992999981, 0.0 ], [ 106.092114024000097, -1.847329530999947, 0.0 ], [ 106.092277187, -1.847283840999986, 0.0 ], [ 106.092445384000072, -1.847223800999903, 0.0 ], [ 106.092753669000089, -1.847119766999911, 0.0 ], [ 106.093054409000018, -1.847027550999919, 0.0 ], [ 106.093313830000071, -1.846945763999902, 0.0 ], [ 106.093561245000032, -1.846855643, 0.0 ], [ 106.093837476000061, -1.846742872999902, 0.0 ], [ 106.094055479000062, -1.846672507999942, 0.0 ], [ 106.094361731000092, -1.84658293, 0.0 ], [ 106.094492094000131, -1.84657182299996, 0.0 ], [ 106.094747626000043, -1.84657050699994, 0.0 ], [ 106.094888953000108, -1.846569252999925, 0.0 ], [ 106.094981817000061, -1.846555264999922, 0.0 ], [ 106.095271346000033, -1.846616852999955, 0.0 ], [ 106.095293813000026, -1.846621631999906, 0.0 ], [ 106.095472470000075, -1.846659635999942, 0.0 ], [ 106.095860018000067, -1.846720090999971, 0.0 ], [ 106.096235668000062, -1.846743774999976, 0.0 ], [ 106.096317594000098, -1.846753096999948, 0.0 ], [ 106.096468743000074, -1.84677029599995, 0.0 ], [ 106.096787730000088, -1.846792169999984, 0.0 ], [ 106.097124075000039, -1.846811272999966, 0.0 ], [ 106.097534468000063, -1.84684412499993, 0.0 ], [ 106.097616286000076, -1.846857679999986, 0.0 ], [ 106.097499803000034, -1.847064260999937, 0.0 ] ] ] ] } },
{ "type": "Feature", "properties": { "fid": 36, "NAMOBJ": "Parit Tujuh", "FCODE": null, "REMARK": "Permukiman dan Tempat Kegiatan", "SRS_ID": null, "LCODE": "GA0040", "METADATA": null, "SHAPE_Leng": 0.01710015337, "SHAPE_Area": 3.01032e-06 }, "geometry": { "type": "MultiPolygon", "coordinates": [ [ [ [ 106.089452233000131, -1.855682204999959, 0.0 ], [ 106.089425898000087, -1.855798098999956, 0.0 ], [ 106.089029355000051, -1.855745170000017, 0.0 ], [ 106.088984126000042, -1.856168232999939, 0.0 ], [ 106.088725652000051, -1.856140649999966, 0.0 ], [ 106.088907769000031, -1.855291004, 0.0 ], [ 106.088865726, -1.855279244000013, 0.0 ], [ 106.088903552000033, -1.855155774999923, 0.0 ], [ 106.088494781000051, -1.855045762999969, 0.0 ], [ 106.088497826000037, -1.854688432999979, 0.0 ], [ 106.088570332000089, -1.85464968199997, 0.0 ], [ 106.088656953000054, -1.854627168999973, 0.0 ], [ 106.088765889000101, -1.85460995999997, 0.0 ], [ 106.088873084000085, -1.854609603999941, 0.0 ], [ 106.088948852000044, -1.854613989999948, 0.0 ], [ 106.089052525000099, -1.854632830999908, 0.0 ], [ 106.089239920000068, -1.85469653999994, 0.0 ], [ 106.089442327000114, -1.854801813999946, 0.0 ], [ 106.089474466000112, -1.854964975999946, 0.0 ], [ 106.089485363000037, -1.855055243999954, 0.0 ], [ 106.089496771000086, -1.855171797999916, 0.0 ], [ 106.089502773000049, -1.855313149999977, 0.0 ], [ 106.089501895000069, -1.855480303999951, 0.0 ], [ 106.089452233000131, -1.855682204999959, 0.0 ] ] ], [ [ [ 106.093876132000062, -1.85437070099998, 0.0 ], [ 106.094125532000092, -1.8547905309999, 0.0 ], [ 106.094228892000032, -1.854753714999963, 0.0 ], [ 106.094316584000083, -1.855027586999975, 0.0 ], [ 106.093941731000072, -1.855149184, 0.0 ], [ 106.09381678400004, -1.854828171999906, 0.0 ], [ 106.093122231000038, -1.855119182999915, 0.0 ], [ 106.093148454000072, -1.855176723999969, 0.0 ], [ 106.09172136200003, -1.855618671999943, 0.0 ], [ 106.091743534000088, -1.855813526999989, 0.0 ], [ 106.091125358000099, -1.855898522999916, 0.0 ], [ 106.09112525400009, -1.85572861099998, 0.0 ], [ 106.090734455000089, -1.855708048999966, 0.0 ], [ 106.090722266000057, -1.856062434999978, 0.0 ], [ 106.090225309000061, -1.856016275999978, 0.0 ], [ 106.09024656000004, -1.855824857999949, 0.0 ], [ 106.089833689000073, -1.855771021999936, 0.0 ], [ 106.089848074000116, -1.855625378999965, 0.0 ], [ 106.089708140000084, -1.855599115999923, 0.0 ], [ 106.089697625000014, -1.854973720999959, 0.0 ], [ 106.089774605000073, -1.855032477999935, 0.0 ], [ 106.089848050000015, -1.855088867999982, 0.0 ], [ 106.089926211, -1.85515324199998, 0.0 ], [ 106.090022571000077, -1.855223800999956, 0.0 ], [ 106.090113348000031, -1.855279004, 0.0 ], [ 106.090216169000101, -1.855332128999948, 0.0 ], [ 106.090336882000059, -1.855358348999986, 0.0 ], [ 106.090473141000047, -1.855358852999939, 0.0 ], [ 106.090595014000101, -1.855356415999915, 0.0 ], [ 106.090774727000039, -1.855337688999964, 0.0 ], [ 106.091037540000031, -1.855317725, 0.0 ], [ 106.091451598000091, -1.855298852999948, 0.0 ], [ 106.09169063700007, -1.855284230999893, 0.0 ], [ 106.091825715000056, -1.855264934999984, 0.0 ], [ 106.091981627000067, -1.855225543999922, 0.0 ], [ 106.092203001000087, -1.855151829999952, 0.0 ], [ 106.09243230500006, -1.855067762999924, 0.0 ], [ 106.09264898400005, -1.854990216, 0.0 ], [ 106.09289472200004, -1.854892552, 0.0 ], [ 106.093186832000043, -1.854753484999944, 0.0 ], [ 106.093601355000061, -1.854524229999893, 0.0 ], [ 106.093876132000062, -1.85437070099998, 0.0 ] ] ] ] } },
{ "type": "Feature", "properties": { "fid": 37, "NAMOBJ": "Parittujulama", "FCODE": null, "REMARK": "Permukiman dan Tempat Kegiatan", "SRS_ID": null, "LCODE": "GA0040", "METADATA": null, "SHAPE_Leng": 0.00802818453, "SHAPE_Area": 1.51152e-06 }, "geometry": { "type": "MultiPolygon", "coordinates": [ [ [ [ 106.088832582000109, -1.85968738199997, 0.0 ], [ 106.088649920000094, -1.860481578999956, 0.0 ], [ 106.088179040000043, -1.86040564499998, 0.0 ], [ 106.088134048000043, -1.860643100999909, 0.0 ], [ 106.088002315000068, -1.860634931999944, 0.0 ], [ 106.087701629000065, -1.860616287, 0.0 ], [ 106.087712615000086, -1.860559964999958, 0.0 ], [ 106.087750381, -1.860366353999926, 0.0 ], [ 106.08755379500009, -1.860343318999974, 0.0 ], [ 106.087680930000033, -1.859697747999939, 0.0 ], [ 106.087961929000102, -1.859748707999892, 0.0 ], [ 106.08800783000008, -1.859542205999948, 0.0 ], [ 106.088314061000105, -1.85962608399996, 0.0 ], [ 106.088832582000109, -1.85968738199997, 0.0 ] ] ], [ [ [ 106.089406070000038, -1.858382455, 0.0 ], [ 106.089451625000081, -1.858725660999977, 0.0 ], [ 106.08891923200008, -1.858683874999984, 0.0 ], [ 106.088904171000081, -1.859148944999917, 0.0 ], [ 106.0883633320001, -1.859129985999947, 0.0 ], [ 106.088358410000041, -1.858844645999963, 0.0 ], [ 106.088397702000094, -1.858414106999956, 0.0 ], [ 106.088853244000049, -1.858415153999954, 0.0 ], [ 106.08899300800006, -1.858414406999981, 0.0 ], [ 106.089406070000038, -1.858382455, 0.0 ] ] ] ] } },
{ "type": "Feature", "properties": { "fid": 38, "NAMOBJ": "S. Parman", "FCODE": null, "REMARK": "Permukiman dan Tempat Kegiatan", "SRS_ID": null, "LCODE": "GA0040", "METADATA": null, "SHAPE_Leng": 0.04231488481, "SHAPE_Area": 3.322035e-05 }, "geometry": { "type": "MultiPolygon", "coordinates": [ [ [ [ 106.119383370000051, -1.855303591999896, 0.0 ], [ 106.119385454000039, -1.855557352999932, 0.0 ], [ 106.119393815000109, -1.855730016999918, 0.0 ], [ 106.119201864000047, -1.855727678999902, 0.0 ], [ 106.118876642000046, -1.855710663, 0.0 ], [ 106.118592183000047, -1.855714942, 0.0 ], [ 106.118299166000043, -1.855718411999935, 0.0 ], [ 106.118097440000057, -1.855723867999942, 0.0 ], [ 106.117660095000105, -1.855730658999971, 0.0 ], [ 106.117556227000037, -1.855701253999936, 0.0 ], [ 106.117347567000095, -1.855700971, 0.0 ], [ 106.11687609100008, -1.855770160999954, 0.0 ], [ 106.116475110000025, -1.855821676999953, 0.0 ], [ 106.11608066400008, -1.85588712699995, 0.0 ], [ 106.115622224000063, -1.855943598999915, 0.0 ], [ 106.115234278000031, -1.855995920999892, 0.0 ], [ 106.115019533000023, -1.856027218, 0.0 ], [ 106.114964524000101, -1.856039970999984, 0.0 ], [ 106.114883439000053, -1.856072415, 0.0 ], [ 106.114862663000011, -1.85608595999997, 0.0 ], [ 106.114639065000077, -1.856305481999926, 0.0 ], [ 106.114324639000088, -1.856605032999931, 0.0 ], [ 106.113990658000077, -1.856914835999896, 0.0 ], [ 106.113762139000087, -1.857086392999968, 0.0 ], [ 106.113602856000057, -1.857197617999934, 0.0 ], [ 106.113298971000049, -1.857404482999908, 0.0 ], [ 106.113030102, -1.85757195899991, 0.0 ], [ 106.112852892, -1.857679096999981, 0.0 ], [ 106.112687497000081, -1.857403928999951, 0.0 ], [ 106.11252001700008, -1.857157029999951, 0.0 ], [ 106.112395348000064, -1.856971602999974, 0.0 ], [ 106.112362127000068, -1.856922190999971, 0.0 ], [ 106.112296862000079, -1.856822369999972, 0.0 ], [ 106.112281003000106, -1.856763039999948, 0.0 ], [ 106.112287187000078, -1.85669019399996, 0.0 ], [ 106.112305848000034, -1.856629875999944, 0.0 ], [ 106.112324520000058, -1.856586924999942, 0.0 ], [ 106.112375774000043, -1.856505363999944, 0.0 ], [ 106.11241075, -1.856473023999933, 0.0 ], [ 106.112477367000096, -1.856434383999933, 0.0 ], [ 106.112676284000131, -1.856335364, 0.0 ], [ 106.112889082000052, -1.856209794999914, 0.0 ], [ 106.113278730000062, -1.855972673999923, 0.0 ], [ 106.113436409000045, -1.855887183999955, 0.0 ], [ 106.113679518000083, -1.855715193000024, 0.0 ], [ 106.113876369000124, -1.855603726999949, 0.0 ], [ 106.113773985000094, -1.855373782999931, 0.0 ], [ 106.114003147000048, -1.855253033999888, 0.0 ], [ 106.113884222000067, -1.854951966999935, 0.0 ], [ 106.113606363000073, -1.855073885999986, 0.0 ], [ 106.113612422000045, -1.855173382999959, 0.0 ], [ 106.113397817000049, -1.855213092999958, 0.0 ], [ 106.11338188200007, -1.854888215999989, 0.0 ], [ 106.113371952000037, -1.854836987999925, 0.0 ], [ 106.113457092000075, -1.854819973999938, 0.0 ], [ 106.113442738000032, -1.854564727999958, 0.0 ], [ 106.1137708750001, -1.854484195999956, 0.0 ], [ 106.113541601000051, -1.853793553999922, 0.0 ], [ 106.113523765000082, -1.85364898199995, 0.0 ], [ 106.11302276100011, -1.853867069999965, 0.0 ], [ 106.112885182000085, -1.853723468999896, 0.0 ], [ 106.112556165000044, -1.853805782999957, 0.0 ], [ 106.112539467, -1.854059257999968, 0.0 ], [ 106.11253951, -1.854127089999985, 0.0 ], [ 106.112767568000038, -1.854282238999944, 0.0 ], [ 106.112908694000083, -1.854434764999952, 0.0 ], [ 106.113202320000127, -1.854496160999969, 0.0 ], [ 106.113218542000055, -1.854907586, 0.0 ], [ 106.1130258580001, -1.854910783, 0.0 ], [ 106.112736884000071, -1.854969607999974, 0.0 ], [ 106.112673605000083, -1.854981850999921, 0.0 ], [ 106.112617450000059, -1.855004173999903, 0.0 ], [ 106.112578430000028, -1.855025428999974, 0.0 ], [ 106.112511752000017, -1.855081190999969, 0.0 ], [ 106.112204421000072, -1.855312489000011, 0.0 ], [ 106.112162516000069, -1.855348869999912, 0.0 ], [ 106.112133000000114, -1.855374097999957, 0.0 ], [ 106.112091892000095, -1.855420554999982, 0.0 ], [ 106.112049742000067, -1.855481610999971, 0.0 ], [ 106.112029468000074, -1.855536014999942, 0.0 ], [ 106.112022917000061, -1.855597845, 0.0 ], [ 106.112024017000067, -1.855674784999967, 0.0 ], [ 106.112027756000117, -1.855745626999966, 0.0 ], [ 106.112032018000022, -1.855819390999941, 0.0 ], [ 106.112033385000046, -1.855891825999984, 0.0 ], [ 106.112032119000034, -1.855980184000011, 0.0 ], [ 106.112031112000039, -1.856052882999987, 0.0 ], [ 106.112029307000057, -1.856127183999917, 0.0 ], [ 106.112019341000035, -1.856204130999978, 0.0 ], [ 106.112003028000018, -1.85626915199994, 0.0 ], [ 106.111929989000018, -1.856430722999986, 0.0 ], [ 106.111659104000069, -1.856434756999964, 0.0 ], [ 106.111255890000024, -1.856452858999952, 0.0 ], [ 106.111287623000067, -1.855803895, 0.0 ], [ 106.111312546000093, -1.855278010999911, 0.0 ], [ 106.11134725600003, -1.854829326, 0.0 ], [ 106.111352428000018, -1.854762481999978, 0.0 ], [ 106.111373845000102, -1.854394776999929, 0.0 ], [ 106.111424640000038, -1.854024973999974, 0.0 ], [ 106.111488973000036, -1.853869874999931, 0.0 ], [ 106.111559479000093, -1.853698164999934, 0.0 ], [ 106.111631973000044, -1.85352672499996, 0.0 ], [ 106.111763310000086, -1.853478402999959, 0.0 ], [ 106.111925786000114, -1.853385674000013, 0.0 ], [ 106.112176924000025, -1.853228729, 0.0 ], [ 106.112485586000062, -1.853070780999894, 0.0 ], [ 106.112727133000064, -1.852915768999947, 0.0 ], [ 106.113053041000029, -1.852719691999977, 0.0 ], [ 106.113395600000047, -1.852500338999946, 0.0 ], [ 106.113509146000112, -1.852426866, 0.0 ], [ 106.113509173000025, -1.852426847999905, 0.0 ], [ 106.113510014000013, -1.852426303999949, 0.0 ], [ 106.113625276000036, -1.852351720999907, 0.0 ], [ 106.113953117000079, -1.852187011999956, 0.0 ], [ 106.114196598000063, -1.852062870999899, 0.0 ], [ 106.114373468000039, -1.851987021999929, 0.0 ], [ 106.114546031000103, -1.851923711999931, 0.0 ], [ 106.114758389000087, -1.851857002, 0.0 ], [ 106.114981307000065, -1.851814410999947, 0.0 ], [ 106.115280608000049, -1.851754312999948, 0.0 ], [ 106.115690795000063, -1.851661028999957, 0.0 ], [ 106.115943423, -1.851587537999916, 0.0 ], [ 106.116545994000035, -1.851429401999977, 0.0 ], [ 106.116625080000091, -1.851394617999941, 0.0 ], [ 106.116860935000062, -1.851338513, 0.0 ], [ 106.117096303, -1.851266478999908, 0.0 ], [ 106.117292838000097, -1.851213772999899, 0.0 ], [ 106.117596757000015, -1.851120465999906, 0.0 ], [ 106.117981012000101, -1.851019907999935, 0.0 ], [ 106.117974157000063, -1.85132721499996, 0.0 ], [ 106.117946914000029, -1.851765223999963, 0.0 ], [ 106.118038671000079, -1.851664361999966, 0.0 ], [ 106.118071248000021, -1.851632989999946, 0.0 ], [ 106.118125404000054, -1.851590495999983, 0.0 ], [ 106.118190106000085, -1.851554761999957, 0.0 ], [ 106.118191465000024, -1.851428847999931, 0.0 ], [ 106.118189971000078, -1.851339596999918, 0.0 ], [ 106.118246979000077, -1.851260927999893, 0.0 ], [ 106.118317923000092, -1.85124110099994, 0.0 ], [ 106.118453113000086, -1.851217378999931, 0.0 ], [ 106.118711049000112, -1.851209489999989, 0.0 ], [ 106.118713402000125, -1.851133750999939, 0.0 ], [ 106.118728219000019, -1.851066687999986, 0.0 ], [ 106.118762701000037, -1.851005391999977, 0.0 ], [ 106.118864787000035, -1.850945987999947, 0.0 ], [ 106.11890315700002, -1.850963330999961, 0.0 ], [ 106.119135190000037, -1.850935205999943, 0.0 ], [ 106.119538578000103, -1.850826313, 0.0 ], [ 106.119506560000033, -1.850672714999985, 0.0 ], [ 106.119482467000083, -1.850485062999913, 0.0 ], [ 106.119457896000085, -1.850295006, 0.0 ], [ 106.119417029, -1.850109780999948, 0.0 ], [ 106.119324386000059, -1.849872783999968, 0.0 ], [ 106.119565961000063, -1.849780122999939, 0.0 ], [ 106.119612947000036, -1.84977381599995, 0.0 ], [ 106.11968396900005, -1.84992339199998, 0.0 ], [ 106.11986116900006, -1.850374349999901, 0.0 ], [ 106.119977846000026, -1.850647323000016, 0.0 ], [ 106.120100280000131, -1.850924642999957, 0.0 ], [ 106.120172773, -1.85108234999995, 0.0 ], [ 106.120242398000073, -1.851255011999936, 0.0 ], [ 106.120282277000086, -1.851384761999925, 0.0 ], [ 106.120282804000041, -1.85146532999993, 0.0 ], [ 106.120253131000069, -1.851539159, 0.0 ], [ 106.120212892000026, -1.851594660999972, 0.0 ], [ 106.12018893200009, -1.851620727, 0.0 ], [ 106.120119930000058, -1.851681076999928, 0.0 ], [ 106.119995328000059, -1.85177378199996, 0.0 ], [ 106.119715021000047, -1.852047495999959, 0.0 ], [ 106.119722812000063, -1.852227911999965, 0.0 ], [ 106.119729125000063, -1.852360577999929, 0.0 ], [ 106.119730163000057, -1.852482148999951, 0.0 ], [ 106.119726876000044, -1.852601795999903, 0.0 ], [ 106.119706339000032, -1.852722411999935, 0.0 ], [ 106.119684348000078, -1.852820360999957, 0.0 ], [ 106.11965133000011, -1.852922170999943, 0.0 ], [ 106.119586248000047, -1.853127246999947, 0.0 ], [ 106.119520192, -1.853299515, 0.0 ], [ 106.119476646000038, -1.853429308999982, 0.0 ], [ 106.119433594000029, -1.853584682999959, 0.0 ], [ 106.119399640000069, -1.853727985, 0.0 ], [ 106.119374310000097, -1.853848604999947, 0.0 ], [ 106.119346571000023, -1.853967778999949, 0.0 ], [ 106.119324597000073, -1.854090810999915, 0.0 ], [ 106.119319418000089, -1.854247120999969, 0.0 ], [ 106.119329084000086, -1.854364831999939, 0.0 ], [ 106.119345465000023, -1.854496035999959, 0.0 ], [ 106.119358479000127, -1.854606020999911, 0.0 ], [ 106.119370066000016, -1.854732893999928, 0.0 ], [ 106.119376377, -1.854848192999964, 0.0 ], [ 106.119379800000019, -1.854957694999965, 0.0 ], [ 106.119385153000025, -1.85508119899997, 0.0 ], [ 106.119383370000051, -1.855303591999896, 0.0 ] ], [ [ 106.114718968000034, -1.85273356299997, 0.0 ], [ 106.114659391000075, -1.852340573999961, 0.0 ], [ 106.114335088000061, -1.852414734999969, 0.0 ], [ 106.113885550000077, -1.85253111, 0.0 ], [ 106.113954941000046, -1.852804022999938, 0.0 ], [ 106.11423806800012, -1.852769017999973, 0.0 ], [ 106.114259305000104, -1.852989895999952, 0.0 ], [ 106.114677214000039, -1.852911360999937, 0.0 ], [ 106.114656678000117, -1.85274620299995, 0.0 ], [ 106.114718968000034, -1.85273356299997, 0.0 ] ] ] ] } },
{ "type": "Feature", "properties": { "fid": 39, "NAMOBJ": "Samratulangi", "FCODE": null, "REMARK": "Permukiman dan Tempat Kegiatan", "SRS_ID": null, "LCODE": "GA0040", "METADATA": null, "SHAPE_Leng": 0.0526071326, "SHAPE_Area": 1.961933e-05 }, "geometry": { "type": "MultiPolygon", "coordinates": [ [ [ [ 106.106970190000069, -1.863458081999942, 0.0 ], [ 106.107352050000131, -1.863605282999953, 0.0 ], [ 106.107634983000096, -1.86368741799991, 0.0 ], [ 106.10801383400009, -1.863823764999911, 0.0 ], [ 106.108407670000076, -1.863956484999968, 0.0 ], [ 106.108815897000014, -1.864102157999942, 0.0 ], [ 106.109195053000036, -1.864235184999935, 0.0 ], [ 106.109725865000073, -1.864425410999954, 0.0 ], [ 106.110222506000042, -1.864598470999973, 0.0 ], [ 106.110855531000112, -1.864828123999968, 0.0 ], [ 106.111382366, -1.865025016999916, 0.0 ], [ 106.111336787000056, -1.865122637999911, 0.0 ], [ 106.111268899000024, -1.865401526999983, 0.0 ], [ 106.111242023000031, -1.86543599, 0.0 ], [ 106.11118213900005, -1.86547293299994, 0.0 ], [ 106.111115329000114, -1.865503729999912, 0.0 ], [ 106.11101877400003, -1.865555866999963, 0.0 ], [ 106.110928761000039, -1.86564409099998, 0.0 ], [ 106.110880023000092, -1.865700650999952, 0.0 ], [ 106.110899712000034, -1.865694998999929, 0.0 ], [ 106.110968440000036, -1.86566878699998, 0.0 ], [ 106.111027125000092, -1.865640707999966, 0.0 ], [ 106.111081359000053, -1.865609267999941, 0.0 ], [ 106.111128904000083, -1.865578202999946, 0.0 ], [ 106.111182006000035, -1.865532931999931, 0.0 ], [ 106.111218401000116, -1.865497015999979, 0.0 ], [ 106.111256647000076, -1.865459977999934, 0.0 ], [ 106.111302328000036, -1.865423306, 0.0 ], [ 106.111325711000021, -1.865381047999976, 0.0 ], [ 106.111373983000107, -1.865317084000012, 0.0 ], [ 106.111462015000114, -1.86526767600001, 0.0 ], [ 106.111533345000055, -1.865247060999903, 0.0 ], [ 106.111634020000039, -1.865217092, 0.0 ], [ 106.111748086000063, -1.865208788999934, 0.0 ], [ 106.111840605000083, -1.865201628999963, 0.0 ], [ 106.111870979000017, -1.865196988999934, 0.0 ], [ 106.111879080000065, -1.865199964999914, 0.0 ], [ 106.112476166000093, -1.865419275999941, 0.0 ], [ 106.112693775000068, -1.865509285000017, 0.0 ], [ 106.112528878, -1.865685505999942, 0.0 ], [ 106.112106155000021, -1.865904331999929, 0.0 ], [ 106.111652362000044, -1.866138013, 0.0 ], [ 106.111551551000062, -1.866181784999971, 0.0 ], [ 106.111393778000064, -1.866262091999954, 0.0 ], [ 106.111256332000053, -1.866347197999979, 0.0 ], [ 106.111172283000116, -1.866413011999918, 0.0 ], [ 106.110836122000109, -1.866748478999964, 0.0 ], [ 106.11077677600008, -1.866811880999969, 0.0 ], [ 106.110178134000108, -1.867410178999912, 0.0 ], [ 106.109777058000049, -1.8678318999999, 0.0 ], [ 106.109493872000073, -1.868121210999946, 0.0 ], [ 106.109003586000085, -1.868635632999966, 0.0 ], [ 106.108771381000068, -1.868868765999893, 0.0 ], [ 106.108409331000033, -1.869233520999964, 0.0 ], [ 106.108185895000119, -1.869473875999955, 0.0 ], [ 106.107999514000056, -1.869696160999962, 0.0 ], [ 106.107820324000059, -1.869946102999948, 0.0 ], [ 106.10774825200005, -1.870060438999904, 0.0 ], [ 106.107703776, -1.870240589999978, 0.0 ], [ 106.107613824000026, -1.870499638999918, 0.0 ], [ 106.107531116000118, -1.870809681, 0.0 ], [ 106.107484598000084, -1.870990973999981, 0.0 ], [ 106.107458834000084, -1.871207539999959, 0.0 ], [ 106.107402691000061, -1.871675210999929, 0.0 ], [ 106.107044889000036, -1.87170925, 0.0 ], [ 106.107060761000099, -1.871259396999986, 0.0 ], [ 106.106877214000107, -1.871256501999924, 0.0 ], [ 106.106886497000076, -1.87112156399995, 0.0 ], [ 106.106787973000095, -1.871114841999927, 0.0 ], [ 106.106796491000082, -1.870949004999972, 0.0 ], [ 106.106552952000101, -1.870856062999921, 0.0 ], [ 106.106470997000059, -1.870978980999966, 0.0 ], [ 106.106284028000047, -1.870852090999947, 0.0 ], [ 106.106234657000044, -1.870924658, 0.0 ], [ 106.106206831000051, -1.870993095999979, 0.0 ], [ 106.106192396000012, -1.871083958999948, 0.0 ], [ 106.1061686500001, -1.871148657999883, 0.0 ], [ 106.106124735, -1.87132217899994, 0.0 ], [ 106.106067791000015, -1.871318443999898, 0.0 ], [ 106.106034136000062, -1.871407418999977, 0.0 ], [ 106.105822471000053, -1.871352148999933, 0.0 ], [ 106.105998370000037, -1.870512304999989, 0.0 ], [ 106.105569408000079, -1.870405541999948, 0.0 ], [ 106.105833585000084, -1.870049875999919, 0.0 ], [ 106.105611999000047, -1.869927955999956, 0.0 ], [ 106.105891179000054, -1.869382514999946, 0.0 ], [ 106.107158573000021, -1.869872584999904, 0.0 ], [ 106.107624851000054, -1.869117412999949, 0.0 ], [ 106.107354403000059, -1.868876123999969, 0.0 ], [ 106.10784717000007, -1.868315956999894, 0.0 ], [ 106.108991001000021, -1.867304303999945, 0.0 ], [ 106.110137530000117, -1.866397459999964, 0.0 ], [ 106.109934085000077, -1.865971427999974, 0.0 ], [ 106.108962691000087, -1.866255620999952, 0.0 ], [ 106.108038247000067, -1.866504958999976, 0.0 ], [ 106.106838625000108, -1.866740459000011, 0.0 ], [ 106.106710511000074, -1.865805115999891, 0.0 ], [ 106.107458863, -1.865684752999969, 0.0 ], [ 106.107859896000051, -1.865638908999906, 0.0 ], [ 106.107885236000101, -1.865909055999965, 0.0 ], [ 106.109507762000064, -1.865599031999982, 0.0 ], [ 106.109997676, -1.86545182199997, 0.0 ], [ 106.109994095000062, -1.865102305999916, 0.0 ], [ 106.107927916000079, -1.864379250999954, 0.0 ], [ 106.107842459000025, -1.864580232999974, 0.0 ], [ 106.107085476000108, -1.864325754999968, 0.0 ], [ 106.106780299000079, -1.864697410999988, 0.0 ], [ 106.106019958000047, -1.864436177999957, 0.0 ], [ 106.105551946000048, -1.864718449999953, 0.0 ], [ 106.10584757, -1.865170783999898, 0.0 ], [ 106.105055743000023, -1.865551195999932, 0.0 ], [ 106.104701255000094, -1.864884466000011, 0.0 ], [ 106.104169425000052, -1.865095860999916, 0.0 ], [ 106.104040239000113, -1.865136466999989, 0.0 ], [ 106.103877286000042, -1.864856275999988, 0.0 ], [ 106.102891020000058, -1.865586328999908, 0.0 ], [ 106.102563887000088, -1.865740191999937, 0.0 ], [ 106.102474781000083, -1.865466710999958, 0.0 ], [ 106.102298207000047, -1.865564458999963, 0.0 ], [ 106.102291869000055, -1.865567967999898, 0.0 ], [ 106.102341327000062, -1.865120296999984, 0.0 ], [ 106.102353743000023, -1.865115069, 0.0 ], [ 106.102864334000074, -1.864900079999971, 0.0 ], [ 106.103228112000068, -1.864721969999978, 0.0 ], [ 106.103469758000074, -1.864592683999938, 0.0 ], [ 106.103633603000048, -1.864500262000019, 0.0 ], [ 106.103824232000093, -1.864384493999943, 0.0 ], [ 106.104198774000082, -1.864111471999913, 0.0 ], [ 106.104704125000069, -1.863676035999945, 0.0 ], [ 106.105229590000107, -1.863262368999913, 0.0 ], [ 106.105582654000017, -1.863002340999981, 0.0 ], [ 106.105781183, -1.863042132999987, 0.0 ], [ 106.106140846000102, -1.863156485999945, 0.0 ], [ 106.106598230000117, -1.863318111999907, 0.0 ], [ 106.106970190000069, -1.863458081999942, 0.0 ] ] ] ] } },
{ "type": "Feature", "properties": { "fid": 40, "NAMOBJ": "Senanghati", "FCODE": null, "REMARK": "Permukiman dan Tempat Kegiatan", "SRS_ID": null, "LCODE": "GA0040", "METADATA": null, "SHAPE_Leng": 0.0147342346, "SHAPE_Area": 9.26452e-06 }, "geometry": { "type": "MultiPolygon", "coordinates": [ [ [ [ 106.117660095000105, -1.855730658999971, 0.0 ], [ 106.117617669000055, -1.856299758999985, 0.0 ], [ 106.117609843000125, -1.856404741999968, 0.0 ], [ 106.117604280000108, -1.856636400999951, 0.0 ], [ 106.117588483000048, -1.856761654999922, 0.0 ], [ 106.117543802000071, -1.857188168999952, 0.0 ], [ 106.117495953000031, -1.857822468999943, 0.0 ], [ 106.117468422000059, -1.858344230999948, 0.0 ], [ 106.117191865000095, -1.85832064399995, 0.0 ], [ 106.11681797100006, -1.858289140999919, 0.0 ], [ 106.116198042000107, -1.858220644999936, 0.0 ], [ 106.115796967000051, -1.858195237999966, 0.0 ], [ 106.115707358000094, -1.858196307999965, 0.0 ], [ 106.115642247000039, -1.858198709999987, 0.0 ], [ 106.115567090000042, -1.85822104599997, 0.0 ], [ 106.115526835000082, -1.858253155999962, 0.0 ], [ 106.115471823000064, -1.858304514999948, 0.0 ], [ 106.11543325500007, -1.858344728999989, 0.0 ], [ 106.115384971000069, -1.858414327999975, 0.0 ], [ 106.115348425000064, -1.858482563999936, 0.0 ], [ 106.115318619000078, -1.858575108999955, 0.0 ], [ 106.114936936000035, -1.858523637999959, 0.0 ], [ 106.114942840000083, -1.858304805999972, 0.0 ], [ 106.114857588000035, -1.85830012899994, 0.0 ], [ 106.114852729000077, -1.858035379999973, 0.0 ], [ 106.114161301000067, -1.857948692, 0.0 ], [ 106.11413866500007, -1.858249930999961, 0.0 ], [ 106.113930396000057, -1.858229239999937, 0.0 ], [ 106.113913352000068, -1.858441666000016, 0.0 ], [ 106.113329012000037, -1.858375126999928, 0.0 ], [ 106.112956450000041, -1.858333392999939, 0.0 ], [ 106.112856234000091, -1.858307404999921, 0.0 ], [ 106.112793408000044, -1.858284287999962, 0.0 ], [ 106.112709455000115, -1.858202334999931, 0.0 ], [ 106.112542902000101, -1.857912622999941, 0.0 ], [ 106.112852892, -1.857679096999981, 0.0 ], [ 106.113030102, -1.85757195899991, 0.0 ], [ 106.113298971000049, -1.857404482999908, 0.0 ], [ 106.113602856000057, -1.857197617999934, 0.0 ], [ 106.113762139000087, -1.857086392999968, 0.0 ], [ 106.113990658000077, -1.856914835999896, 0.0 ], [ 106.114324639000088, -1.856605032999931, 0.0 ], [ 106.114639065000077, -1.856305481999926, 0.0 ], [ 106.114862663000011, -1.85608595999997, 0.0 ], [ 106.114883439000053, -1.856072415, 0.0 ], [ 106.114964524000101, -1.856039970999984, 0.0 ], [ 106.115019533000023, -1.856027218, 0.0 ], [ 106.115234278000031, -1.855995920999892, 0.0 ], [ 106.115622224000063, -1.855943598999915, 0.0 ], [ 106.11608066400008, -1.85588712699995, 0.0 ], [ 106.116475110000025, -1.855821676999953, 0.0 ], [ 106.11687609100008, -1.855770160999954, 0.0 ], [ 106.117347567000095, -1.855700971, 0.0 ], [ 106.117556227000037, -1.855701253999936, 0.0 ], [ 106.117660095000105, -1.855730658999971, 0.0 ] ] ] ] } },
{ "type": "Feature", "properties": { "fid": 41, "NAMOBJ": "Sidodadi", "FCODE": null, "REMARK": "Permukiman dan Tempat Kegiatan", "SRS_ID": null, "LCODE": "GA0040", "METADATA": null, "SHAPE_Leng": 0.01936494061, "SHAPE_Area": 1.005436e-05 }, "geometry": { "type": "MultiPolygon", "coordinates": [ [ [ [ 106.11666454300007, -1.866812497999931, 0.0 ], [ 106.116657169000078, -1.866809912999984, 0.0 ], [ 106.11617472600004, -1.866640774999934, 0.0 ], [ 106.11579858, -1.866516783999978, 0.0 ], [ 106.115182347000086, -1.866315164, 0.0 ], [ 106.114590690000071, -1.866110208999911, 0.0 ], [ 106.114372191000115, -1.866034066999917, 0.0 ], [ 106.114123716000066, -1.865938939999951, 0.0 ], [ 106.113509588000056, -1.865737317999966, 0.0 ], [ 106.113126249000047, -1.865613937999972, 0.0 ], [ 106.112693775000068, -1.865509285000017, 0.0 ], [ 106.112476166000093, -1.865419275999941, 0.0 ], [ 106.111879080000065, -1.865199964999914, 0.0 ], [ 106.111879107000064, -1.86519985, 0.0 ], [ 106.111916777000076, -1.865189992999977, 0.0 ], [ 106.112016351000051, -1.865181327999971, 0.0 ], [ 106.112174992000035, -1.865147947999962, 0.0 ], [ 106.112254494000041, -1.865116121, 0.0 ], [ 106.11230203500007, -1.865092164999965, 0.0 ], [ 106.112346986000063, -1.86506633899996, 0.0 ], [ 106.112404183000081, -1.865029658999945, 0.0 ], [ 106.112441322000052, -1.865004589, 0.0 ], [ 106.112563904000069, -1.864943941999958, 0.0 ], [ 106.112616650000078, -1.864905773, 0.0 ], [ 106.112656384000076, -1.864875082999945, 0.0 ], [ 106.112709490000029, -1.86482420499991, 0.0 ], [ 106.11276520600002, -1.864791270999938, 0.0 ], [ 106.112841727000045, -1.86474859999996, 0.0 ], [ 106.112943134, -1.864695066999972, 0.0 ], [ 106.113012590000068, -1.864653522, 0.0 ], [ 106.113134055000074, -1.864587638999965, 0.0 ], [ 106.113314210000055, -1.864486955999983, 0.0 ], [ 106.113453870000072, -1.864408352999964, 0.0 ], [ 106.113558612000119, -1.864341357999927, 0.0 ], [ 106.113649618000096, -1.864287090999967, 0.0 ], [ 106.113725756000093, -1.864234695999895, 0.0 ], [ 106.113860941, -1.864130668, 0.0 ], [ 106.11392445200002, -1.864085761999918, 0.0 ], [ 106.114012863000042, -1.864036732999947, 0.0 ], [ 106.114106470000067, -1.863989185, 0.0 ], [ 106.114217164000081, -1.863935655999932, 0.0 ], [ 106.114312628000064, -1.863882497999975, 0.0 ], [ 106.114414769000078, -1.863822985999936, 0.0 ], [ 106.114574118000036, -1.863732781999933, 0.0 ], [ 106.114680724000067, -1.863669901999971, 0.0 ], [ 106.114760208000064, -1.863620128999938, 0.0 ], [ 106.114841183000109, -1.863569602999932, 0.0 ], [ 106.114991257000085, -1.863496971999962, 0.0 ], [ 106.115109006000054, -1.863441565, 0.0 ], [ 106.1152275110001, -1.863388021999918, 0.0 ], [ 106.115312574000114, -1.863348709999952, 0.0 ], [ 106.115483087000101, -1.86328130299997, 0.0 ], [ 106.115579669000098, -1.863234132999975, 0.0 ], [ 106.115693337, -1.863179850999924, 0.0 ], [ 106.11580217200013, -1.863129677999948, 0.0 ], [ 106.115896528000022, -1.863085873999965, 0.0 ], [ 106.116096756000076, -1.86299938, 0.0 ], [ 106.116195938000018, -1.862953700999953, 0.0 ], [ 106.11628843400004, -1.862911398999917, 0.0 ], [ 106.116393931000061, -1.862872815999922, 0.0 ], [ 106.116473059000029, -1.862843231999961, 0.0 ], [ 106.116574472000082, -1.862800173999951, 0.0 ], [ 106.116687413000093, -1.862761215999925, 0.0 ], [ 106.116785489000037, -1.862729746999986, 0.0 ], [ 106.116867217000049, -1.862704647999952, 0.0 ], [ 106.116949688000034, -1.86267468199996, 0.0 ], [ 106.117003547000053, -1.86264772899995, 0.0 ], [ 106.117036243000086, -1.862633876999959, 0.0 ], [ 106.117157387000077, -1.862632228999911, 0.0 ], [ 106.117146260000041, -1.862800606999898, 0.0 ], [ 106.11710486300008, -1.863121882999924, 0.0 ], [ 106.117042093000038, -1.863956367999958, 0.0 ], [ 106.116969518000076, -1.864983358999933, 0.0 ], [ 106.116889251000103, -1.865599878999963, 0.0 ], [ 106.116808078000048, -1.866133008999932, 0.0 ], [ 106.116750172000053, -1.866500291999945, 0.0 ], [ 106.11666454300007, -1.866812497999931, 0.0 ] ], [ [ 106.116363907000064, -1.864959359, 0.0 ], [ 106.115779884000062, -1.864723851999956, 0.0 ], [ 106.11562615800004, -1.864866154999917, 0.0 ], [ 106.115522704000099, -1.864965214999942, 0.0 ], [ 106.115440898000074, -1.865038398999958, 0.0 ], [ 106.115342938000055, -1.865127469999956, 0.0 ], [ 106.115220025000013, -1.865219522999934, 0.0 ], [ 106.115100772000091, -1.865299750999911, 0.0 ], [ 106.115007573000099, -1.865368510999915, 0.0 ], [ 106.114870346000032, -1.865456872999943, 0.0 ], [ 106.116150932000025, -1.865945209999937, 0.0 ], [ 106.116363907000064, -1.864959359, 0.0 ] ] ] ] } },
{ "type": "Feature", "properties": { "fid": 42, "NAMOBJ": "Cendrawasih", "FCODE": null, "REMARK": "Permukiman dan Tempat Kegiatan", "SRS_ID": null, "LCODE": "GA0040", "METADATA": null, "SHAPE_Leng": 0.06577961962, "SHAPE_Area": 5.611019e-05 }, "geometry": { "type": "MultiPolygon", "coordinates": [ [ [ [ 106.11666454300007, -1.866812497999931, 0.0 ], [ 106.116653176000014, -1.866870148, 0.0 ], [ 106.116544761000014, -1.867419960999922, 0.0 ], [ 106.116453936000056, -1.867945290999956, 0.0 ], [ 106.116382380000076, -1.868383050999939, 0.0 ], [ 106.116362691000049, -1.868503500999958, 0.0 ], [ 106.116350829000041, -1.868559319999958, 0.0 ], [ 106.116332253000024, -1.868646737999907, 0.0 ], [ 106.116319667000042, -1.868733425999975, 0.0 ], [ 106.116286012000018, -1.868965213999968, 0.0 ], [ 106.11620885500011, -1.86935250999995, 0.0 ], [ 106.116106027000043, -1.86994576999992, 0.0 ], [ 106.116020790000093, -1.870478450999941, 0.0 ], [ 106.115991779000097, -1.870672402, 0.0 ], [ 106.115968555000038, -1.870827657999969, 0.0 ], [ 106.11583551400004, -1.871636726999943, 0.0 ], [ 106.115832194000035, -1.871655124999955, 0.0 ], [ 106.115812616000099, -1.871763631999962, 0.0 ], [ 106.115735087000076, -1.87224438699995, 0.0 ], [ 106.11533826900002, -1.873528440999967, 0.0 ], [ 106.115338021000085, -1.873529244999944, 0.0 ], [ 106.114381718000104, -1.873625892999947, 0.0 ], [ 106.113822727000041, -1.873675240999945, 0.0 ], [ 106.113024199000051, -1.873777667999982, 0.0 ], [ 106.112241228000102, -1.873844805999942, 0.0 ], [ 106.111688077000068, -1.8738765109999, 0.0 ], [ 106.110480477000081, -1.873938039999929, 0.0 ], [ 106.109937071000061, -1.873985423999941, 0.0 ], [ 106.109381978000044, -1.874030850999969, 0.0 ], [ 106.108063372000103, -1.874110086999953, 0.0 ], [ 106.107730916000037, -1.874144068999922, 0.0 ], [ 106.107445962000085, -1.874173194000023, 0.0 ], [ 106.107909152000047, -1.873568106999962, 0.0 ], [ 106.108269249000088, -1.87353885099994, 0.0 ], [ 106.108269179000075, -1.873429399999943, 0.0 ], [ 106.109269585000078, -1.873414669999968, 0.0 ], [ 106.109284205000037, -1.873074702999905, 0.0 ], [ 106.109564398000131, -1.873086129999963, 0.0 ], [ 106.109553895000062, -1.873425270999957, 0.0 ], [ 106.110369734000059, -1.873444650999962, 0.0 ], [ 106.110393460000068, -1.873161882999924, 0.0 ], [ 106.110957948000063, -1.873173959999947, 0.0 ], [ 106.110944081000071, -1.873394534999901, 0.0 ], [ 106.111539867000062, -1.87337342199993, 0.0 ], [ 106.111557245000085, -1.873486181999934, 0.0 ], [ 106.112940790000067, -1.873392427999904, 0.0 ], [ 106.112957187000092, -1.873248973999936, 0.0 ], [ 106.113633742000033, -1.87324770899992, 0.0 ], [ 106.113635537000093, -1.873485676999981, 0.0 ], [ 106.11442086200006, -1.873460300000013, 0.0 ], [ 106.114409816000034, -1.873080150999912, 0.0 ], [ 106.114255909000079, -1.873076884999908, 0.0 ], [ 106.114132729000104, -1.873075434999966, 0.0 ], [ 106.11397061400001, -1.873072471999898, 0.0 ], [ 106.113850165000088, -1.873067655999944, 0.0 ], [ 106.113737322000077, -1.8730628339999, 0.0 ], [ 106.113646673000034, -1.873054931999957, 0.0 ], [ 106.112938060000019, -1.872983645, 0.0 ], [ 106.112931392000093, -1.872860106, 0.0 ], [ 106.111836112000063, -1.872708234999959, 0.0 ], [ 106.111837121000065, -1.872995962999963, 0.0 ], [ 106.111516531000092, -1.87296216499992, 0.0 ], [ 106.111511507000031, -1.872834482000013, 0.0 ], [ 106.110362786000024, -1.872875015, 0.0 ], [ 106.110358613000116, -1.872786289999934, 0.0 ], [ 106.109920204000076, -1.87278242699997, 0.0 ], [ 106.108615682000064, -1.872740968999914, 0.0 ], [ 106.108605908000044, -1.872924219999978, 0.0 ], [ 106.108326547000033, -1.872920254999916, 0.0 ], [ 106.108300330000077, -1.87317399799995, 0.0 ], [ 106.107707855000086, -1.873215829999947, 0.0 ], [ 106.107721996000095, -1.873430579999952, 0.0 ], [ 106.107450107000076, -1.873516983999907, 0.0 ], [ 106.10734789100006, -1.873455692999898, 0.0 ], [ 106.107309087000047, -1.87335040999998, 0.0 ], [ 106.106739180000048, -1.873900513999932, 0.0 ], [ 106.106700418000045, -1.873845812999936, 0.0 ], [ 106.106384154000068, -1.874129590999968, 0.0 ], [ 106.106203584000056, -1.873880789999899, 0.0 ], [ 106.106313887000027, -1.873783668999946, 0.0 ], [ 106.106093751000031, -1.873493160999979, 0.0 ], [ 106.106226590000091, -1.873301582999937, 0.0 ], [ 106.105931770000041, -1.872945013999922, 0.0 ], [ 106.106072457000039, -1.872794525, 0.0 ], [ 106.105758922000035, -1.87247151, 0.0 ], [ 106.105796551000125, -1.872467604999945, 0.0 ], [ 106.105868889000078, -1.872419989, 0.0 ], [ 106.10591904900005, -1.872399567999911, 0.0 ], [ 106.106149746000128, -1.871783222999984, 0.0 ], [ 106.106216294000035, -1.871777228999933, 0.0 ], [ 106.106295651000039, -1.871768747999941, 0.0 ], [ 106.10638240900002, -1.871764730999964, 0.0 ], [ 106.106572676000042, -1.871760638999981, 0.0 ], [ 106.107044889000036, -1.87170925, 0.0 ], [ 106.107402691000061, -1.871675210999929, 0.0 ], [ 106.107458834000084, -1.871207539999959, 0.0 ], [ 106.107484598000084, -1.870990973999981, 0.0 ], [ 106.107531116000118, -1.870809681, 0.0 ], [ 106.107613824000026, -1.870499638999918, 0.0 ], [ 106.107703776, -1.870240589999978, 0.0 ], [ 106.10774825200005, -1.870060438999904, 0.0 ], [ 106.107820324000059, -1.869946102999948, 0.0 ], [ 106.107999514000056, -1.869696160999962, 0.0 ], [ 106.108185895000119, -1.869473875999955, 0.0 ], [ 106.108409331000033, -1.869233520999964, 0.0 ], [ 106.108771381000068, -1.868868765999893, 0.0 ], [ 106.109003586000085, -1.868635632999966, 0.0 ], [ 106.109493872000073, -1.868121210999946, 0.0 ], [ 106.109777058000049, -1.8678318999999, 0.0 ], [ 106.110178134000108, -1.867410178999912, 0.0 ], [ 106.11077677600008, -1.866811880999969, 0.0 ], [ 106.110836122000109, -1.866748478999964, 0.0 ], [ 106.111172283000116, -1.866413011999918, 0.0 ], [ 106.111256332000053, -1.866347197999979, 0.0 ], [ 106.111393778000064, -1.866262091999954, 0.0 ], [ 106.111551551000062, -1.866181784999971, 0.0 ], [ 106.111652362000044, -1.866138013, 0.0 ], [ 106.112106155000021, -1.865904331999929, 0.0 ], [ 106.112528878, -1.865685505999942, 0.0 ], [ 106.112693775000068, -1.865509285000017, 0.0 ], [ 106.113126249000047, -1.865613937999972, 0.0 ], [ 106.113509588000056, -1.865737317999966, 0.0 ], [ 106.114123716000066, -1.865938939999951, 0.0 ], [ 106.114372191000115, -1.866034066999917, 0.0 ], [ 106.114590690000071, -1.866110208999911, 0.0 ], [ 106.115182347000086, -1.866315164, 0.0 ], [ 106.11579858, -1.866516783999978, 0.0 ], [ 106.11617472600004, -1.866640774999934, 0.0 ], [ 106.116657169000078, -1.866809912999984, 0.0 ], [ 106.11666454300007, -1.866812497999931, 0.0 ] ], [ [ 106.114582575000028, -1.866999593999958, 0.0 ], [ 106.114090488000073, -1.868633036999928, 0.0 ], [ 106.114657516000094, -1.86874279499995, 0.0 ], [ 106.114744315000081, -1.868389837999968, 0.0 ], [ 106.114649377000049, -1.868380617999915, 0.0 ], [ 106.114741414000022, -1.867981228, 0.0 ], [ 106.114625388, -1.867974671999989, 0.0 ], [ 106.114855552000051, -1.867073710999962, 0.0 ], [ 106.114582575000028, -1.866999593999958, 0.0 ] ], [ [ 106.113805697000046, -1.868199667999954, 0.0 ], [ 106.113024752000086, -1.868067458999939, 0.0 ], [ 106.112998823000083, -1.868263455, 0.0 ], [ 106.112872901000046, -1.868261038999969, 0.0 ], [ 106.112842705000034, -1.8685768729999, 0.0 ], [ 106.112985393000116, -1.868607988999899, 0.0 ], [ 106.112981129000033, -1.868732195999962, 0.0 ], [ 106.113544723000032, -1.868812223999922, 0.0 ], [ 106.113613259000019, -1.868652245999919, 0.0 ], [ 106.113673010000085, -1.868516660999981, 0.0 ], [ 106.113805697000046, -1.868199667999954, 0.0 ] ], [ [ 106.109803970000058, -1.869572068, 0.0 ], [ 106.109400025000028, -1.868775070999956, 0.0 ], [ 106.109093568000077, -1.868985356999947, 0.0 ], [ 106.109181543000076, -1.869129567999978, 0.0 ], [ 106.109089735000026, -1.869194121, 0.0 ], [ 106.10918436700004, -1.869417448, 0.0 ], [ 106.108519806000032, -1.869663193999899, 0.0 ], [ 106.10834874600009, -1.869789622999968, 0.0 ], [ 106.108399031000076, -1.869898625999928, 0.0 ], [ 106.108225315000084, -1.869988495, 0.0 ], [ 106.108249803000078, -1.870103085999969, 0.0 ], [ 106.108701229000118, -1.869963905999911, 0.0 ], [ 106.109261399000019, -1.869745045999921, 0.0 ], [ 106.109803970000058, -1.869572068, 0.0 ] ], [ [ 106.113939100000067, -1.870058848999951, 0.0 ], [ 106.113941003000051, -1.870140726999975, 0.0 ], [ 106.11395033200003, -1.87019194599995, 0.0 ], [ 106.113963732000073, -1.870231195, 0.0 ], [ 106.113967086000073, -1.870246145, 0.0 ], [ 106.113979008000086, -1.870305213999907, 0.0 ], [ 106.114001657000102, -1.870268184999952, 0.0 ], [ 106.114045834000109, -1.870213947, 0.0 ], [ 106.114067346000112, -1.870141397999942, 0.0 ], [ 106.114077708000082, -1.870078578999895, 0.0 ], [ 106.114091024000032, -1.869982859999969, 0.0 ], [ 106.114133936000115, -1.869674380999936, 0.0 ], [ 106.113986409000077, -1.869668486999982, 0.0 ], [ 106.113955325000077, -1.86987003199996, 0.0 ], [ 106.113939421000097, -1.869984819999954, 0.0 ], [ 106.113939100000067, -1.870058848999951, 0.0 ] ], [ [ 106.114700841000044, -1.869613894999905, 0.0 ], [ 106.115019773000043, -1.869644806999887, 0.0 ], [ 106.115050869000044, -1.869319999000013, 0.0 ], [ 106.114731936000041, -1.869289085999942, 0.0 ], [ 106.114700841000044, -1.869613894999905, 0.0 ] ] ] ] } },
{ "type": "Feature", "properties": { "fid": 43, "NAMOBJ": "Srimenanti", "FCODE": null, "REMARK": "Permukiman dan Tempat Kegiatan", "SRS_ID": null, "LCODE": "GA0040", "METADATA": null, "SHAPE_Leng": 0.06474889133, "SHAPE_Area": 2.221576e-05 }, "geometry": { "type": "MultiPolygon", "coordinates": [ [ [ [ 106.101882603000035, -1.865292868999973, 0.0 ], [ 106.100881440166773, -1.863451606378926, 0.0 ], [ 106.100941685000066, -1.863425782000022, 0.0 ], [ 106.101121890000059, -1.863766912, 0.0 ], [ 106.101223155000085, -1.863773025999977, 0.0 ], [ 106.101414959000053, -1.863795283999953, 0.0 ], [ 106.101549979000126, -1.863816039999983, 0.0 ], [ 106.101580927000029, -1.863850055999955, 0.0 ], [ 106.101623674000095, -1.863897041999935, 0.0 ], [ 106.101679735000033, -1.86398500199993, 0.0 ], [ 106.101756623000085, -1.864104064999922, 0.0 ], [ 106.101773409000046, -1.864130059999941, 0.0 ], [ 106.101863255000112, -1.864276658999903, 0.0 ], [ 106.10201453800002, -1.864526654999982, 0.0 ], [ 106.102138192000041, -1.864755826999937, 0.0 ], [ 106.102341327000062, -1.865120296999984, 0.0 ], [ 106.101905918000085, -1.865312978999939, 0.0 ], [ 106.101893032270823, -1.865319082029751, 0.0 ], [ 106.101882603000035, -1.865292868999973, 0.0 ] ] ], [ [ [ 106.094790395000032, -1.859445223999917, 0.0 ], [ 106.094977524000058, -1.859353249999946, 0.0 ], [ 106.095181522000061, -1.859268221000016, 0.0 ], [ 106.095421579000032, -1.85917081299995, 0.0 ], [ 106.095621742000077, -1.859075745999989, 0.0 ], [ 106.095779725000085, -1.859012346999983, 0.0 ], [ 106.095980694000019, -1.858971316999964, 0.0 ], [ 106.09616248500005, -1.85894109999995, 0.0 ], [ 106.096397971000087, -1.858910071999959, 0.0 ], [ 106.09662195500006, -1.85888600600001, 0.0 ], [ 106.096834440000052, -1.858860400999935, 0.0 ], [ 106.097070678000051, -1.858808539999907, 0.0 ], [ 106.096927003000076, -1.858998658999917, 0.0 ], [ 106.096791309000125, -1.859125652999944, 0.0 ], [ 106.096653512000088, -1.859210350999935, 0.0 ], [ 106.096515728000057, -1.859301977999967, 0.0 ], [ 106.096375183000063, -1.859392909999941, 0.0 ], [ 106.09620156600009, -1.859499122999936, 0.0 ], [ 106.09600865000003, -1.859608812999952, 0.0 ], [ 106.095843292000026, -1.859696295999908, 0.0 ], [ 106.095677930000107, -1.859778930999906, 0.0 ], [ 106.095580096000091, -1.859826145999905, 0.0 ], [ 106.095771251000102, -1.860227558999989, 0.0 ], [ 106.095444002000107, -1.860426792999953, 0.0 ], [ 106.095388079000102, -1.860272184999951, 0.0 ], [ 106.095204115000072, -1.860362447999958, 0.0 ], [ 106.0952559, -1.860515683999936, 0.0 ], [ 106.094971991000051, -1.860600463999934, 0.0 ], [ 106.094888239000042, -1.860025607999977, 0.0 ], [ 106.094585744000071, -1.860133980999973, 0.0 ], [ 106.094421611000072, -1.859774278999965, 0.0 ], [ 106.094312041000066, -1.859988934999962, 0.0 ], [ 106.094254615000111, -1.860164960999961, 0.0 ], [ 106.094171904000106, -1.860391169999937, 0.0 ], [ 106.094142868000105, -1.860568724999973, 0.0 ], [ 106.093815392000096, -1.860458328999898, 0.0 ], [ 106.09425928800006, -1.85940325, 0.0 ], [ 106.094645588000049, -1.858832956999973, 0.0 ], [ 106.094554560000063, -1.858749794999931, 0.0 ], [ 106.095208266000057, -1.858157834999891, 0.0 ], [ 106.095379328, -1.858383803999936, 0.0 ], [ 106.094880619000037, -1.85883697199995, 0.0 ], [ 106.094662301000099, -1.859113114999972, 0.0 ], [ 106.094790395000032, -1.859445223999917, 0.0 ] ] ], [ [ [ 106.097547087000038, -1.857431274, 0.0 ], [ 106.097716645000034, -1.857714749, 0.0 ], [ 106.097594460000053, -1.85764412299993, 0.0 ], [ 106.097419108000025, -1.857476102999972, 0.0 ], [ 106.097278444000011, -1.857371623999943, 0.0 ], [ 106.097114943000079, -1.857234359999954, 0.0 ], [ 106.096424419000058, -1.85771438699997, 0.0 ], [ 106.096333743000102, -1.85753094499998, 0.0 ], [ 106.096248785000085, -1.857567822999923, 0.0 ], [ 106.096113409000083, -1.857321994999922, 0.0 ], [ 106.095956516000058, -1.857389499999912, 0.0 ], [ 106.095861473000099, -1.857165491999941, 0.0 ], [ 106.095576809000093, -1.857250552999962, 0.0 ], [ 106.095513798000113, -1.857086910999922, 0.0 ], [ 106.096255729000035, -1.85674159699995, 0.0 ], [ 106.096638630000101, -1.856546459999969, 0.0 ], [ 106.097057366000016, -1.856333060999899, 0.0 ], [ 106.09716743000007, -1.856598867999954, 0.0 ], [ 106.097255690000082, -1.856856837999982, 0.0 ], [ 106.097403761000081, -1.857165424999935, 0.0 ], [ 106.097547087000038, -1.857431274, 0.0 ] ] ] ] } },
{ "type": "Feature", "properties": { "fid": 44, "NAMOBJ": "Sripemendang", "FCODE": null, "REMARK": "Permukiman dan Tempat Kegiatan", "SRS_ID": null, "LCODE": "GA0040", "METADATA": null, "SHAPE_Leng": 0.12097236168, "SHAPE_Area": 8.507245e-05 }, "geometry": { "type": "MultiPolygon", "coordinates": [ [ [ [ 106.100272486000037, -1.861231862999952, 0.0 ], [ 106.100613914000036, -1.861872642999946, 0.0 ], [ 106.100671488, -1.861834750999919, 0.0 ], [ 106.100774706000024, -1.862003394999928, 0.0 ], [ 106.100835065000041, -1.861976717999942, 0.0 ], [ 106.100848604000092, -1.862078127999983, 0.0 ], [ 106.100472213000032, -1.862256791999934, 0.0 ], [ 106.100383330000057, -1.862094511999918, 0.0 ], [ 106.1001927760001, -1.86178120399993, 0.0 ], [ 106.100030584000095, -1.861539110999971, 0.0 ], [ 106.100104159000054, -1.861499073999945, 0.0 ], [ 106.100035318000039, -1.861344890999889, 0.0 ], [ 106.100239165000033, -1.861248492, 0.0 ], [ 106.100272486000037, -1.861231862999952, 0.0 ] ] ], [ [ [ 106.102515829000112, -1.855869100999969, 0.0 ], [ 106.102578377000043, -1.855894949999976, 0.0 ], [ 106.102675921000028, -1.855859185999948, 0.0 ], [ 106.102918265000099, -1.855698983999926, 0.0 ], [ 106.102934880000049, -1.855759197999935, 0.0 ], [ 106.103192650000068, -1.856291826999951, 0.0 ], [ 106.102494043000078, -1.856517697999988, 0.0 ], [ 106.10226279400004, -1.856116366, 0.0 ], [ 106.102000407000091, -1.856301420999945, 0.0 ], [ 106.101717075000096, -1.855834794999972, 0.0 ], [ 106.101965757000073, -1.855642312999945, 0.0 ], [ 106.102053969000082, -1.85557665899993, 0.0 ], [ 106.102120902000109, -1.855525744999981, 0.0 ], [ 106.102182985000098, -1.855511422999951, 0.0 ], [ 106.102243315000024, -1.855539055999928, 0.0 ], [ 106.102308999000044, -1.855605055999971, 0.0 ], [ 106.102376459000126, -1.855693813999943, 0.0 ], [ 106.102449258000021, -1.855795511999919, 0.0 ], [ 106.102515829000112, -1.855869100999969, 0.0 ] ] ], [ [ [ 106.100272486000037, -1.861231862999952, 0.0 ], [ 106.100105877000018, -1.860919651999965, 0.0 ], [ 106.100319645000113, -1.860803734999966, 0.0 ], [ 106.100260032000065, -1.860540365999936, 0.0 ], [ 106.100259958000066, -1.860420720999984, 0.0 ], [ 106.100231888000053, -1.860007782000012, 0.0 ], [ 106.100488827000078, -1.859923678999981, 0.0 ], [ 106.100447460000026, -1.859712401, 0.0 ], [ 106.100830961000057, -1.859606019999988, 0.0 ], [ 106.100684008000059, -1.859219206999957, 0.0 ], [ 106.101144220000037, -1.859114713999927, 0.0 ], [ 106.101359159000054, -1.859350006999944, 0.0 ], [ 106.101564268000061, -1.85918584599995, 0.0 ], [ 106.101525828, -1.859057551, 0.0 ], [ 106.1013500480001, -1.858575225999965, 0.0 ], [ 106.101612609000071, -1.858047163999971, 0.0 ], [ 106.101343521, -1.857862804, 0.0 ], [ 106.101141736000017, -1.857774763, 0.0 ], [ 106.100911034000021, -1.857721185999911, 0.0 ], [ 106.100805119000043, -1.858131738999952, 0.0 ], [ 106.100572114000045, -1.858147317, 0.0 ], [ 106.100187586000018, -1.858148526, 0.0 ], [ 106.099702380000025, -1.858145934999883, 0.0 ], [ 106.099685153000024, -1.857692845999964, 0.0 ], [ 106.099964313000029, -1.857691937999978, 0.0 ], [ 106.099923750000045, -1.857169121999974, 0.0 ], [ 106.100396033000038, -1.857178350999939, 0.0 ], [ 106.100992634000107, -1.85724109699989, 0.0 ], [ 106.101414112000072, -1.857404005999958, 0.0 ], [ 106.102054667000047, -1.857720405999935, 0.0 ], [ 106.102210972000108, -1.857820350999945, 0.0 ], [ 106.102369777, -1.858141820999987, 0.0 ], [ 106.102662081000034, -1.858041592999954, 0.0 ], [ 106.102526910000051, -1.857664135999898, 0.0 ], [ 106.102881840000109, -1.857395939, 0.0 ], [ 106.10317220400006, -1.857996017999914, 0.0 ], [ 106.103740520000102, -1.857607254999988, 0.0 ], [ 106.104030189000085, -1.858148426, 0.0 ], [ 106.104094903000018, -1.858269327999968, 0.0 ], [ 106.1045263970001, -1.859049207999925, 0.0 ], [ 106.10497079000001, -1.858840055999939, 0.0 ], [ 106.104943777000088, -1.858625087999916, 0.0 ], [ 106.105359955000068, -1.85846185299991, 0.0 ], [ 106.105285267000099, -1.858054127999925, 0.0 ], [ 106.105241176000092, -1.858074959999962, 0.0 ], [ 106.105139046, -1.857878075999925, 0.0 ], [ 106.104685698000054, -1.8581321789999, 0.0 ], [ 106.10446912900008, -1.857834472999959, 0.0 ], [ 106.104930635000073, -1.857498892, 0.0 ], [ 106.105266600000064, -1.857282555999945, 0.0 ], [ 106.105515808000078, -1.857113545999906, 0.0 ], [ 106.105896841000074, -1.856897660999985, 0.0 ], [ 106.105922720000081, -1.856881244999959, 0.0 ], [ 106.106004209000076, -1.856847426999914, 0.0 ], [ 106.10610152700005, -1.856825167999937, 0.0 ], [ 106.106243907000106, -1.856796620999973, 0.0 ], [ 106.106453507000126, -1.856770944999981, 0.0 ], [ 106.106420230000126, -1.856460766999896, 0.0 ], [ 106.106394751000067, -1.856356090999939, 0.0 ], [ 106.106295372, -1.856143890999967, 0.0 ], [ 106.10584804500003, -1.855366981, 0.0 ], [ 106.105587396000047, -1.854871684999954, 0.0 ], [ 106.105552349000078, -1.854808026999927, 0.0 ], [ 106.104904790000063, -1.854880173999946, 0.0 ], [ 106.105143666000018, -1.854137569999964, 0.0 ], [ 106.105602699000073, -1.854038039999989, 0.0 ], [ 106.105660206000039, -1.853993616999955, 0.0 ], [ 106.105688054000026, -1.853985140999964, 0.0 ], [ 106.105741216000084, -1.853968961999958, 0.0 ], [ 106.105786166000073, -1.853962893999989, 0.0 ], [ 106.105895583000063, -1.853948123999921, 0.0 ], [ 106.106206718000053, -1.853889557999961, 0.0 ], [ 106.106457600000027, -1.853837304999989, 0.0 ], [ 106.106525031, -1.853823261999893, 0.0 ], [ 106.106848158, -1.853781566999907, 0.0 ], [ 106.107174170000064, -1.853765929999946, 0.0 ], [ 106.107719767000091, -1.853723126999957, 0.0 ], [ 106.107965599000096, -1.853717524999937, 0.0 ], [ 106.107966058000045, -1.853726242999948, 0.0 ], [ 106.107990660000041, -1.854195087999927, 0.0 ], [ 106.107134278000061, -1.854192867999921, 0.0 ], [ 106.106287986000027, -1.854238455999963, 0.0 ], [ 106.106371517000099, -1.854815009999883, 0.0 ], [ 106.106543724000048, -1.855435650999898, 0.0 ], [ 106.106932092000108, -1.855337931999984, 0.0 ], [ 106.106954246000086, -1.855691054999981, 0.0 ], [ 106.107782338000035, -1.855793570999936, 0.0 ], [ 106.107791572000082, -1.855710563999907, 0.0 ], [ 106.107814207000089, -1.855649980999957, 0.0 ], [ 106.107849116000054, -1.855624911999926, 0.0 ], [ 106.107898531000046, -1.855621885999942, 0.0 ], [ 106.10796207000007, -1.855621104999966, 0.0 ], [ 106.108020412000101, -1.855616951999978, 0.0 ], [ 106.108074281000114, -1.855608315999974, 0.0 ], [ 106.108782654000024, -1.85560778799993, 0.0 ], [ 106.109251789000027, -1.855558654999951, 0.0 ], [ 106.109501081000047, -1.855511914, 0.0 ], [ 106.109497883000046, -1.855342845999947, 0.0 ], [ 106.109560763, -1.855337622999959, 0.0 ], [ 106.109557464, -1.855004677999944, 0.0 ], [ 106.109722378000058, -1.854985903999901, 0.0 ], [ 106.109717921000041, -1.854440326999968, 0.0 ], [ 106.109541644000018, -1.854431103, 0.0 ], [ 106.109537359000029, -1.854175949999942, 0.0 ], [ 106.108912732000121, -1.854259317999913, 0.0 ], [ 106.108833203000117, -1.854004211999944, 0.0 ], [ 106.108523070000032, -1.854096879999973, 0.0 ], [ 106.108450604000083, -1.853995615999943, 0.0 ], [ 106.108375266000067, -1.853889044, 0.0 ], [ 106.108285509000012, -1.853710233999956, 0.0 ], [ 106.108875679000079, -1.853657271999926, 0.0 ], [ 106.109430846000095, -1.853595176999939, 0.0 ], [ 106.109808668000085, -1.853564074999942, 0.0 ], [ 106.109820621000011, -1.853563090999949, 0.0 ], [ 106.110104205000113, -1.853534554999986, 0.0 ], [ 106.110351341000055, -1.853509686999971, 0.0 ], [ 106.110552544000086, -1.85350800100001, 0.0 ], [ 106.110650546000031, -1.853507179999942, 0.0 ], [ 106.110692436000122, -1.85350683, 0.0 ], [ 106.110888329000076, -1.853502590999917, 0.0 ], [ 106.111282923000033, -1.853514887999958, 0.0 ], [ 106.11150728500003, -1.853524240999932, 0.0 ], [ 106.111545186000058, -1.853525820999974, 0.0 ], [ 106.111631973000044, -1.85352672499996, 0.0 ], [ 106.111559479000093, -1.853698164999934, 0.0 ], [ 106.111488973000036, -1.853869874999931, 0.0 ], [ 106.111424640000038, -1.854024973999974, 0.0 ], [ 106.111373845000102, -1.854394776999929, 0.0 ], [ 106.111352428000018, -1.854762481999978, 0.0 ], [ 106.11134725600003, -1.854829326, 0.0 ], [ 106.111312546000093, -1.855278010999911, 0.0 ], [ 106.111287623000067, -1.855803895, 0.0 ], [ 106.111255890000024, -1.856452858999952, 0.0 ], [ 106.111659104000069, -1.856434756999964, 0.0 ], [ 106.111929989000018, -1.856430722999986, 0.0 ], [ 106.112028275000071, -1.856432109000012, 0.0 ], [ 106.112164445000047, -1.856437331999911, 0.0 ], [ 106.112248840000106, -1.856450304, 0.0 ], [ 106.11241075, -1.856473023999933, 0.0 ], [ 106.112375774000043, -1.856505363999944, 0.0 ], [ 106.112324520000058, -1.856586924999942, 0.0 ], [ 106.112305848000034, -1.856629875999944, 0.0 ], [ 106.112287187000078, -1.85669019399996, 0.0 ], [ 106.112281003000106, -1.856763039999948, 0.0 ], [ 106.112296862000079, -1.856822369999972, 0.0 ], [ 106.112362127000068, -1.856922190999971, 0.0 ], [ 106.112395348000064, -1.856971602999974, 0.0 ], [ 106.11252001700008, -1.857157029999951, 0.0 ], [ 106.112687497000081, -1.857403928999951, 0.0 ], [ 106.112852892, -1.857679096999981, 0.0 ], [ 106.112542902000101, -1.857912622999941, 0.0 ], [ 106.112709455000115, -1.858202334999931, 0.0 ], [ 106.112793408000044, -1.858284287999962, 0.0 ], [ 106.112856234000091, -1.858307404999921, 0.0 ], [ 106.112956450000041, -1.858333392999939, 0.0 ], [ 106.113329012000037, -1.858375126999928, 0.0 ], [ 106.113913352000068, -1.858441666000016, 0.0 ], [ 106.114003172000039, -1.858451893999885, 0.0 ], [ 106.114567999000059, -1.858495432999935, 0.0 ], [ 106.114936936000035, -1.858523637999959, 0.0 ], [ 106.115318619000078, -1.858575108999955, 0.0 ], [ 106.115334436000055, -1.858652771999986, 0.0 ], [ 106.115344890000031, -1.858723347999963, 0.0 ], [ 106.115380196000032, -1.858829356999942, 0.0 ], [ 106.115426896000073, -1.858912065999946, 0.0 ], [ 106.115487677000033, -1.858971121999947, 0.0 ], [ 106.115539727000083, -1.859013638999913, 0.0 ], [ 106.115606529000019, -1.85904129399998, 0.0 ], [ 106.11569715900005, -1.859062510999959, 0.0 ], [ 106.116217355000103, -1.859114136999968, 0.0 ], [ 106.117198848000044, -1.85920372399992, 0.0 ], [ 106.117388425000101, -1.859220607999895, 0.0 ], [ 106.117329519000108, -1.859781434999936, 0.0 ], [ 106.117323369000047, -1.859839985999984, 0.0 ], [ 106.117302872000039, -1.860212911999931, 0.0 ], [ 106.117297159000103, -1.860316834999915, 0.0 ], [ 106.117267252000019, -1.860789634999954, 0.0 ], [ 106.117234059000026, -1.861372185999927, 0.0 ], [ 106.117199788000036, -1.861855787999972, 0.0 ], [ 106.117160379000055, -1.862586941999983, 0.0 ], [ 106.117081873000046, -1.862587598999949, 0.0 ], [ 106.116954840000105, -1.862632598999942, 0.0 ], [ 106.116601930000044, -1.862762780999966, 0.0 ], [ 106.116455732000105, -1.862823478999926, 0.0 ], [ 106.116426672000017, -1.862829829, 0.0 ], [ 106.116404782000075, -1.862815976999927, 0.0 ], [ 106.116401481000068, -1.862798185999964, 0.0 ], [ 106.116355535000082, -1.862642932, 0.0 ], [ 106.116317710000061, -1.862534110999964, 0.0 ], [ 106.116302084000012, -1.862474121999974, 0.0 ], [ 106.116282282000057, -1.862435238999955, 0.0 ], [ 106.116213059000103, -1.86243196399995, 0.0 ], [ 106.116146254000085, -1.862457034999982, 0.0 ], [ 106.116069268000018, -1.86250412099997, 0.0 ], [ 106.116021637000074, -1.862527361999939, 0.0 ], [ 106.115957234000078, -1.862554538999967, 0.0 ], [ 106.11591977000009, -1.862549741999925, 0.0 ], [ 106.115896677000038, -1.862523524999976, 0.0 ], [ 106.115859189000048, -1.86246535899996, 0.0 ], [ 106.115843881000018, -1.862424356999942, 0.0 ], [ 106.115804893000089, -1.862382174999916, 0.0 ], [ 106.115767133000062, -1.862377069999938, 0.0 ], [ 106.11569882500001, -1.862399428999923, 0.0 ], [ 106.115627225000125, -1.862418768999924, 0.0 ], [ 106.115512470000041, -1.862446583999916, 0.0 ], [ 106.115310225000101, -1.862485906999972, 0.0 ], [ 106.115197868000038, -1.86250949699997, 0.0 ], [ 106.115077122000088, -1.862531888999958, 0.0 ], [ 106.114941403000046, -1.862573277, 0.0 ], [ 106.114826359000034, -1.862611947999921, 0.0 ], [ 106.114713699000035, -1.862639453999976, 0.0 ], [ 106.114602537000081, -1.862649474999917, 0.0 ], [ 106.114527022000047, -1.862646809999963, 0.0 ], [ 106.114433812000058, -1.862624562999899, 0.0 ], [ 106.114356763000075, -1.862572148, 0.0 ], [ 106.114294401000066, -1.862515498999934, 0.0 ], [ 106.11423023800009, -1.862454031, 0.0 ], [ 106.114099502000016, -1.86232747699992, 0.0 ], [ 106.114004761000089, -1.862259116999948, 0.0 ], [ 106.113709431000075, -1.862476224999971, 0.0 ], [ 106.113483354000024, -1.862644903999983, 0.0 ], [ 106.113464622000066, -1.862662554999933, 0.0 ], [ 106.113458101000063, -1.862671576999969, 0.0 ], [ 106.113448739, -1.862680194999972, 0.0 ], [ 106.113407574000064, -1.862679398, 0.0 ], [ 106.11302033700008, -1.862559501999933, 0.0 ], [ 106.112752946000072, -1.862473964999961, 0.0 ], [ 106.111967864000036, -1.862206283000018, 0.0 ], [ 106.111444483000085, -1.862040131999948, 0.0 ], [ 106.110992837000097, -1.861895662999896, 0.0 ], [ 106.11049946600005, -1.86172980099994, 0.0 ], [ 106.110107878000065, -1.861569400999902, 0.0 ], [ 106.110025136000061, -1.861554691000017, 0.0 ], [ 106.109890626000038, -1.861517056000012, 0.0 ], [ 106.109807865000022, -1.861471998999925, 0.0 ], [ 106.109738962000094, -1.861420780999951, 0.0 ], [ 106.109668825000071, -1.86135112099996, 0.0 ], [ 106.109616614000103, -1.861281846999913, 0.0 ], [ 106.109556249000079, -1.861196594999964, 0.0 ], [ 106.109468134000068, -1.861056816999946, 0.0 ], [ 106.109348618000041, -1.860888355999951, 0.0 ], [ 106.109240544000073, -1.860761714999954, 0.0 ], [ 106.109008312000043, -1.860460121999957, 0.0 ], [ 106.108599727000069, -1.860748650999938, 0.0 ], [ 106.108312555000026, -1.860973134999949, 0.0 ], [ 106.107828629000039, -1.86133799299994, 0.0 ], [ 106.107353245000056, -1.861676179999944, 0.0 ], [ 106.106986632000101, -1.861947052999974, 0.0 ], [ 106.106538138000118, -1.862274567999983, 0.0 ], [ 106.106171942000103, -1.862553237999948, 0.0 ], [ 106.105582654000017, -1.863002340999981, 0.0 ], [ 106.105229590000107, -1.863262368999913, 0.0 ], [ 106.104704125000069, -1.863676035999945, 0.0 ], [ 106.104198774000082, -1.864111471999913, 0.0 ], [ 106.103824232000093, -1.864384493999943, 0.0 ], [ 106.103633603000048, -1.864500262000019, 0.0 ], [ 106.103469758000074, -1.864592683999938, 0.0 ], [ 106.103228112000068, -1.864721969999978, 0.0 ], [ 106.102864334000074, -1.864900079999971, 0.0 ], [ 106.102353743000023, -1.865115069, 0.0 ], [ 106.102341327000062, -1.865120296999984, 0.0 ], [ 106.102138192000041, -1.864755826999937, 0.0 ], [ 106.10201453800002, -1.864526654999982, 0.0 ], [ 106.101863255000112, -1.864276658999903, 0.0 ], [ 106.101874327000047, -1.864268533999941, 0.0 ], [ 106.102501716000091, -1.863808149999952, 0.0 ], [ 106.102175697000035, -1.863253321999964, 0.0 ], [ 106.102422578000116, -1.863084611999949, 0.0 ], [ 106.102342983000099, -1.862882403999916, 0.0 ], [ 106.102751598000069, -1.862621772999934, 0.0 ], [ 106.102606336000051, -1.862357903999951, 0.0 ], [ 106.102590516000063, -1.862303233999957, 0.0 ], [ 106.102493006000088, -1.862335118000019, 0.0 ], [ 106.102230118000094, -1.861801415999914, 0.0 ], [ 106.102147551000101, -1.861837531999883, 0.0 ], [ 106.102007882000095, -1.861496603, 0.0 ], [ 106.101524171000037, -1.861690535999977, 0.0 ], [ 106.101341203000089, -1.860997762999944, 0.0 ], [ 106.101308647000053, -1.860933287999939, 0.0 ], [ 106.101260320000051, -1.860893599999941, 0.0 ], [ 106.101085671000078, -1.860885296999965, 0.0 ], [ 106.100912446000052, -1.860927928999939, 0.0 ], [ 106.100764318000046, -1.860980838999965, 0.0 ], [ 106.100502432000056, -1.861103913999934, 0.0 ], [ 106.100383569000073, -1.861176424999983, 0.0 ], [ 106.100272486000037, -1.861231862999952, 0.0 ] ], [ [ 106.10172849100006, -1.860865725999944, 0.0 ], [ 106.101745776000072, -1.861035363999947, 0.0 ], [ 106.101854462000091, -1.861034363999953, 0.0 ], [ 106.101932960000013, -1.861033382999961, 0.0 ], [ 106.102076949000036, -1.861033292999953, 0.0 ], [ 106.10222744000005, -1.861036001999911, 0.0 ], [ 106.102391868000069, -1.861042908999949, 0.0 ], [ 106.102682164000015, -1.861053472000024, 0.0 ], [ 106.102893968000046, -1.861062221999949, 0.0 ], [ 106.103065352000016, -1.861051828999977, 0.0 ], [ 106.103209807000056, -1.861047531999888, 0.0 ], [ 106.103412927000079, -1.86104195899996, 0.0 ], [ 106.103418130000065, -1.860894333, 0.0 ], [ 106.103410283000045, -1.860722110999963, 0.0 ], [ 106.103925821000061, -1.860536442999966, 0.0 ], [ 106.104008021000112, -1.861165905999912, 0.0 ], [ 106.103737776000045, -1.861336973999944, 0.0 ], [ 106.103810419000112, -1.861634823999986, 0.0 ], [ 106.10400128, -1.861603351999958, 0.0 ], [ 106.104004644000014, -1.861996884999923, 0.0 ], [ 106.104342771000105, -1.861986486999951, 0.0 ], [ 106.104810703000098, -1.861475056, 0.0 ], [ 106.104649307000059, -1.861283871999903, 0.0 ], [ 106.104875836000062, -1.860972508999986, 0.0 ], [ 106.104793900000033, -1.860766376999984, 0.0 ], [ 106.104809302000064, -1.86048101699991, 0.0 ], [ 106.104933151000097, -1.860433114999943, 0.0 ], [ 106.10484885700005, -1.860191715999954, 0.0 ], [ 106.105172520000096, -1.85996709200002, 0.0 ], [ 106.105712630000113, -1.859772544999911, 0.0 ], [ 106.106136469, -1.85976992599996, 0.0 ], [ 106.106328882000028, -1.859720415999949, 0.0 ], [ 106.106417619000084, -1.859587869999907, 0.0 ], [ 106.106420679000081, -1.859505553999935, 0.0 ], [ 106.106354338000088, -1.859310392999952, 0.0 ], [ 106.10619779000011, -1.859397509999966, 0.0 ], [ 106.106158783000083, -1.859323062999935, 0.0 ], [ 106.105851912000091, -1.859475337999922, 0.0 ], [ 106.105770807000042, -1.859360149999895, 0.0 ], [ 106.105470156000123, -1.859494393999989, 0.0 ], [ 106.105438143000043, -1.859378386999894, 0.0 ], [ 106.104937726000031, -1.859651646999944, 0.0 ], [ 106.104797788, -1.85946364200002, 0.0 ], [ 106.104457397, -1.859641632, 0.0 ], [ 106.103778224000024, -1.859982288999945, 0.0 ], [ 106.10322739100009, -1.860210466, 0.0 ], [ 106.103193867000073, -1.860049331999986, 0.0 ], [ 106.103056441000078, -1.860165734999936, 0.0 ], [ 106.102948250000097, -1.860210668000012, 0.0 ], [ 106.102811713000079, -1.86023926599998, 0.0 ], [ 106.102721148000043, -1.860251471000013, 0.0 ], [ 106.102594819000075, -1.860257628999901, 0.0 ], [ 106.102467086000075, -1.860262376999938, 0.0 ], [ 106.102256726000078, -1.860335885999981, 0.0 ], [ 106.102115069000078, -1.860342053999958, 0.0 ], [ 106.102017548000092, -1.860372019999951, 0.0 ], [ 106.101930278000069, -1.860448726, 0.0 ], [ 106.101870415000079, -1.860535691999904, 0.0 ], [ 106.101798927000033, -1.860605839999935, 0.0 ], [ 106.101734868000065, -1.860667099999941, 0.0 ], [ 106.101725628000096, -1.86074234699995, 0.0 ], [ 106.10172849100006, -1.860865725999944, 0.0 ] ], [ [ 106.10289727600005, -1.85954104099994, 0.0 ], [ 106.103224814000058, -1.859448255, 0.0 ], [ 106.103469632000071, -1.859258207999987, 0.0 ], [ 106.103341977000071, -1.858982534999915, 0.0 ], [ 106.103112164000066, -1.85910187199993, 0.0 ], [ 106.102929224000022, -1.858713102, 0.0 ], [ 106.102792099000055, -1.858765163999959, 0.0 ], [ 106.10251256, -1.858878208999987, 0.0 ], [ 106.102576233000036, -1.859034810999977, 0.0 ], [ 106.102640297, -1.859169684999945, 0.0 ], [ 106.102694563000057, -1.85927626099997, 0.0 ], [ 106.10277411000007, -1.859401283999923, 0.0 ], [ 106.10289727600005, -1.85954104099994, 0.0 ] ], [ [ 106.107650896000081, -1.859571732999904, 0.0 ], [ 106.107413091000026, -1.859745610999902, 0.0 ], [ 106.107294542, -1.859600233999953, 0.0 ], [ 106.107002617, -1.859916577000015, 0.0 ], [ 106.106782501000083, -1.859669392999902, 0.0 ], [ 106.10671153400007, -1.859752954999977, 0.0 ], [ 106.106633073000069, -1.859827783999951, 0.0 ], [ 106.106560597000012, -1.859899886999966, 0.0 ], [ 106.106511185000016, -1.859948165999964, 0.0 ], [ 106.106451279000026, -1.859996145999937, 0.0 ], [ 106.106370398000095, -1.860039614999981, 0.0 ], [ 106.106310182000087, -1.860062863999951, 0.0 ], [ 106.106245168000029, -1.860078281999983, 0.0 ], [ 106.10616427300009, -1.860099743999982, 0.0 ], [ 106.106082773000097, -1.860115470999951, 0.0 ], [ 106.105988393000104, -1.860136941999952, 0.0 ], [ 106.10620892200005, -1.860484747999952, 0.0 ], [ 106.106562584000088, -1.86096633399992, 0.0 ], [ 106.107197712000058, -1.860463915999916, 0.0 ], [ 106.107395588000088, -1.860653692999986, 0.0 ], [ 106.107684485000021, -1.860312095999967, 0.0 ], [ 106.107453429000088, -1.860033459, 0.0 ], [ 106.107756389000102, -1.859711056999974, 0.0 ], [ 106.107650896000081, -1.859571732999904, 0.0 ] ], [ [ 106.103297987000076, -1.863258702999965, 0.0 ], [ 106.103548397000097, -1.86376340299998, 0.0 ], [ 106.104317062000106, -1.86324551399994, 0.0 ], [ 106.104223465000089, -1.863080165999937, 0.0 ], [ 106.104117545000022, -1.863135102999952, 0.0 ], [ 106.104066729000081, -1.862865460999935, 0.0 ], [ 106.103514968000084, -1.862628272999939, 0.0 ], [ 106.103274347000067, -1.862830682999989, 0.0 ], [ 106.103412407000036, -1.863083029999907, 0.0 ], [ 106.103297987000076, -1.863258702999965, 0.0 ] ], [ [ 106.111448678000073, -1.857679389999917, 0.0 ], [ 106.111056710000057, -1.857081304, 0.0 ], [ 106.110802375000063, -1.857287105999966, 0.0 ], [ 106.109891465000018, -1.857564953999952, 0.0 ], [ 106.109946991000072, -1.857803719999901, 0.0 ], [ 106.109468519000103, -1.858032213999977, 0.0 ], [ 106.109464847000069, -1.858487258999969, 0.0 ], [ 106.109226274000036, -1.858610790999976, 0.0 ], [ 106.109281793000022, -1.858838946999936, 0.0 ], [ 106.109933153000085, -1.858865065999965, 0.0 ], [ 106.110186249000066, -1.858777345, 0.0 ], [ 106.110730519000072, -1.858351137999898, 0.0 ], [ 106.110680335, -1.858214528999963, 0.0 ], [ 106.111448678000073, -1.857679389999917, 0.0 ] ] ] ] } },
{ "type": "Feature", "properties": { "fid": 45, "NAMOBJ": "Timah Dua", "FCODE": null, "REMARK": "Permukiman dan Tempat Kegiatan", "SRS_ID": null, "LCODE": "GA0040", "METADATA": null, "SHAPE_Leng": 0.0417213452, "SHAPE_Area": 2.722483e-05 }, "geometry": { "type": "MultiPolygon", "coordinates": [ [ [ [ 106.085291361885808, -1.86137231366497, 0.0 ], [ 106.08530805000008, -1.861042305999988, 0.0 ], [ 106.084691792000072, -1.860886650999899, 0.0 ], [ 106.08471577200001, -1.860659166999906, 0.0 ], [ 106.084672351000066, -1.860659193999909, 0.0 ], [ 106.084723802000056, -1.860264565999942, 0.0 ], [ 106.085005724000027, -1.860309465999927, 0.0 ], [ 106.084991455000079, -1.860645128999988, 0.0 ], [ 106.08534299300004, -1.860701781999968, 0.0 ], [ 106.085728086000103, -1.860401256999972, 0.0 ], [ 106.085995778000054, -1.860859493999961, 0.0 ], [ 106.085647925000046, -1.861182184999927, 0.0 ], [ 106.085642123264947, -1.861254525087899, 0.0 ], [ 106.085291361885808, -1.86137231366497, 0.0 ] ] ] ] } },
{ "type": "Feature", "properties": { "fid": 46, "NAMOBJ": "Ake", "FCODE": null, "REMARK": "Permukiman dan Tempat Kegiatan", "SRS_ID": null, "LCODE": "GA0040", "METADATA": null, "SHAPE_Leng": 0.03188967287, "SHAPE_Area": 1.657897e-05 }, "geometry": { "type": "MultiPolygon", "coordinates": [ [ [ [ 106.101858350000057, -1.826219936999935, 0.0 ], [ 106.102023426000045, -1.826958202999912, 0.0 ], [ 106.101722325000082, -1.827041218999942, 0.0 ], [ 106.101886371000077, -1.827725956999932, 0.0 ], [ 106.101770943000119, -1.827753299999885, 0.0 ], [ 106.101833392000046, -1.82808962, 0.0 ], [ 106.100916026000078, -1.828337652999918, 0.0 ], [ 106.100656586000099, -1.827599443999945, 0.0 ], [ 106.101181509000099, -1.827453667999962, 0.0 ], [ 106.101109912000041, -1.826917356, 0.0 ], [ 106.100618051000112, -1.826957052999906, 0.0 ], [ 106.100527454000073, -1.826542977000018, 0.0 ], [ 106.101858350000057, -1.826219936999935, 0.0 ] ] ], [ [ [ 106.095082393000041, -1.823751787999911, 0.0 ], [ 106.095134280000067, -1.824241419999923, 0.0 ], [ 106.095260510000031, -1.824178022999917, 0.0 ], [ 106.095503352000051, -1.824082470999916, 0.0 ], [ 106.095599404, -1.824049910999975, 0.0 ], [ 106.095700908000055, -1.824023254999902, 0.0 ], [ 106.09578061600007, -1.824018556999957, 0.0 ], [ 106.095845643000033, -1.824027380999977, 0.0 ], [ 106.095896005000029, -1.82405986, 0.0 ], [ 106.095944283000023, -1.824110486999925, 0.0 ], [ 106.095990877000062, -1.824153929999967, 0.0 ], [ 106.096056753000099, -1.824172884999936, 0.0 ], [ 106.096122193, -1.824163981, 0.0 ], [ 106.096168753000129, -1.824151288999926, 0.0 ], [ 106.096274470000083, -1.824151649999956, 0.0 ], [ 106.096334926000026, -1.82422970299993, 0.0 ], [ 106.096443760000056, -1.824536099999968, 0.0 ], [ 106.096532465000024, -1.824836176999928, 0.0 ], [ 106.096563991000053, -1.824940424999938, 0.0 ], [ 106.096650208000085, -1.825294533000016, 0.0 ], [ 106.096764589000131, -1.825747409, 0.0 ], [ 106.096861262000047, -1.826056761999934, 0.0 ], [ 106.097076700000017, -1.825999877999934, 0.0 ], [ 106.097413726000113, -1.825920325000014, 0.0 ], [ 106.097592032000122, -1.825871467999968, 0.0 ], [ 106.097684906000069, -1.826316823999957, 0.0 ], [ 106.097478160000023, -1.826403813999961, 0.0 ], [ 106.097541614000122, -1.826752255000014, 0.0 ], [ 106.098455038000026, -1.826627454, 0.0 ], [ 106.098461804000053, -1.826193108999935, 0.0 ], [ 106.098905463000079, -1.826140317999919, 0.0 ], [ 106.098934481000086, -1.827278157999918, 0.0 ], [ 106.098957682000048, -1.827821066999985, 0.0 ], [ 106.098159710000104, -1.827958932999935, 0.0 ], [ 106.098163816000081, -1.828103368999984, 0.0 ], [ 106.097827550000062, -1.828132865999938, 0.0 ], [ 106.09781864700004, -1.828349031999971, 0.0 ], [ 106.097320833000055, -1.828460915999902, 0.0 ], [ 106.097311512, -1.828300931999899, 0.0 ], [ 106.097303443000044, -1.828144747999944, 0.0 ], [ 106.09727271000007, -1.827971272999979, 0.0 ], [ 106.097069169000108, -1.828018326999964, 0.0 ], [ 106.096869203000082, -1.828048010999933, 0.0 ], [ 106.096724397000088, -1.828076619999902, 0.0 ], [ 106.09658681100008, -1.828119752999918, 0.0 ], [ 106.09643633400006, -1.828165478999972, 0.0 ], [ 106.096283279, -1.828200316999923, 0.0 ], [ 106.096166309000097, -1.828234617, 0.0 ], [ 106.095804019000056, -1.828313672999976, 0.0 ], [ 106.095609743000054, -1.82835476, 0.0 ], [ 106.095293326000075, -1.828430157999933, 0.0 ], [ 106.095232394, -1.827970327999901, 0.0 ], [ 106.095078801000099, -1.827963556999962, 0.0 ], [ 106.094965797000071, -1.827345451999979, 0.0 ], [ 106.095085222000094, -1.827297294, 0.0 ], [ 106.094853886000053, -1.826206611999987, 0.0 ], [ 106.094651878000036, -1.826261189999973, 0.0 ], [ 106.094508623000081, -1.826312621999965, 0.0 ], [ 106.094337031000094, -1.826374959999971, 0.0 ], [ 106.094139164000069, -1.826455467999971, 0.0 ], [ 106.093980986000119, -1.826536469999923, 0.0 ], [ 106.093840862000079, -1.826650645999956, 0.0 ], [ 106.093735275000128, -1.826764287999944, 0.0 ], [ 106.093565828000052, -1.826969760999892, 0.0 ], [ 106.093447862000062, -1.827069406999965, 0.0 ], [ 106.09332578500009, -1.827189805999979, 0.0 ], [ 106.093231013000064, -1.827305511999961, 0.0 ], [ 106.093124908000078, -1.827408777999978, 0.0 ], [ 106.092834721000045, -1.826961199999983, 0.0 ], [ 106.093177936000117, -1.826796342999931, 0.0 ], [ 106.092880359000091, -1.826063199999933, 0.0 ], [ 106.093805757000013, -1.825817182, 0.0 ], [ 106.093655659000021, -1.824957691999946, 0.0 ], [ 106.094052145000063, -1.824894826999985, 0.0 ], [ 106.094011993000024, -1.824635885999965, 0.0 ], [ 106.093844958000062, -1.824533628999942, 0.0 ], [ 106.093679164000022, -1.824374726999939, 0.0 ], [ 106.093780676000065, -1.824181868999969, 0.0 ], [ 106.094173116000036, -1.824089706999893, 0.0 ], [ 106.094165988000057, -1.823912952999923, 0.0 ], [ 106.095082393000041, -1.823751787999911, 0.0 ] ] ] ] } },
{ "type": "Feature", "properties": { "fid": 47, "NAMOBJ": "Sinarbaru", "FCODE": null, "REMARK": "Permukiman dan Tempat Kegiatan", "SRS_ID": null, "LCODE": "GA0040", "METADATA": null, "SHAPE_Leng": 0.12590539687, "SHAPE_Area": 5.17896e-05 }, "geometry": { "type": "MultiPolygon", "coordinates": [ [ [ [ 106.091377313000081, -1.83617401099993, 0.0 ], [ 106.091306864000018, -1.83641755199992, 0.0 ], [ 106.091020241000109, -1.836335937999917, 0.0 ], [ 106.09096462200003, -1.83652992799998, 0.0 ], [ 106.090573951000039, -1.836442768999963, 0.0 ], [ 106.09061468000003, -1.836201117999953, 0.0 ], [ 106.090437662000042, -1.83611056300001, 0.0 ], [ 106.090313615000085, -1.836054086999956, 0.0 ], [ 106.090439345000092, -1.835830149, 0.0 ], [ 106.091377313000081, -1.83617401099993, 0.0 ] ] ], [ [ [ 106.083179923000031, -1.831553895999932, 0.0 ], [ 106.083352532000021, -1.831566327999984, 0.0 ], [ 106.083519379000052, -1.831563332, 0.0 ], [ 106.083384089000049, -1.831781159999907, 0.0 ], [ 106.083494408000035, -1.831822882999984, 0.0 ], [ 106.083268041000039, -1.832184745999904, 0.0 ], [ 106.08271816200002, -1.831741628999922, 0.0 ], [ 106.082803047000112, -1.831703965, 0.0 ], [ 106.082895317000109, -1.831657477999976, 0.0 ], [ 106.082982976000082, -1.83162817099995, 0.0 ], [ 106.083080785000092, -1.831587713999977, 0.0 ], [ 106.083179923000031, -1.831553895999932, 0.0 ] ] ], [ [ [ 106.090504919000097, -1.82739102299993, 0.0 ], [ 106.091158643000099, -1.82775850599996, 0.0 ], [ 106.091300750000045, -1.82772510499995, 0.0 ], [ 106.091495323000075, -1.827683981999923, 0.0 ], [ 106.091726055000066, -1.827628989, 0.0 ], [ 106.091811638000038, -1.827633548999924, 0.0 ], [ 106.09187431000008, -1.827654533999973, 0.0 ], [ 106.092026152000116, -1.827725682999909, 0.0 ], [ 106.092195320000073, -1.827786583999974, 0.0 ], [ 106.092366478000116, -1.82782361999993, 0.0 ], [ 106.092454580000037, -1.82776911199995, 0.0 ], [ 106.092631305000097, -1.827675651999944, 0.0 ], [ 106.092741059000019, -1.827631496999932, 0.0 ], [ 106.092861115000105, -1.827569715999972, 0.0 ], [ 106.093008989000083, -1.827485608999941, 0.0 ], [ 106.093124908000078, -1.827408777999978, 0.0 ], [ 106.093138431000042, -1.827517188999978, 0.0 ], [ 106.093145539, -1.827599065, 0.0 ], [ 106.093292673000107, -1.827585885999977, 0.0 ], [ 106.093376652000032, -1.827583962999907, 0.0 ], [ 106.093537549000118, -1.827596202999943, 0.0 ], [ 106.093658309000062, -1.827601736999957, 0.0 ], [ 106.09378577800004, -1.827625213999945, 0.0 ], [ 106.093906917000126, -1.827645707999953, 0.0 ], [ 106.093991278, -1.827663223999893, 0.0 ], [ 106.094076762000057, -1.82769682, 0.0 ], [ 106.094196068000059, -1.827747600999946, 0.0 ], [ 106.094191683000062, -1.827869484, 0.0 ], [ 106.094183201000064, -1.827982405999923, 0.0 ], [ 106.094172491000066, -1.828093454999963, 0.0 ], [ 106.094165141000076, -1.828217962999962, 0.0 ], [ 106.09415926500013, -1.828341347999957, 0.0 ], [ 106.094136689000038, -1.82848344, 0.0 ], [ 106.094095913000032, -1.828650211999933, 0.0 ], [ 106.094070704000089, -1.828734729999909, 0.0 ], [ 106.094039541000086, -1.828818872999944, 0.0 ], [ 106.09399351800009, -1.828912740999983, 0.0 ], [ 106.093945637000033, -1.829000257999941, 0.0 ], [ 106.093900367000018, -1.829091518999943, 0.0 ], [ 106.093863635000091, -1.829178650999958, 0.0 ], [ 106.093821698000085, -1.829269910999959, 0.0 ], [ 106.09376899600008, -1.829364161999941, 0.0 ], [ 106.093717011000038, -1.829427747999962, 0.0 ], [ 106.093636801000059, -1.829508554999987, 0.0 ], [ 106.093586669000089, -1.829560181, 0.0 ], [ 106.093522792000044, -1.829609953999939, 0.0 ], [ 106.093401689000061, -1.829663486999928, 0.0 ], [ 106.093323308000066, -1.829690082999908, 0.0 ], [ 106.093224120000031, -1.829730523999967, 0.0 ], [ 106.09314277600005, -1.829780297, 0.0 ], [ 106.093401752000062, -1.83011068099998, 0.0 ], [ 106.093457130000033, -1.830202368999928, 0.0 ], [ 106.09339717900005, -1.8302760999999, 0.0 ], [ 106.09326165500002, -1.830342035999938, 0.0 ], [ 106.093123758000075, -1.830351526999924, 0.0 ], [ 106.092960150000039, -1.830357117999942, 0.0 ], [ 106.092804406000113, -1.830477157999927, 0.0 ], [ 106.09275001900005, -1.830731190999896, 0.0 ], [ 106.092766539000095, -1.830993801999953, 0.0 ], [ 106.09281577200008, -1.831241500999931, 0.0 ], [ 106.092869641000092, -1.831422561999902, 0.0 ], [ 106.093038609000047, -1.831257041999973, 0.0 ], [ 106.093204609000097, -1.831341605999953, 0.0 ], [ 106.093423416000078, -1.83114548199998, 0.0 ], [ 106.093637791000063, -1.831333496999904, 0.0 ], [ 106.093780474000056, -1.831513724999984, 0.0 ], [ 106.093908355000067, -1.831695515000015, 0.0 ], [ 106.093979320000074, -1.831799740999934, 0.0 ], [ 106.094102459000041, -1.831869433999928, 0.0 ], [ 106.094240333000087, -1.831827014999971, 0.0 ], [ 106.094444450000097, -1.831806509999962, 0.0 ], [ 106.094593324000073, -1.831919307999969, 0.0 ], [ 106.094622206000068, -1.832003955999956, 0.0 ], [ 106.094493061000037, -1.832317617999974, 0.0 ], [ 106.094559365000109, -1.832442224999981, 0.0 ], [ 106.09455166, -1.832590395999984, 0.0 ], [ 106.094466054000108, -1.832742531999959, 0.0 ], [ 106.094482499000051, -1.832882067999958, 0.0 ], [ 106.094583106000115, -1.833052116, 0.0 ], [ 106.094750775000037, -1.833321698, 0.0 ], [ 106.094908121000088, -1.833261230999978, 0.0 ], [ 106.095051448000049, -1.833226651999959, 0.0 ], [ 106.095249350000088, -1.833228881999966, 0.0 ], [ 106.095497884000039, -1.833237348999956, 0.0 ], [ 106.095672410000091, -1.833241166999916, 0.0 ], [ 106.095890572000116, -1.833271606999948, 0.0 ], [ 106.096160946000012, -1.833303578999929, 0.0 ], [ 106.09606305300008, -1.833752842999975, 0.0 ], [ 106.09607616000001, -1.833932, 0.0 ], [ 106.096047884000072, -1.834042219999938, 0.0 ], [ 106.096008624000021, -1.834113548999977, 0.0 ], [ 106.096208379000117, -1.834164641999942, 0.0 ], [ 106.096558291000022, -1.834296671999941, 0.0 ], [ 106.096630290000036, -1.834029540999954, 0.0 ], [ 106.096165033, -1.833872948999965, 0.0 ], [ 106.096199724000115, -1.83371151099993, 0.0 ], [ 106.096249924000091, -1.83362396399997, 0.0 ], [ 106.096378135000037, -1.833627122999965, 0.0 ], [ 106.09650312400008, -1.833634824999891, 0.0 ], [ 106.096698344000075, -1.83364897, 0.0 ], [ 106.097316936000098, -1.833774213999967, 0.0 ], [ 106.097266352000076, -1.833377443, 0.0 ], [ 106.097244407000048, -1.833169354999925, 0.0 ], [ 106.097238859000115, -1.833002612999985, 0.0 ], [ 106.09689771000005, -1.832988837999911, 0.0 ], [ 106.096905967000012, -1.832818251999918, 0.0 ], [ 106.096937007000093, -1.832683164999932, 0.0 ], [ 106.096979635000068, -1.832520028999935, 0.0 ], [ 106.097010188000112, -1.832352232999907, 0.0 ], [ 106.097030535000016, -1.832209679999925, 0.0 ], [ 106.097039743000067, -1.832066193999954, 0.0 ], [ 106.097060096000064, -1.831934857999923, 0.0 ], [ 106.09707258000013, -1.831842775999942, 0.0 ], [ 106.097331330000131, -1.831916853999943, 0.0 ], [ 106.097315931000097, -1.832124123999951, 0.0 ], [ 106.097693849, -1.832171252999943, 0.0 ], [ 106.09766766400007, -1.832573868999948, 0.0 ], [ 106.097806423000094, -1.832578214999953, 0.0 ], [ 106.097775344000098, -1.833390090999981, 0.0 ], [ 106.09779409000005, -1.834028333999943, 0.0 ], [ 106.097847989000073, -1.834539491999959, 0.0 ], [ 106.097854670000089, -1.834658417999941, 0.0 ], [ 106.098063913, -1.83467380299997, 0.0 ], [ 106.098068679000036, -1.835266255999962, 0.0 ], [ 106.098133289000046, -1.835268432999965, 0.0 ], [ 106.098135631000062, -1.835496695999933, 0.0 ], [ 106.098263379000059, -1.835503264999944, 0.0 ], [ 106.098348372, -1.835229883999973, 0.0 ], [ 106.098395977000024, -1.835034098999938, 0.0 ], [ 106.098408245000059, -1.834689103, 0.0 ], [ 106.098265077000022, -1.834675894999966, 0.0 ], [ 106.098273671000115, -1.834323519999942, 0.0 ], [ 106.098461620000123, -1.834325619999938, 0.0 ], [ 106.098483184000131, -1.833569163999965, 0.0 ], [ 106.098424441000063, -1.833563284000012, 0.0 ], [ 106.098433299000092, -1.832432304999959, 0.0 ], [ 106.098265912, -1.83243314099994, 0.0 ], [ 106.098264302000047, -1.832195278999976, 0.0 ], [ 106.097911906000022, -1.832191796999955, 0.0 ], [ 106.097903689000063, -1.831970186, 0.0 ], [ 106.098321444000078, -1.831994306999957, 0.0 ], [ 106.098577669000051, -1.832011878, 0.0 ], [ 106.098578268000011, -1.831786570999911, 0.0 ], [ 106.098908624000074, -1.831791613999973, 0.0 ], [ 106.098918775000115, -1.831531004999904, 0.0 ], [ 106.098926394000031, -1.831346895999947, 0.0 ], [ 106.098934029000048, -1.831188710999915, 0.0 ], [ 106.099485327000096, -1.831203161999956, 0.0 ], [ 106.099477799000098, -1.832094802999923, 0.0 ], [ 106.098889763000017, -1.832132841999962, 0.0 ], [ 106.098884537000032, -1.832436648999964, 0.0 ], [ 106.09888145400005, -1.832657713999958, 0.0 ], [ 106.098876406000073, -1.832842472999968, 0.0 ], [ 106.098875895000035, -1.833047968999918, 0.0 ], [ 106.09925740400007, -1.833060443999973, 0.0 ], [ 106.099221983000064, -1.833972780999965, 0.0 ], [ 106.099424608000049, -1.833967489999972, 0.0 ], [ 106.099407394000039, -1.834631607999943, 0.0 ], [ 106.099148243000087, -1.83463694099994, 0.0 ], [ 106.099171467000062, -1.835394853999945, 0.0 ], [ 106.099087039, -1.835398595999988, 0.0 ], [ 106.09908302300002, -1.836036111999889, 0.0 ], [ 106.098763686000069, -1.836070291999964, 0.0 ], [ 106.098754312000011, -1.836513015, 0.0 ], [ 106.098748037000107, -1.836795013999976, 0.0 ], [ 106.099217118000112, -1.83679469699995, 0.0 ], [ 106.099204704000059, -1.836515947999978, 0.0 ], [ 106.099309718000129, -1.836508754, 0.0 ], [ 106.099307050000093, -1.836366785999894, 0.0 ], [ 106.099785077000021, -1.836339263999926, 0.0 ], [ 106.09981683400008, -1.83664263099998, 0.0 ], [ 106.100386452000052, -1.836796568999927, 0.0 ], [ 106.100446136000102, -1.836418590999917, 0.0 ], [ 106.100837298000044, -1.836571987, 0.0 ], [ 106.100845768000042, -1.836736637999942, 0.0 ], [ 106.101099505000064, -1.836932822999921, 0.0 ], [ 106.101139888000034, -1.837123337999963, 0.0 ], [ 106.101180539000026, -1.837315109999932, 0.0 ], [ 106.101257673000106, -1.837541037999885, 0.0 ], [ 106.101145816000084, -1.837556791999945, 0.0 ], [ 106.101056900000103, -1.837602979999947, 0.0 ], [ 106.100947205000082, -1.83765656099994, 0.0 ], [ 106.100856150000098, -1.837702442, 0.0 ], [ 106.100745527000086, -1.837739416999956, 0.0 ], [ 106.100602500000065, -1.837765647, 0.0 ], [ 106.100497972000127, -1.837772169999913, 0.0 ], [ 106.100205613000099, -1.837734123999962, 0.0 ], [ 106.099915689000085, -1.837721992999936, 0.0 ], [ 106.099911047000063, -1.837511957999966, 0.0 ], [ 106.099790574000039, -1.837507491999951, 0.0 ], [ 106.099765214000072, -1.836979184999938, 0.0 ], [ 106.099586738000042, -1.837030447, 0.0 ], [ 106.099398575000109, -1.837090310999984, 0.0 ], [ 106.099161917000075, -1.837183778999901, 0.0 ], [ 106.099232643000065, -1.837516267999967, 0.0 ], [ 106.098618960000081, -1.837878116999975, 0.0 ], [ 106.09857560500005, -1.837806856999941, 0.0 ], [ 106.098509107000055, -1.837717137999978, 0.0 ], [ 106.098456205000033, -1.837648108999951, 0.0 ], [ 106.098357741000058, -1.837546559999987, 0.0 ], [ 106.098103614000081, -1.837328457999971, 0.0 ], [ 106.097987316000044, -1.837222199999972, 0.0 ], [ 106.097702572000031, -1.837632373999981, 0.0 ], [ 106.097472322000073, -1.837444368999969, 0.0 ], [ 106.097550136000024, -1.837296579999909, 0.0 ], [ 106.09715260100009, -1.836983847999968, 0.0 ], [ 106.097098701000064, -1.837045391999909, 0.0 ], [ 106.096762312000038, -1.83675976, 0.0 ], [ 106.095959619000055, -1.837387410999963, 0.0 ], [ 106.095900309000029, -1.837422427000019, 0.0 ], [ 106.095945285000113, -1.837466423999929, 0.0 ], [ 106.095691872000103, -1.837625781999969, 0.0 ], [ 106.095459941000101, -1.837098215999927, 0.0 ], [ 106.095348222, -1.837092016999947, 0.0 ], [ 106.095263834000036, -1.837090621999921, 0.0 ], [ 106.095197673000072, -1.837094523999977, 0.0 ], [ 106.095102756000031, -1.837116771999953, 0.0 ], [ 106.094972856000126, -1.837163645000012, 0.0 ], [ 106.094927812000037, -1.837197928, 0.0 ], [ 106.094870295000078, -1.837227387999957, 0.0 ], [ 106.094961786000098, -1.837423612999939, 0.0 ], [ 106.095098999000072, -1.837368647999921, 0.0 ], [ 106.095312620000072, -1.837809938999929, 0.0 ], [ 106.094985513000012, -1.838003716999975, 0.0 ], [ 106.09500351300008, -1.838036875999966, 0.0 ], [ 106.094817194000115, -1.838144323999885, 0.0 ], [ 106.094649111000066, -1.837694565999887, 0.0 ], [ 106.094491534000085, -1.837762205999977, 0.0 ], [ 106.094573169000085, -1.837981654999926, 0.0 ], [ 106.094359255000072, -1.838046914999908, 0.0 ], [ 106.094301581000096, -1.837819001999969, 0.0 ], [ 106.094065503000095, -1.837892117999979, 0.0 ], [ 106.094048045000079, -1.837775143999981, 0.0 ], [ 106.093897026, -1.837787899999971, 0.0 ], [ 106.093867287000037, -1.837165582999906, 0.0 ], [ 106.093754030000085, -1.837187958999981, 0.0 ], [ 106.093750914000097, -1.837001622999929, 0.0 ], [ 106.093510001000055, -1.837017456999907, 0.0 ], [ 106.093499665000081, -1.836769613999917, 0.0 ], [ 106.093292888000036, -1.836747425999946, 0.0 ], [ 106.093176738000096, -1.836933835999916, 0.0 ], [ 106.093073153000063, -1.837101541999936, 0.0 ], [ 106.092998859000033, -1.837128125999915, 0.0 ], [ 106.092437244000024, -1.837034398999976, 0.0 ], [ 106.092455098000073, -1.836825732999942, 0.0 ], [ 106.092978321000032, -1.836865817999972, 0.0 ], [ 106.093092651000077, -1.836643823, 0.0 ], [ 106.093288033000078, -1.836642499999969, 0.0 ], [ 106.093453582000095, -1.836546586999938, 0.0 ], [ 106.093538925000047, -1.836551364999978, 0.0 ], [ 106.093593105000096, -1.836549396999904, 0.0 ], [ 106.093649176000028, -1.836509806, 0.0 ], [ 106.09368606300005, -1.836454306999941, 0.0 ], [ 106.093749310000049, -1.836387203999984, 0.0 ], [ 106.093829349, -1.836350013999927, 0.0 ], [ 106.093894562000074, -1.836352378999945, 0.0 ], [ 106.093963122000062, -1.836361988999941, 0.0 ], [ 106.094041759000092, -1.836369176999914, 0.0 ], [ 106.094143884000104, -1.836371528999931, 0.0 ], [ 106.094258953000022, -1.836372905999956, 0.0 ], [ 106.09431935800005, -1.836365142999935, 0.0 ], [ 106.094408515000055, -1.836330841999939, 0.0 ], [ 106.094509161000033, -1.836267099999906, 0.0 ], [ 106.094606453, -1.836200943999938, 0.0 ], [ 106.094653401000073, -1.836148332999938, 0.0 ], [ 106.094727225000042, -1.836120300999927, 0.0 ], [ 106.094821181, -1.836098534, 0.0 ], [ 106.094677268000083, -1.835999346999956, 0.0 ], [ 106.095171449000119, -1.835584755999936, 0.0 ], [ 106.094911251000084, -1.835436568999932, 0.0 ], [ 106.095116095000066, -1.835238643999987, 0.0 ], [ 106.094668240000047, -1.834961527999973, 0.0 ], [ 106.09437502300004, -1.834708432999904, 0.0 ], [ 106.094150177000088, -1.834537908999917, 0.0 ], [ 106.094009866000107, -1.834418593999904, 0.0 ], [ 106.093770013000068, -1.834198028999951, 0.0 ], [ 106.093660498000077, -1.834457405999918, 0.0 ], [ 106.093578492000034, -1.834634748999936, 0.0 ], [ 106.093392654000112, -1.834539577999966, 0.0 ], [ 106.093239377000131, -1.834786316999954, 0.0 ], [ 106.093492996000066, -1.83496827599991, 0.0 ], [ 106.093449894000059, -1.835047305999965, 0.0 ], [ 106.093672901000033, -1.83515088599992, 0.0 ], [ 106.09387412100007, -1.834905328999942, 0.0 ], [ 106.094163708000053, -1.835102343999989, 0.0 ], [ 106.093811598000045, -1.835646333999969, 0.0 ], [ 106.09372619, -1.835635458999957, 0.0 ], [ 106.093589087000026, -1.835619333999955, 0.0 ], [ 106.093457965000098, -1.835576827999902, 0.0 ], [ 106.093308474000082, -1.835516241999952, 0.0 ], [ 106.093175082000059, -1.835453376, 0.0 ], [ 106.093034960000097, -1.835392033999978, 0.0 ], [ 106.092859240000038, -1.835321658999928, 0.0 ], [ 106.092789276000104, -1.83529496999994, 0.0 ], [ 106.092732987000062, -1.83527349599994, 0.0 ], [ 106.092595483000053, -1.835218176999981, 0.0 ], [ 106.092496939000071, -1.835159441, 0.0 ], [ 106.09244482900003, -1.835091631, 0.0 ], [ 106.09250022, -1.835011317999919, 0.0 ], [ 106.09260055300004, -1.834937381000018, 0.0 ], [ 106.0926743160001, -1.834880421000013, 0.0 ], [ 106.09275255900009, -1.83481668299989, 0.0 ], [ 106.09282669000001, -1.834761233999921, 0.0 ], [ 106.092882461000087, -1.834701642999964, 0.0 ], [ 106.092962851000081, -1.834455861999968, 0.0 ], [ 106.093125955000076, -1.834122205999983, 0.0 ], [ 106.09340417, -1.833544374999957, 0.0 ], [ 106.093215048000076, -1.833404431999925, 0.0 ], [ 106.092767464000076, -1.834045096, 0.0 ], [ 106.092138768000012, -1.833626626999924, 0.0 ], [ 106.092349305000113, -1.833345044999896, 0.0 ], [ 106.091557506000058, -1.832726478999963, 0.0 ], [ 106.091068063000066, -1.833125689999954, 0.0 ], [ 106.091164308000131, -1.833233489999903, 0.0 ], [ 106.090820906000047, -1.833535097999989, 0.0 ], [ 106.090491315000037, -1.833191035999943, 0.0 ], [ 106.0907420610001, -1.832961503999958, 0.0 ], [ 106.091048866000079, -1.832763968999957, 0.0 ], [ 106.091419313000088, -1.832510012999905, 0.0 ], [ 106.091605113000099, -1.832304356999942, 0.0 ], [ 106.09136789500009, -1.83217300699991, 0.0 ], [ 106.091117822000101, -1.832014707999957, 0.0 ], [ 106.090970293000055, -1.831932762999927, 0.0 ], [ 106.090818914000053, -1.831848678999987, 0.0 ], [ 106.090619856000018, -1.831728286999973, 0.0 ], [ 106.090102143000081, -1.831452785999915, 0.0 ], [ 106.089789075000027, -1.832130799999971, 0.0 ], [ 106.08987315800006, -1.832180471999906, 0.0 ], [ 106.089706824000061, -1.832585, 0.0 ], [ 106.089979412000048, -1.832679151999955, 0.0 ], [ 106.089866484000126, -1.83294781099998, 0.0 ], [ 106.089262122000036, -1.83261551299993, 0.0 ], [ 106.089130402000066, -1.832981576999932, 0.0 ], [ 106.08878134800004, -1.832813153999941, 0.0 ], [ 106.088888162000089, -1.832543982999963, 0.0 ], [ 106.089005380000017, -1.83262028299997, 0.0 ], [ 106.089183403000092, -1.832174226999922, 0.0 ], [ 106.088941378000058, -1.83209082999995, 0.0 ], [ 106.089115851000102, -1.831661175999927, 0.0 ], [ 106.088836077000039, -1.831487065, 0.0 ], [ 106.088972345000045, -1.831061541999962, 0.0 ], [ 106.088752704000072, -1.830931989, 0.0 ], [ 106.088885992000087, -1.830630508999914, 0.0 ], [ 106.088697871000065, -1.830521380999945, 0.0 ], [ 106.088615257000072, -1.830478582999956, 0.0 ], [ 106.089404078000058, -1.829129141999947, 0.0 ], [ 106.089841330000084, -1.829371956999965, 0.0 ], [ 106.09003755600007, -1.829092029999985, 0.0 ], [ 106.089869807000042, -1.829042290999955, 0.0 ], [ 106.09050721200002, -1.82831614, 0.0 ], [ 106.090259417000127, -1.828101185999981, 0.0 ], [ 106.090438258000091, -1.82780465399996, 0.0 ], [ 106.090282615, -1.82766135, 0.0 ], [ 106.090504919000097, -1.82739102299993, 0.0 ] ], [ [ 106.091418377000096, -1.828168591999963, 0.0 ], [ 106.091183625000042, -1.828456837, 0.0 ], [ 106.091050088000088, -1.828598752999938, 0.0 ], [ 106.090742342000027, -1.828369944000014, 0.0 ], [ 106.090443804000103, -1.828800794999958, 0.0 ], [ 106.09096235500003, -1.82920456199997, 0.0 ], [ 106.091257657000128, -1.828905098999972, 0.0 ], [ 106.091547077000087, -1.82853270599998, 0.0 ], [ 106.091878312000048, -1.828759293999988, 0.0 ], [ 106.091989019000067, -1.828504366999945, 0.0 ], [ 106.091837014000092, -1.828447572999953, 0.0 ], [ 106.091910146000018, -1.827957954999943, 0.0 ], [ 106.091802630000089, -1.827899078999956, 0.0 ], [ 106.091697148000065, -1.827844291999953, 0.0 ], [ 106.091623798000043, -1.827852024999971, 0.0 ], [ 106.091582034000055, -1.827871534999898, 0.0 ], [ 106.091546013000084, -1.827991220999942, 0.0 ], [ 106.091418377000096, -1.828168591999963, 0.0 ] ], [ [ 106.092766841000113, -1.828714959999961, 0.0 ], [ 106.092769497000063, -1.828811049999918, 0.0 ], [ 106.092765834000033, -1.828893303999974, 0.0 ], [ 106.092745823000058, -1.828982305999966, 0.0 ], [ 106.092715020000085, -1.829048501999936, 0.0 ], [ 106.092670476000052, -1.829122179, 0.0 ], [ 106.092621095000041, -1.829180914999967, 0.0 ], [ 106.092569099000102, -1.829225433, 0.0 ], [ 106.092537531000062, -1.829246021999936, 0.0 ], [ 106.092466958000088, -1.829284571999929, 0.0 ], [ 106.092372229000063, -1.829320522999972, 0.0 ], [ 106.092221543000022, -1.829347389999975, 0.0 ], [ 106.092181398000079, -1.829441804999971, 0.0 ], [ 106.092128359000043, -1.829529479999942, 0.0 ], [ 106.092062443000103, -1.829613534999969, 0.0 ], [ 106.091975903000048, -1.829693975999963, 0.0 ], [ 106.091900689000042, -1.829758326999959, 0.0 ], [ 106.091829088000068, -1.829819049, 0.0 ], [ 106.09176934, -1.829889613999986, 0.0 ], [ 106.091758039000041, -1.829947186999953, 0.0 ], [ 106.091785904000048, -1.830001624000016, 0.0 ], [ 106.092074247000099, -1.829823665999947, 0.0 ], [ 106.09232103300009, -1.830003765999927, 0.0 ], [ 106.092623355000057, -1.829765708999948, 0.0 ], [ 106.092360368000058, -1.829493281999967, 0.0 ], [ 106.092490971000117, -1.829374270999979, 0.0 ], [ 106.09281255100008, -1.829408790999904, 0.0 ], [ 106.093000549000095, -1.829493632, 0.0 ], [ 106.093297771000081, -1.829310249999922, 0.0 ], [ 106.093455551000076, -1.829211899999955, 0.0 ], [ 106.093572958000024, -1.829109883999952, 0.0 ], [ 106.093607380000023, -1.828978368, 0.0 ], [ 106.093602833, -1.82874345700001, 0.0 ], [ 106.093433238, -1.828735437999968, 0.0 ], [ 106.093404373000013, -1.828350584999922, 0.0 ], [ 106.093061661, -1.828365575999919, 0.0 ], [ 106.093062441000058, -1.82843548799993, 0.0 ], [ 106.09306061400008, -1.828476990999989, 0.0 ], [ 106.093056166000068, -1.828496060999968, 0.0 ], [ 106.092972586000087, -1.828535369999934, 0.0 ], [ 106.092942116000046, -1.828542499, 0.0 ], [ 106.092849234000099, -1.828556385999986, 0.0 ], [ 106.092777156000082, -1.828571382999983, 0.0 ], [ 106.092764559000017, -1.828627472999917, 0.0 ], [ 106.092766841000113, -1.828714959999961, 0.0 ] ], [ [ 106.089741030000042, -1.83008562399995, 0.0 ], [ 106.089493874000112, -1.829948380999963, 0.0 ], [ 106.089446243000083, -1.830035229999955, 0.0 ], [ 106.089574360000114, -1.83010637199989, 0.0 ], [ 106.089395584000059, -1.830432338999949, 0.0 ], [ 106.089514623000056, -1.830498439999912, 0.0 ], [ 106.089741030000042, -1.83008562399995, 0.0 ] ], [ [ 106.089408088000127, -1.830505686999978, 0.0 ], [ 106.089057732000086, -1.830265686999927, 0.0 ], [ 106.088983196000044, -1.830375852999983, 0.0 ], [ 106.089333552000085, -1.830615853999945, 0.0 ], [ 106.089408088000127, -1.830505686999978, 0.0 ] ], [ [ 106.089765268000093, -1.829462160999968, 0.0 ], [ 106.089658150000034, -1.829390436999984, 0.0 ], [ 106.089360702000107, -1.829840210999984, 0.0 ], [ 106.089467819000092, -1.829911934999967, 0.0 ], [ 106.089765268000093, -1.829462160999968, 0.0 ] ], [ [ 106.089326108000094, -1.829826495999915, 0.0 ], [ 106.089614728000072, -1.829374854999938, 0.0 ], [ 106.089511666000078, -1.829308171000016, 0.0 ], [ 106.08922304700009, -1.829759812, 0.0 ], [ 106.089326108000094, -1.829826495999915, 0.0 ] ] ], [ [ [ 106.085147209000098, -1.82703571900002, 0.0 ], [ 106.085711807000095, -1.82760751, 0.0 ], [ 106.08587216100004, -1.82736282, 0.0 ], [ 106.086961175000084, -1.828179561999982, 0.0 ], [ 106.086345488000035, -1.829211063999975, 0.0 ], [ 106.086646072000036, -1.829392557999982, 0.0 ], [ 106.087811823000024, -1.830046918999945, 0.0 ], [ 106.088152589000074, -1.830231765999963, 0.0 ], [ 106.088331410000123, -1.830332858999978, 0.0 ], [ 106.088485533000082, -1.830411983999952, 0.0 ], [ 106.088422726000033, -1.830837429999982, 0.0 ], [ 106.088068564000039, -1.830681211999935, 0.0 ], [ 106.087906975000081, -1.830982030999956, 0.0 ], [ 106.086936904000112, -1.830377498999941, 0.0 ], [ 106.087018128000082, -1.830171454999946, 0.0 ], [ 106.085381457000025, -1.829018306999925, 0.0 ], [ 106.085333053000014, -1.829073514999963, 0.0 ], [ 106.084306213000048, -1.828288772999959, 0.0 ], [ 106.084549491000104, -1.827913178999968, 0.0 ], [ 106.085147209000098, -1.82703571900002, 0.0 ] ] ] ] } },
{ "type": "Feature", "properties": { "fid": 48, "NAMOBJ": "Batuberdaun", "FCODE": null, "REMARK": "Permukiman dan Tempat Kegiatan", "SRS_ID": null, "LCODE": "GA0040", "METADATA": null, "SHAPE_Leng": 0.01065329691, "SHAPE_Area": 3.7792e-06 }, "geometry": { "type": "MultiPolygon", "coordinates": [ [ [ [ 106.109774322000092, -1.825454436000013, 0.0 ], [ 106.109647103000043, -1.825692863999934, 0.0 ], [ 106.11008757900008, -1.82593470299996, 0.0 ], [ 106.1093472740001, -1.826998724999979, 0.0 ], [ 106.108924565000038, -1.826750062999921, 0.0 ], [ 106.108636810000036, -1.827163894999967, 0.0 ], [ 106.108417947000035, -1.827438307999935, 0.0 ], [ 106.108287824000016, -1.827660718999952, 0.0 ], [ 106.107985610000057, -1.828113823999961, 0.0 ], [ 106.107527373000067, -1.827847835999891, 0.0 ], [ 106.107961313, -1.827103200999919, 0.0 ], [ 106.107587151000047, -1.826887860999954, 0.0 ], [ 106.108124141000062, -1.826268209000021, 0.0 ], [ 106.107553388, -1.82587910799989, 0.0 ], [ 106.107911612000066, -1.825200018000012, 0.0 ], [ 106.108742801000091, -1.825658037999983, 0.0 ], [ 106.109086915000063, -1.82513379199995, 0.0 ], [ 106.109774322000092, -1.825454436000013, 0.0 ] ] ] ] } },
{ "type": "Feature", "properties": { "fid": 49, "NAMOBJ": "Bukit Kuala", "FCODE": null, "REMARK": "Permukiman dan Tempat Kegiatan", "SRS_ID": null, "LCODE": "GA0040", "METADATA": null, "SHAPE_Leng": 0.04440813492, "SHAPE_Area": 1.432256e-05 }, "geometry": { "type": "MultiPolygon", "coordinates": [ [ [ [ 106.117953024000101, -1.826325212999941, 0.0 ], [ 106.118047116000071, -1.827281514999929, 0.0 ], [ 106.118345359000045, -1.827232500999959, 0.0 ], [ 106.118415748000103, -1.827639403999965, 0.0 ], [ 106.118077086000056, -1.827673646999956, 0.0 ], [ 106.117300559000029, -1.827761710999959, 0.0 ], [ 106.117120105000097, -1.826908127999944, 0.0 ], [ 106.11760298500009, -1.826843511999926, 0.0 ], [ 106.117531689000046, -1.826392169999974, 0.0 ], [ 106.117953024000101, -1.826325212999941, 0.0 ] ] ], [ [ [ 106.114102196000061, -1.821688703999919, 0.0 ], [ 106.113625491000064, -1.822163012, 0.0 ], [ 106.114357461000054, -1.822959330999979, 0.0 ], [ 106.113892573000044, -1.823411007999959, 0.0 ], [ 106.114497790000115, -1.824044241999951, 0.0 ], [ 106.114715468, -1.823861883999961, 0.0 ], [ 106.115480760000082, -1.824944017999969, 0.0 ], [ 106.11595049900005, -1.824693617999945, 0.0 ], [ 106.115858071000048, -1.824522171999971, 0.0 ], [ 106.116727753000063, -1.824065473999931, 0.0 ], [ 106.116930443000044, -1.824826317, 0.0 ], [ 106.117076525000044, -1.825338427, 0.0 ], [ 106.117366477000061, -1.82527035899997, 0.0 ], [ 106.117474685000047, -1.826086122999965, 0.0 ], [ 106.116813152000105, -1.826260418999909, 0.0 ], [ 106.116695691000075, -1.825804344999921, 0.0 ], [ 106.116481503000017, -1.825889037, 0.0 ], [ 106.116323782000023, -1.825406783999978, 0.0 ], [ 106.116096601000066, -1.825530785999935, 0.0 ], [ 106.116528144000057, -1.826663148999924, 0.0 ], [ 106.115853727000044, -1.826880461999964, 0.0 ], [ 106.116020926000019, -1.827421268999946, 0.0 ], [ 106.115483554000051, -1.827564189999959, 0.0 ], [ 106.115393263000044, -1.827012823, 0.0 ], [ 106.11505242200009, -1.82708210799995, 0.0 ], [ 106.11492299800004, -1.826424760999918, 0.0 ], [ 106.115177459000037, -1.826398406999957, 0.0 ], [ 106.115093180000088, -1.82600304399993, 0.0 ], [ 106.115493684000086, -1.825888268999937, 0.0 ], [ 106.115423247000123, -1.825750360999984, 0.0 ], [ 106.115349666000071, -1.825632426, 0.0 ], [ 106.115278351000129, -1.825527641999941, 0.0 ], [ 106.115188971000109, -1.82538748399998, 0.0 ], [ 106.115110421000082, -1.825256844, 0.0 ], [ 106.114965070000054, -1.825040475999956, 0.0 ], [ 106.114697909000057, -1.824748409999949, 0.0 ], [ 106.114210795000076, -1.825060329999912, 0.0 ], [ 106.113823476, -1.824617521999955, 0.0 ], [ 106.113366306000017, -1.824137843999968, 0.0 ], [ 106.11289255700008, -1.823659361, 0.0 ], [ 106.112735031000099, -1.823480809999961, 0.0 ], [ 106.112604889000082, -1.823583313, 0.0 ], [ 106.111980600000024, -1.822732137999922, 0.0 ], [ 106.11211426000007, -1.822593902999942, 0.0 ], [ 106.111648698000096, -1.82194629, 0.0 ], [ 106.111451111000093, -1.82207028099996, 0.0 ], [ 106.111201217000115, -1.821831046999972, 0.0 ], [ 106.111506990000095, -1.821379241999982, 0.0 ], [ 106.111630152000075, -1.82146175099997, 0.0 ], [ 106.111728518000049, -1.821537473999929, 0.0 ], [ 106.11188780100008, -1.821680772999973, 0.0 ], [ 106.111989340000036, -1.821799594999946, 0.0 ], [ 106.11207418100004, -1.821898473999956, 0.0 ], [ 106.112150464000052, -1.821997346999965, 0.0 ], [ 106.112212746000054, -1.822076266999923, 0.0 ], [ 106.11239610500003, -1.822015140999928, 0.0 ], [ 106.112530436000043, -1.821985515999963, 0.0 ], [ 106.112637600000127, -1.821955155999938, 0.0 ], [ 106.112760904000112, -1.821903373999917, 0.0 ], [ 106.112848946000028, -1.821811714999972, 0.0 ], [ 106.112940646000055, -1.821705282999958, 0.0 ], [ 106.113044081000098, -1.82157446699997, 0.0 ], [ 106.113226722000022, -1.821310631, 0.0 ], [ 106.113327236000075, -1.821197544999959, 0.0 ], [ 106.113475443000084, -1.821058578, 0.0 ], [ 106.114102196000061, -1.821688703999919, 0.0 ] ] ], [ [ [ 106.116318124000088, -1.821112681999954, 0.0 ], [ 106.115819872000074, -1.821175406, 0.0 ], [ 106.115737892000041, -1.820745424999942, 0.0 ], [ 106.115869270000076, -1.820692898999948, 0.0 ], [ 106.115987435000093, -1.82063077299996, 0.0 ], [ 106.116301532000051, -1.820444420999906, 0.0 ], [ 106.116498977000049, -1.820383719999946, 0.0 ], [ 106.116708198000126, -1.820368076999984, 0.0 ], [ 106.116712061, -1.820640859, 0.0 ], [ 106.116364024000077, -1.820657719999969, 0.0 ], [ 106.116300065000104, -1.820880369999917, 0.0 ], [ 106.116318124000088, -1.821112681999954, 0.0 ] ] ], [ [ [ 106.118860728000058, -1.818010973, 0.0 ], [ 106.118854707000096, -1.818217565999952, 0.0 ], [ 106.118637238000048, -1.818298685999914, 0.0 ], [ 106.118476824000098, -1.81837926299992, 0.0 ], [ 106.118412178000071, -1.818460287999963, 0.0 ], [ 106.118284469000073, -1.818705383, 0.0 ], [ 106.118533737000092, -1.818714435999941, 0.0 ], [ 106.118724604000079, -1.818704710999936, 0.0 ], [ 106.118830311000025, -1.818687657999946, 0.0 ], [ 106.118809763000016, -1.818864979999963, 0.0 ], [ 106.118739087000037, -1.819564565999937, 0.0 ], [ 106.118677432000084, -1.81958750699997, 0.0 ], [ 106.118604021000053, -1.81959715999997, 0.0 ], [ 106.117869906000053, -1.81963676699996, 0.0 ], [ 106.117932867000022, -1.819356017999913, 0.0 ], [ 106.117543299000033, -1.819321315999972, 0.0 ], [ 106.117438758000091, -1.819312003999912, 0.0 ], [ 106.116902098000097, -1.819308636999989, 0.0 ], [ 106.116976013000084, -1.818932587999961, 0.0 ], [ 106.116984772000094, -1.818851327999899, 0.0 ], [ 106.117093952000076, -1.818502582999909, 0.0 ], [ 106.117157700000107, -1.818202323999935, 0.0 ], [ 106.117091468000041, -1.818192957999959, 0.0 ], [ 106.117156787000027, -1.817988307, 0.0 ], [ 106.117909998000087, -1.818057840999971, 0.0 ], [ 106.11796135700007, -1.817957457999925, 0.0 ], [ 106.118044689000044, -1.817896258999924, 0.0 ], [ 106.118196577000091, -1.817839719999953, 0.0 ], [ 106.118357823000011, -1.817797287, 0.0 ], [ 106.118470771000034, -1.81777527199995, 0.0 ], [ 106.118566585000053, -1.817753259, 0.0 ], [ 106.118607876000098, -1.81774068799993, 0.0 ], [ 106.118757432000038, -1.817694344999915, 0.0 ], [ 106.118895294000083, -1.817632323999935, 0.0 ], [ 106.118956432000076, -1.817968389999941, 0.0 ], [ 106.118860728000058, -1.818010973, 0.0 ] ] ] ] } },
{ "type": "Feature", "properties": { "fid": 50, "NAMOBJ": "Hakok", "FCODE": null, "REMARK": "Permukiman dan Tempat Kegiatan", "SRS_ID": null, "LCODE": "GA0040", "METADATA": null, "SHAPE_Leng": 0.01652567702, "SHAPE_Area": 4.27035e-06 }, "geometry": { "type": "MultiPolygon", "coordinates": [ [ [ [ 106.107759392000091, -1.822820633999961, 0.0 ], [ 106.107754352000114, -1.823720992999939, 0.0 ], [ 106.1073666, -1.823715208, 0.0 ], [ 106.107389072000089, -1.823228544999961, 0.0 ], [ 106.107264415000074, -1.823229217999928, 0.0 ], [ 106.107290497000108, -1.822750395999923, 0.0 ], [ 106.107759392000091, -1.822820633999961, 0.0 ] ] ], [ [ [ 106.106673284000109, -1.82262049500001, 0.0 ], [ 106.106670241000117, -1.822791782999972, 0.0 ], [ 106.106403546000081, -1.822787731999903, 0.0 ], [ 106.106405882, -1.822683399999975, 0.0 ], [ 106.106197923000124, -1.822692573999935, 0.0 ], [ 106.106227662, -1.822313248999902, 0.0 ], [ 106.106684210000125, -1.822362220999957, 0.0 ], [ 106.106677638000107, -1.822492190999964, 0.0 ], [ 106.106673284000109, -1.82262049500001, 0.0 ] ] ], [ [ [ 106.110544487000041, -1.821187884999959, 0.0 ], [ 106.110638289000079, -1.822606731999938, 0.0 ], [ 106.110768484000104, -1.822605456999921, 0.0 ], [ 106.110721779000059, -1.823639272000016, 0.0 ], [ 106.11050991800002, -1.823662025999945, 0.0 ], [ 106.110518604000035, -1.824311117, 0.0 ], [ 106.110654740000101, -1.824337227999945, 0.0 ], [ 106.110510919000021, -1.825293690999946, 0.0 ], [ 106.11008757900008, -1.82593470299996, 0.0 ], [ 106.109647103000043, -1.825692863999934, 0.0 ], [ 106.109774322000092, -1.825454436000013, 0.0 ], [ 106.109882712000086, -1.825196108999955, 0.0 ], [ 106.109956873, -1.824972755999949, 0.0 ], [ 106.110014160000034, -1.824776115999932, 0.0 ], [ 106.110061341000034, -1.824607640999937, 0.0 ], [ 106.110098361000084, -1.824401307999918, 0.0 ], [ 106.10962615600009, -1.82432834199992, 0.0 ], [ 106.109637494000054, -1.823508928999979, 0.0 ], [ 106.109616146000064, -1.821942637999968, 0.0 ], [ 106.110121968000072, -1.821981844999926, 0.0 ], [ 106.110101120000039, -1.8218172929999, 0.0 ], [ 106.11007303300002, -1.82165032099994, 0.0 ], [ 106.110037213000084, -1.821452281999897, 0.0 ], [ 106.110002866000087, -1.821293075999958, 0.0 ], [ 106.11016165500007, -1.821259373000012, 0.0 ], [ 106.110271673000028, -1.821235704999919, 0.0 ], [ 106.110431299000098, -1.82120293399996, 0.0 ], [ 106.110544487000041, -1.821187884999959, 0.0 ] ] ] ] } },
{ "type": "Feature", "properties": { "fid": 51, "NAMOBJ": "Jalanlaut", "FCODE": null, "REMARK": "Permukiman dan Tempat Kegiatan", "SRS_ID": null, "LCODE": "GA0040", "METADATA": null, "SHAPE_Leng": 0.06118833263, "SHAPE_Area": 2.514145e-05 }, "geometry": { "type": "MultiPolygon", "coordinates": [ [ [ [ 106.117580628000013, -1.839063877999942, 0.0 ], [ 106.117471556000055, -1.83884661, 0.0 ], [ 106.11739672200008, -1.838678772999963, 0.0 ], [ 106.11767058, -1.838546517999945, 0.0 ], [ 106.117791196000027, -1.838073560999892, 0.0 ], [ 106.117600352000053, -1.837880524, 0.0 ], [ 106.117315806000036, -1.837351378999913, 0.0 ], [ 106.117234652000079, -1.837140706999979, 0.0 ], [ 106.117029967000107, -1.836733190999923, 0.0 ], [ 106.116902498000044, -1.836220256999938, 0.0 ], [ 106.116684016000079, -1.835684801999954, 0.0 ], [ 106.116417260000034, -1.835702534999911, 0.0 ], [ 106.116102800000036, -1.8359138729999, 0.0 ], [ 106.11574451900006, -1.836350179999941, 0.0 ], [ 106.115569846000085, -1.836096916999947, 0.0 ], [ 106.115367954000078, -1.836176065999923, 0.0 ], [ 106.115072235000042, -1.835720936999924, 0.0 ], [ 106.115418042000044, -1.835521301999926, 0.0 ], [ 106.115337025000102, -1.835388040999914, 0.0 ], [ 106.115264312000122, -1.835234692999927, 0.0 ], [ 106.115217091000034, -1.835076299999966, 0.0 ], [ 106.115207027000082, -1.834939645999939, 0.0 ], [ 106.115209181000083, -1.834831985999913, 0.0 ], [ 106.115211668000114, -1.834695731999919, 0.0 ], [ 106.114976963000061, -1.834572588999944, 0.0 ], [ 106.115395167000116, -1.833524794999936, 0.0 ], [ 106.116265195000068, -1.833794437999953, 0.0 ], [ 106.116185398000127, -1.834032330999919, 0.0 ], [ 106.116566032, -1.83405656899997, 0.0 ], [ 106.11725081200008, -1.834078878999951, 0.0 ], [ 106.117252744000069, -1.834383169, 0.0 ], [ 106.117144982000028, -1.834377111999935, 0.0 ], [ 106.11710624200002, -1.834963853999988, 0.0 ], [ 106.117489446000022, -1.834926887999949, 0.0 ], [ 106.117591546000114, -1.835615854999934, 0.0 ], [ 106.117854827000059, -1.835574586999983, 0.0 ], [ 106.118012550000046, -1.836270511999921, 0.0 ], [ 106.117842260000074, -1.836329205999982, 0.0 ], [ 106.117994771000085, -1.837027747999959, 0.0 ], [ 106.118213055000027, -1.837299553999977, 0.0 ], [ 106.11877207500001, -1.837702296, 0.0 ], [ 106.11935529400003, -1.837903913999978, 0.0 ], [ 106.119589112000114, -1.838003447999953, 0.0 ], [ 106.119790721000086, -1.838002443999959, 0.0 ], [ 106.120088526000046, -1.836194009999898, 0.0 ], [ 106.119268892000079, -1.835907719999924, 0.0 ], [ 106.119353068000024, -1.835570452, 0.0 ], [ 106.119511616000096, -1.835668233, 0.0 ], [ 106.119646951, -1.83573686599991, 0.0 ], [ 106.119876323000071, -1.835768489999951, 0.0 ], [ 106.120099892, -1.835792328999969, 0.0 ], [ 106.12035438, -1.835792818999921, 0.0 ], [ 106.120575981000044, -1.835762856000017, 0.0 ], [ 106.120714462000052, -1.835702015999957, 0.0 ], [ 106.120856062000129, -1.835029064999966, 0.0 ], [ 106.120973352000064, -1.834368291, 0.0 ], [ 106.120982778000041, -1.834289326999955, 0.0 ], [ 106.120982295, -1.834236229999914, 0.0 ], [ 106.120980881000065, -1.83414411099993, 0.0 ], [ 106.120963677000063, -1.834030229999922, 0.0 ], [ 106.120924357, -1.833904096999967, 0.0 ], [ 106.120796925000036, -1.833491242, 0.0 ], [ 106.120039978000108, -1.833311197999937, 0.0 ], [ 106.120054802000098, -1.832934426999938, 0.0 ], [ 106.119626140000065, -1.832901363999956, 0.0 ], [ 106.119867765000066, -1.830808330999973, 0.0 ], [ 106.120407472000053, -1.830893580999921, 0.0 ], [ 106.120458973000055, -1.831036041999895, 0.0 ], [ 106.120477086000037, -1.831151739999965, 0.0 ], [ 106.120464991000105, -1.831289247999973, 0.0 ], [ 106.120448418000066, -1.831468503999973, 0.0 ], [ 106.120411096000083, -1.831647763999972, 0.0 ], [ 106.121096026, -1.831712587, 0.0 ], [ 106.121042298000091, -1.832483313999917, 0.0 ], [ 106.121275186000076, -1.832487200999972, 0.0 ], [ 106.121223806, -1.833796295999929, 0.0 ], [ 106.12178091, -1.833755546999932, 0.0 ], [ 106.121774212000076, -1.834327191999891, 0.0 ], [ 106.122171200000054, -1.834317029999938, 0.0 ], [ 106.122477184000061, -1.834309198, 0.0 ], [ 106.122580501000087, -1.834308109999911, 0.0 ], [ 106.12259946500005, -1.834965098999914, 0.0 ], [ 106.122739056000057, -1.834951568999949, 0.0 ], [ 106.122735776000056, -1.835256728999973, 0.0 ], [ 106.122827013000048, -1.835244432999933, 0.0 ], [ 106.122830613000076, -1.835452539999921, 0.0 ], [ 106.123116475000103, -1.835381533, 0.0 ], [ 106.123231493000034, -1.835881611999985, 0.0 ], [ 106.123067301000034, -1.835958665999965, 0.0 ], [ 106.12288227000009, -1.836061087, 0.0 ], [ 106.123050374000059, -1.83669403699997, 0.0 ], [ 106.122880481000038, -1.836796023999971, 0.0 ], [ 106.122805, -1.836632068, 0.0 ], [ 106.122720068, -1.836474956999962, 0.0 ], [ 106.122594382000074, -1.836241598999927, 0.0 ], [ 106.122382693000063, -1.83583396299995, 0.0 ], [ 106.122362115000044, -1.835791127999959, 0.0 ], [ 106.12228280000005, -1.835746854999937, 0.0 ], [ 106.122134519000042, -1.835780932, 0.0 ], [ 106.12200827500007, -1.835832724999936, 0.0 ], [ 106.121862211000064, -1.835843407999932, 0.0 ], [ 106.121672052000051, -1.835857314999928, 0.0 ], [ 106.121009862000065, -1.83587546199992, 0.0 ], [ 106.12068474200008, -1.835843257, 0.0 ], [ 106.12058113700003, -1.836343783999944, 0.0 ], [ 106.120448970000027, -1.836982285999928, 0.0 ], [ 106.120331894000103, -1.837593915999908, 0.0 ], [ 106.120610259000046, -1.837696469999956, 0.0 ], [ 106.120730921000074, -1.837760842999953, 0.0 ], [ 106.120841510000076, -1.837830449999939, 0.0 ], [ 106.12094006500007, -1.837905302999915, 0.0 ], [ 106.121014236000079, -1.837972979, 0.0 ], [ 106.121104354000067, -1.838055036999958, 0.0 ], [ 106.121177878000111, -1.838138733999956, 0.0 ], [ 106.121219544000013, -1.838208068, 0.0 ], [ 106.12127423200009, -1.838317293999986, 0.0 ], [ 106.121376460000107, -1.838545247999929, 0.0 ], [ 106.121548981000089, -1.83887785, 0.0 ], [ 106.121712042000084, -1.839148947999964, 0.0 ], [ 106.12217227800005, -1.838808881999982, 0.0 ], [ 106.122383738000053, -1.839279175999903, 0.0 ], [ 106.122511446000047, -1.839224885999941, 0.0 ], [ 106.122689833000067, -1.839377007999915, 0.0 ], [ 106.122776670000064, -1.839517638, 0.0 ], [ 106.122261650000084, -1.839913141999955, 0.0 ], [ 106.122369038000087, -1.840067805999962, 0.0 ], [ 106.122517747000046, -1.840272835999962, 0.0 ], [ 106.122661258, -1.840475247000012, 0.0 ], [ 106.122378584000074, -1.84076827300001, 0.0 ], [ 106.121922861000115, -1.840176598, 0.0 ], [ 106.121452349, -1.839564815, 0.0 ], [ 106.121238401000056, -1.839283400999897, 0.0 ], [ 106.121070695000043, -1.839306237999922, 0.0 ], [ 106.120776520000035, -1.83945018399993, 0.0 ], [ 106.120814603000071, -1.839514284, 0.0 ], [ 106.120823098000074, -1.839586903999963, 0.0 ], [ 106.120822836000045, -1.839685048, 0.0 ], [ 106.120824188000071, -1.839777628000022, 0.0 ], [ 106.120826536, -1.839880347, 0.0 ], [ 106.1208288710001, -1.839977185999925, 0.0 ], [ 106.121256171000113, -1.839913823999923, 0.0 ], [ 106.121280654000088, -1.840151649999972, 0.0 ], [ 106.121520486000037, -1.840134003999933, 0.0 ], [ 106.121508643000126, -1.84064553399998, 0.0 ], [ 106.121659844000106, -1.840636699999959, 0.0 ], [ 106.121618401000063, -1.841067797999924, 0.0 ], [ 106.121201324000097, -1.84113539600001, 0.0 ], [ 106.121165596000068, -1.840986764999969, 0.0 ], [ 106.121064813, -1.841014815999892, 0.0 ], [ 106.121070152000087, -1.841215042999939, 0.0 ], [ 106.12063483300004, -1.841293145999917, 0.0 ], [ 106.12063936900006, -1.841603547999932, 0.0 ], [ 106.120795783000034, -1.841593832999927, 0.0 ], [ 106.120807239000086, -1.841843906999924, 0.0 ], [ 106.120981906000068, -1.841841172999964, 0.0 ], [ 106.120977711000066, -1.842077262999958, 0.0 ], [ 106.120472, -1.84215015399995, 0.0 ], [ 106.120424901000078, -1.841873871999916, 0.0 ], [ 106.120169435000079, -1.841876159000017, 0.0 ], [ 106.120104121000082, -1.841120603999941, 0.0 ], [ 106.119851364000041, -1.841127095999945, 0.0 ], [ 106.119796384000026, -1.840422179999973, 0.0 ], [ 106.119409390000072, -1.840437203999973, 0.0 ], [ 106.119391466000096, -1.840281026999929, 0.0 ], [ 106.119595961000059, -1.840250296999963, 0.0 ], [ 106.119546339000038, -1.839718454000011, 0.0 ], [ 106.118966347000097, -1.839705097999972, 0.0 ], [ 106.118945020000112, -1.839338153999987, 0.0 ], [ 106.118616273000086, -1.839257883999918, 0.0 ], [ 106.118341827000023, -1.839197858999925, 0.0 ], [ 106.118123623000088, -1.839127984999917, 0.0 ], [ 106.117902824000026, -1.839062046999968, 0.0 ], [ 106.117792922, -1.839041826999982, 0.0 ], [ 106.117717490000061, -1.839040897, 0.0 ], [ 106.117643688000086, -1.83904584699996, 0.0 ], [ 106.117580628000013, -1.839063877999942, 0.0 ] ] ] ] } },
{ "type": "Feature", "properties": { "fid": 52, "NAMOBJ": "Matras", "FCODE": null, "REMARK": "Permukiman dan Tempat Kegiatan", "SRS_ID": null, "LCODE": "GA0040", "METADATA": null, "SHAPE_Leng": 0.06483284741000001, "SHAPE_Area": 2.283762e-05 }, "geometry": { "type": "MultiPolygon", "coordinates": [ [ [ [ 106.115383718000047, -1.815583704999896, 0.0 ], [ 106.115358617000112, -1.816050856999913, 0.0 ], [ 106.115142014000043, -1.816018845000017, 0.0 ], [ 106.115065876000045, -1.816509012999984, 0.0 ], [ 106.114893558000091, -1.816483457999913, 0.0 ], [ 106.114830942000054, -1.816652014999915, 0.0 ], [ 106.11508943900013, -1.816729526999933, 0.0 ], [ 106.11500209000009, -1.817009748999937, 0.0 ], [ 106.114585042000044, -1.816885875, 0.0 ], [ 106.114611843000048, -1.816760334, 0.0 ], [ 106.114327858000081, -1.816692551999982, 0.0 ], [ 106.114351204000059, -1.816559387999978, 0.0 ], [ 106.114199568000046, -1.816529659, 0.0 ], [ 106.114336328000078, -1.815857853999931, 0.0 ], [ 106.114513994000035, -1.81591104999998, 0.0 ], [ 106.114669057000071, -1.815944665999919, 0.0 ], [ 106.114710303000024, -1.81547940399997, 0.0 ], [ 106.115383718000047, -1.815583704999896, 0.0 ] ] ], [ [ [ 106.115732250000022, -1.808753666000013, 0.0 ], [ 106.116020222000046, -1.809302613999958, 0.0 ], [ 106.115704037000086, -1.809510908999962, 0.0 ], [ 106.115648343, -1.809371914999919, 0.0 ], [ 106.115247881000087, -1.809610873999973, 0.0 ], [ 106.115220032000096, -1.809537441999937, 0.0 ], [ 106.114910801000093, -1.809740495999951, 0.0 ], [ 106.114451264000081, -1.809190667999933, 0.0 ], [ 106.114328800000081, -1.809310652, 0.0 ], [ 106.114170183000098, -1.809488908999918, 0.0 ], [ 106.114050135000113, -1.809619076999941, 0.0 ], [ 106.113953727000037, -1.809743411999926, 0.0 ], [ 106.113863592000129, -1.809881329999969, 0.0 ], [ 106.113810117000057, -1.810004184, 0.0 ], [ 106.114249704000102, -1.810078419999933, 0.0 ], [ 106.114288549000037, -1.811067340999956, 0.0 ], [ 106.114676990000106, -1.811074969999965, 0.0 ], [ 106.11466430300004, -1.811644212, 0.0 ], [ 106.11483116000008, -1.811662469999903, 0.0 ], [ 106.114824403000043, -1.811991251999928, 0.0 ], [ 106.114623006000087, -1.811983424, 0.0 ], [ 106.114411865000108, -1.811975722999976, 0.0 ], [ 106.114277084000065, -1.811974231999941, 0.0 ], [ 106.114025507000022, -1.811949212999914, 0.0 ], [ 106.114017899000018, -1.812121064999922, 0.0 ], [ 106.114013189000076, -1.81231379199997, 0.0 ], [ 106.114005607000067, -1.81254194999993, 0.0 ], [ 106.11400249900008, -1.812693284999928, 0.0 ], [ 106.114001505, -1.812935161999957, 0.0 ], [ 106.113986659, -1.813105080999983, 0.0 ], [ 106.113953969000065, -1.813303640999981, 0.0 ], [ 106.114697638000038, -1.813586233, 0.0 ], [ 106.114498888000114, -1.813981581999941, 0.0 ], [ 106.114609268, -1.814021737999977, 0.0 ], [ 106.114313257000035, -1.81452819899996, 0.0 ], [ 106.113850683000038, -1.814088666, 0.0 ], [ 106.113785563000064, -1.814177016999946, 0.0 ], [ 106.113516857000036, -1.813865022999978, 0.0 ], [ 106.113390398000064, -1.813949141999921, 0.0 ], [ 106.113165654000028, -1.81407210099997, 0.0 ], [ 106.113543324, -1.814516435999963, 0.0 ], [ 106.113262872000078, -1.814889971999961, 0.0 ], [ 106.113421948000095, -1.814973816999971, 0.0 ], [ 106.113145520000046, -1.815269070999975, 0.0 ], [ 106.113000540000129, -1.815153920999951, 0.0 ], [ 106.11289140500007, -1.815063044999893, 0.0 ], [ 106.112742520000012, -1.814928304999936, 0.0 ], [ 106.112576492000045, -1.814795918, 0.0 ], [ 106.112393312000066, -1.814647866, 0.0 ], [ 106.112238379000047, -1.814812489999945, 0.0 ], [ 106.112119790000094, -1.814961108999985, 0.0 ], [ 106.112011825000124, -1.815121859999963, 0.0 ], [ 106.11187058200008, -1.815299130999976, 0.0 ], [ 106.11259743300009, -1.815920868, 0.0 ], [ 106.112334930000131, -1.815994713999975, 0.0 ], [ 106.112159665, -1.816045785999937, 0.0 ], [ 106.111736783000111, -1.81694883499996, 0.0 ], [ 106.111582888000072, -1.816915577999962, 0.0 ], [ 106.111156304000033, -1.818069915, 0.0 ], [ 106.111562435000067, -1.818309051999973, 0.0 ], [ 106.111348543000048, -1.818872529999966, 0.0 ], [ 106.110632254000024, -1.818547833999923, 0.0 ], [ 106.110374516, -1.819018431999958, 0.0 ], [ 106.11016256300006, -1.818892313999915, 0.0 ], [ 106.109812525000052, -1.819403466999931, 0.0 ], [ 106.109978741000035, -1.82024063499992, 0.0 ], [ 106.110370475000124, -1.82015940799995, 0.0 ], [ 106.110544487000041, -1.821187884999959, 0.0 ], [ 106.110431299000098, -1.82120293399996, 0.0 ], [ 106.110271673000028, -1.821235704999919, 0.0 ], [ 106.11016165500007, -1.821259373000012, 0.0 ], [ 106.110002866000087, -1.821293075999958, 0.0 ], [ 106.109890339000103, -1.821109646999969, 0.0 ], [ 106.10974495300006, -1.820817503999955, 0.0 ], [ 106.109690849000017, -1.82070831299998, 0.0 ], [ 106.109639645000044, -1.820605912999945, 0.0 ], [ 106.109571536, -1.820466148999928, 0.0 ], [ 106.109515005000034, -1.82032686499995, 0.0 ], [ 106.109467646000027, -1.820190965999896, 0.0 ], [ 106.10943619600009, -1.820036615999915, 0.0 ], [ 106.10942935100006, -1.819897300000023, 0.0 ], [ 106.109419545000051, -1.819636622999949, 0.0 ], [ 106.109422344, -1.81947836099991, 0.0 ], [ 106.109425649000016, -1.819357005, 0.0 ], [ 106.109430381000053, -1.819214281, 0.0 ], [ 106.109441898000028, -1.819114266999983, 0.0 ], [ 106.109470301000073, -1.819004544999964, 0.0 ], [ 106.109529083000055, -1.818885090999939, 0.0 ], [ 106.109588848000016, -1.818787958999985, 0.0 ], [ 106.109738761000074, -1.818585923999966, 0.0 ], [ 106.109466440000105, -1.818421428999945, 0.0 ], [ 106.10972340000005, -1.817897119, 0.0 ], [ 106.10987393200007, -1.8173281159999, 0.0 ], [ 106.109616545000094, -1.817152493000024, 0.0 ], [ 106.10987991600004, -1.816735242999962, 0.0 ], [ 106.110137223, -1.816778229999966, 0.0 ], [ 106.110194307000114, -1.816629576999923, 0.0 ], [ 106.110343248000092, -1.816058983999963, 0.0 ], [ 106.110473165000087, -1.815544340999925, 0.0 ], [ 106.110720969000084, -1.815630482999947, 0.0 ], [ 106.110924107000102, -1.815397037, 0.0 ], [ 106.111108160000057, -1.815120463999937, 0.0 ], [ 106.111160407000028, -1.814855155000012, 0.0 ], [ 106.111157065000015, -1.814577098, 0.0 ], [ 106.110851979000088, -1.814315209999923, 0.0 ], [ 106.110389682000019, -1.814074187999965, 0.0 ], [ 106.109954422000072, -1.813905071, 0.0 ], [ 106.109558902000032, -1.81379025699992, 0.0 ], [ 106.109849199000067, -1.81338866399991, 0.0 ], [ 106.110087270000051, -1.812992505, 0.0 ], [ 106.110362040000041, -1.813014703999966, 0.0 ], [ 106.110728943000112, -1.813081595, 0.0 ], [ 106.11103709800004, -1.813174095, 0.0 ], [ 106.111388147000042, -1.81329213, 0.0 ], [ 106.111896452000082, -1.813442034999974, 0.0 ], [ 106.112215750000033, -1.813572879999964, 0.0 ], [ 106.112500066000024, -1.813639822, 0.0 ], [ 106.112708038000093, -1.813521431999971, 0.0 ], [ 106.112588803000079, -1.813318560999972, 0.0 ], [ 106.112803016000043, -1.813011604999887, 0.0 ], [ 106.113112788000095, -1.813147241, 0.0 ], [ 106.11321761300006, -1.813159966999906, 0.0 ], [ 106.11335882900002, -1.812937749, 0.0 ], [ 106.113363402000047, -1.812626126999967, 0.0 ], [ 106.113337728000047, -1.812197865999971, 0.0 ], [ 106.113299318000074, -1.811716884999965, 0.0 ], [ 106.113243433000065, -1.811221525999923, 0.0 ], [ 106.113179638000119, -1.810783697999935, 0.0 ], [ 106.113166701000111, -1.810398584999956, 0.0 ], [ 106.113147381000019, -1.809968717999916, 0.0 ], [ 106.112820163000038, -1.809877831999946, 0.0 ], [ 106.112005468000049, -1.809918287999918, 0.0 ], [ 106.111976730000066, -1.809670612999942, 0.0 ], [ 106.112381612000078, -1.809513749999931, 0.0 ], [ 106.112845342000085, -1.809497489, 0.0 ], [ 106.113232852000081, -1.809495647999943, 0.0 ], [ 106.113471033000067, -1.809429984999928, 0.0 ], [ 106.113739249000062, -1.809142171999917, 0.0 ], [ 106.114333229000081, -1.808583633999977, 0.0 ], [ 106.114800773000042, -1.808436165999944, 0.0 ], [ 106.115223004000072, -1.808280430999937, 0.0 ], [ 106.1157481770001, -1.808043791999986, 0.0 ], [ 106.116219788000038, -1.807800972999968, 0.0 ], [ 106.116724370000043, -1.807568489999917, 0.0 ], [ 106.117134254000035, -1.807452154999972, 0.0 ], [ 106.117523107000054, -1.807899441999944, 0.0 ], [ 106.117173861000111, -1.807963246999983, 0.0 ], [ 106.116755640000051, -1.808046515999945, 0.0 ], [ 106.116452724000041, -1.808125345999984, 0.0 ], [ 106.116063954000111, -1.808253741999949, 0.0 ], [ 106.11580638700012, -1.808339335999926, 0.0 ], [ 106.115930314000067, -1.808646870999969, 0.0 ], [ 106.115732250000022, -1.808753666000013, 0.0 ] ] ], [ [ [ 106.111664608000083, -1.797233767999956, 0.0 ], [ 106.111570060000076, -1.79745935799997, 0.0 ], [ 106.111223552000098, -1.797279266, 0.0 ], [ 106.111257068000029, -1.797198441999964, 0.0 ], [ 106.110835590000065, -1.796915872999944, 0.0 ], [ 106.110587378000034, -1.796743554999986, 0.0 ], [ 106.110395530000062, -1.79661945000002, 0.0 ], [ 106.110206087000023, -1.796514031, 0.0 ], [ 106.109852984000028, -1.796324290999935, 0.0 ], [ 106.109608982000083, -1.796173688, 0.0 ], [ 106.109695453000043, -1.795936352999989, 0.0 ], [ 106.109898785000084, -1.796071549999984, 0.0 ], [ 106.110092412000114, -1.796166770999958, 0.0 ], [ 106.110313045000083, -1.796264535999964, 0.0 ], [ 106.110489332000014, -1.796314666999938, 0.0 ], [ 106.110640144000058, -1.796367880999989, 0.0 ], [ 106.110860736000092, -1.796397984999904, 0.0 ], [ 106.111056388000037, -1.79646809400002, 0.0 ], [ 106.111269388000068, -1.796594564, 0.0 ], [ 106.111440111000078, -1.796703638999969, 0.0 ], [ 106.111598603000047, -1.796824516999934, 0.0 ], [ 106.111732647000025, -1.796946937999938, 0.0 ], [ 106.111613039000076, -1.797178919999948, 0.0 ], [ 106.111664608000083, -1.797233767999956, 0.0 ] ] ] ] } },
{ "type": "Feature", "properties": { "fid": 53, "NAMOBJ": "Nelayan Dua", "FCODE": null, "REMARK": "Permukiman dan Tempat Kegiatan", "SRS_ID": null, "LCODE": "GA0040", "METADATA": null, "SHAPE_Leng": 0.03952272624, "SHAPE_Area": 1.468692e-05 }, "geometry": { "type": "MultiPolygon", "coordinates": [ [ [ [ 106.125495992000083, -1.845030336999969, 0.0 ], [ 106.125516323000056, -1.845111343999974, 0.0 ], [ 106.125538645000063, -1.845197740999936, 0.0 ], [ 106.125569312000039, -1.845275268999956, 0.0 ], [ 106.125595823000083, -1.845333051999944, 0.0 ], [ 106.125619151000052, -1.845347085999966, 0.0 ], [ 106.125643612000033, -1.845361161999961, 0.0 ], [ 106.125650213000057, -1.845379621999904, 0.0 ], [ 106.125656818000039, -1.845398883999962, 0.0 ], [ 106.125668567000048, -1.845433147999927, 0.0 ], [ 106.125693828000067, -1.845490317999975, 0.0 ], [ 106.125730384000065, -1.845595854999942, 0.0 ], [ 106.125762802000054, -1.84567063999998, 0.0 ], [ 106.125789698000062, -1.845728437999981, 0.0 ], [ 106.125800043000083, -1.845750668999926, 0.0 ], [ 106.125814145000049, -1.84578006199996, 0.0 ], [ 106.125826300000057, -1.845805396999961, 0.0 ], [ 106.125847936000071, -1.845859572999927, 0.0 ], [ 106.125872826, -1.845926629999956, 0.0 ], [ 106.125873817676307, -1.845928960354918, 0.0 ], [ 106.12587396300006, -1.845929301999945, 0.0 ], [ 106.12587550369669, -1.845932922359389, 0.0 ], [ 106.125897512000051, -1.845984639999926, 0.0 ], [ 106.125929278000058, -1.846051718999945, 0.0 ], [ 106.125958125000039, -1.846121705999932, 0.0 ], [ 106.125966491926391, -1.846144450560948, 0.0 ], [ 106.125977864000049, -1.846175366999944, 0.0 ], [ 106.126002019000055, -1.846231631999956, 0.0 ], [ 106.126002371000084, -1.84623228199996, 0.0 ], [ 106.126005102000079, -1.846237318999954, 0.0 ], [ 106.126005354906582, -1.846237785447073, 0.0 ], [ 106.126019934000055, -1.846264677999955, 0.0 ], [ 106.126026919291519, -1.846277563330829, 0.0 ], [ 106.12602716300006, -1.84627801299996, 0.0 ], [ 106.126027417887812, -1.846278483046625, 0.0 ], [ 106.126029775000106, -1.84628283099994, 0.0 ], [ 106.12603395900004, -1.846290369999963, 0.0 ], [ 106.126038211422838, -1.846298032519679, 0.0 ], [ 106.126039389000084, -1.846300154999938, 0.0 ], [ 106.126041359000055, -1.846303704999968, 0.0 ], [ 106.126043763000041, -1.846308036999972, 0.0 ], [ 106.126046289000044, -1.846312588999979, 0.0 ], [ 106.126047050000068, -1.846313959999975, 0.0 ], [ 106.126048295000032, -1.846316202999958, 0.0 ], [ 106.126049, -1.846317472999942, 0.0 ], [ 106.126050019000047, -1.846319308999966, 0.0 ], [ 106.126050330000055, -1.846319869999945, 0.0 ], [ 106.12605063500007, -1.846320418999937, 0.0 ], [ 106.126051132000043, -1.846321313999965, 0.0 ], [ 106.126078858000085, -1.84636708499994, 0.0 ], [ 106.126120294000089, -1.846442632999924, 0.0 ], [ 106.12614785, -1.846505383999969, 0.0 ], [ 106.126152004551102, -1.846514996627404, 0.0 ], [ 106.126152365000053, -1.846515830999977, 0.0 ], [ 106.126154709000048, -1.846521254999971, 0.0 ], [ 106.12615536900006, -1.846522781999965, 0.0 ], [ 106.126156586000036, -1.846525597999971, 0.0 ], [ 106.12615924000005, -1.846531739999932, 0.0 ], [ 106.126159779000034, -1.846532986999932, 0.0 ], [ 106.126161054000079, -1.846535936999942, 0.0 ], [ 106.126161442000068, -1.846536833999949, 0.0 ], [ 106.126162741000087, -1.846539838999945, 0.0 ], [ 106.126163984000073, -1.846542714999941, 0.0 ], [ 106.126164349000078, -1.84654355899994, 0.0 ], [ 106.126165343000082, -1.846545858999946, 0.0 ], [ 106.126165891000085, -1.846547127999941, 0.0 ], [ 106.126166843000078, -1.846549329999959, 0.0 ], [ 106.126166891000082, -1.846549440999979, 0.0 ], [ 106.126166961000081, -1.846549602999971, 0.0 ], [ 106.126167711000051, -1.846551337999927, 0.0 ], [ 106.126168556000039, -1.846553292999943, 0.0 ], [ 106.126168753000059, -1.846553748999952, 0.0 ], [ 106.126169027251549, -1.846554383043293, 0.0 ], [ 106.126169673000049, -1.846555876999957, 0.0 ], [ 106.126170167000055, -1.846557019999977, 0.0 ], [ 106.12617051400008, -1.846557822999955, 0.0 ], [ 106.12617147421733, -1.846560044730895, 0.0 ], [ 106.126171555000042, -1.846560231999945, 0.0 ], [ 106.126171690000035, -1.846560543999942, 0.0 ], [ 106.126194960000078, -1.846639459999949, 0.0 ], [ 106.126204227000073, -1.846694558999957, 0.0 ], [ 106.126235007000048, -1.84679501599993, 0.0 ], [ 106.126254265000028, -1.846855030999945, 0.0 ], [ 106.126273967000088, -1.846907489999978, 0.0 ], [ 106.126302133000081, -1.846966032999981, 0.0 ], [ 106.126318593511499, -1.8469973934459, 0.0 ], [ 106.126322470000048, -1.847004778999974, 0.0 ], [ 106.126325017000056, -1.847009631999924, 0.0 ], [ 106.126327226000058, -1.847013839999931, 0.0 ], [ 106.126354413000058, -1.847073920999937, 0.0 ], [ 106.12638518600005, -1.84713336599998, 0.0 ], [ 106.126417447000051, -1.847186613999952, 0.0 ], [ 106.126460375000079, -1.847233531999962, 0.0 ], [ 106.126499263000085, -1.847260308999978, 0.0 ], [ 106.126522626000053, -1.847285874999955, 0.0 ], [ 106.126533932000086, -1.847325287999979, 0.0 ], [ 106.126541568000079, -1.847373441999939, 0.0 ], [ 106.126546905000055, -1.847397977999947, 0.0 ], [ 106.126549957000066, -1.847408357999939, 0.0 ], [ 106.126554836955492, -1.847424951732998, 0.0 ], [ 106.126558761000084, -1.847438295999976, 0.0 ], [ 106.12657209300005, -1.847453012999949, 0.0 ], [ 106.126592805000087, -1.847481293999977, 0.0 ], [ 106.126616161540113, -1.847501333791417, 0.0 ], [ 106.126616460000037, -1.847501589999979, 0.0 ], [ 106.126619347000087, -1.847504066999932, 0.0 ], [ 106.126619464623275, -1.847504167819814, 0.0 ], [ 106.126625660456739, -1.847509483813123, 0.0 ], [ 106.126625889000081, -1.847509679999973, 0.0 ], [ 106.126627631562386, -1.847511175011645, 0.0 ], [ 106.126629838000042, -1.847513067999955, 0.0 ], [ 106.12663002100004, -1.847513224999943, 0.0 ], [ 106.126632543000056, -1.84751538899996, 0.0 ], [ 106.126651228429253, -1.847531172856912, 0.0 ], [ 106.126651502000072, -1.847531403999938, 0.0 ], [ 106.126651802124272, -1.847531657465531, 0.0 ], [ 106.126662799551724, -1.847540947154298, 0.0 ], [ 106.126662855000063, -1.847540993999928, 0.0 ], [ 106.126667981000082, -1.847545323999952, 0.0 ], [ 106.126701510000032, -1.847599248999927, 0.0 ], [ 106.126723578000053, -1.847654014999932, 0.0 ], [ 106.126740588000075, -1.847713676999945, 0.0 ], [ 106.126761664000071, -1.847762426999964, 0.0 ], [ 106.126789368000061, -1.847801413999946, 0.0 ], [ 106.12682350700004, -1.847839337999972, 0.0 ], [ 106.126853997000069, -1.847849421999967, 0.0 ], [ 106.126904572000058, -1.847847643999955, 0.0 ], [ 106.126940226000031, -1.847849440999977, 0.0 ], [ 106.126955112000076, -1.847861459999933, 0.0 ], [ 106.126962300000059, -1.847912788999963, 0.0 ], [ 106.126927773000034, -1.847945572999947, 0.0 ], [ 106.126894743000037, -1.847970116999932, 0.0 ], [ 106.126875172000041, -1.847998061999931, 0.0 ], [ 106.126867197000081, -1.848025654999958, 0.0 ], [ 106.126863262000086, -1.84804305199998, 0.0 ], [ 106.12686676800007, -1.84807128999995, 0.0 ], [ 106.12688072800006, -1.84814201599994, 0.0 ], [ 106.126900933000059, -1.848220879999928, 0.0 ], [ 106.12691949200007, -1.848299725999937, 0.0 ], [ 106.126943729000061, -1.848371929999928, 0.0 ], [ 106.12698538600003, -1.848441055999989, 0.0 ], [ 106.127029801000049, -1.848494775999939, 0.0 ], [ 106.127050293000082, -1.848529740999936, 0.0 ], [ 106.127057061000073, -1.848538925999947, 0.0 ], [ 106.127062358916945, -1.848546116144055, 0.0 ], [ 106.127073650000057, -1.848561441, 0.0 ], [ 106.127092534000042, -1.84858475599998, 0.0 ], [ 106.12711472400008, -1.848604749999936, 0.0 ], [ 106.12712864253254, -1.848611149978535, 0.0 ], [ 106.127155684000087, -1.848623584999904, 0.0 ], [ 106.127215103000083, -1.848647859999971, 0.0 ], [ 106.127284203000073, -1.848672013999914, 0.0 ], [ 106.127343060000044, -1.848688943999946, 0.0 ], [ 106.12738208800009, -1.848708802999938, 0.0 ], [ 106.127385230181218, -1.848717810010587, 0.0 ], [ 106.127389734000076, -1.84873072299996, 0.0 ], [ 106.127388210000049, -1.848752115999957, 0.0 ], [ 106.127388210058385, -1.848752116181703, 0.0 ], [ 106.127388210000063, -1.848752116999969, 0.0 ], [ 106.127393488000052, -1.848768557999961, 0.0 ], [ 106.127415665000058, -1.848768000999939, 0.0 ], [ 106.127435607000052, -1.848757368999941, 0.0 ], [ 106.127448719000085, -1.84872252599996, 0.0 ], [ 106.127457205000084, -1.848694074999963, 0.0 ], [ 106.127471358000037, -1.848685488999934, 0.0 ], [ 106.127494750000082, -1.848686316999943, 0.0 ], [ 106.127531884000064, -1.848697543999947, 0.0 ], [ 106.127565094000033, -1.848700660999953, 0.0 ], [ 106.127588219000089, -1.848677644999936, 0.0 ], [ 106.127597042000048, -1.848656019999964, 0.0 ], [ 106.127610382000057, -1.848640707999988, 0.0 ], [ 106.127628117000086, -1.848638604999962, 0.0 ], [ 106.127646618000128, -1.848638595, 0.0 ], [ 106.127684620000082, -1.84864267599994, 0.0 ], [ 106.127710792000101, -1.848648876999953, 0.0 ], [ 106.127728109000117, -1.848652979999938, 0.0 ], [ 106.127771994000057, -1.848664147999955, 0.0 ], [ 106.127778367000076, -1.848665300999926, 0.0 ], [ 106.127788525559595, -1.848667138453238, 0.0 ], [ 106.127812012000035, -1.848671386999951, 0.0 ], [ 106.127869586000088, -1.848678449999966, 0.0 ], [ 106.127936158000068, -1.848683336999954, 0.0 ], [ 106.127989034000038, -1.848682969999932, 0.0 ], [ 106.128017055000043, -1.848682045999965, 0.0 ], [ 106.128032082000047, -1.848676692999946, 0.0 ], [ 106.128057135000063, -1.848675227999934, 0.0 ], [ 106.128073244000063, -1.848674882999944, 0.0 ], [ 106.128095047000045, -1.848673115999929, 0.0 ], [ 106.128102270000056, -1.848672529999931, 0.0 ], [ 106.128155587000052, -1.848670951, 0.0 ], [ 106.128230214000041, -1.848669320999932, 0.0 ], [ 106.128234155000087, -1.848669234999932, 0.0 ], [ 106.128301713000042, -1.84865554199996, 0.0 ], [ 106.12833041600004, -1.848638455999979, 0.0 ], [ 106.128335048000054, -1.848628917999974, 0.0 ], [ 106.128335028000066, -1.84859849999996, 0.0 ], [ 106.128335028001231, -1.848598499812572, 0.0 ], [ 106.128335028000038, -1.848598497999944, 0.0 ], [ 106.128335298000081, -1.848555007999948, 0.0 ], [ 106.128339688, -1.848430656999928, 0.0 ], [ 106.128355472000067, -1.848372755999947, 0.0 ], [ 106.12838140100007, -1.848305006999965, 0.0 ], [ 106.128406956000049, -1.84825905799994, 0.0 ], [ 106.128447128263289, -1.848199315095629, 0.0 ], [ 106.128540079000061, -1.848233099000013, 0.0 ], [ 106.128540210000068, -1.848440807999968, 0.0 ], [ 106.128946521000032, -1.848432348999979, 0.0 ], [ 106.129034699000044, -1.84868052, 0.0 ], [ 106.12899719800005, -1.84869982, 0.0 ], [ 106.12896082000006, -1.84871872999996, 0.0 ], [ 106.128914893000072, -1.84873543, 0.0 ], [ 106.128873963000061, -1.848750127999982, 0.0 ], [ 106.128844517000033, -1.848767839999938, 0.0 ], [ 106.128803809000033, -1.848793482999928, 0.0 ], [ 106.128751707000077, -1.84882405299997, 0.0 ], [ 106.12865125700003, -1.848911487999922, 0.0 ], [ 106.128865174000055, -1.848910898999962, 0.0 ], [ 106.128778429000064, -1.849245418999929, 0.0 ], [ 106.128627164000079, -1.849209197999952, 0.0 ], [ 106.128623117000089, -1.849092595999896, 0.0 ], [ 106.128580955000075, -1.849092215999954, 0.0 ], [ 106.128406425000023, -1.849142483999938, 0.0 ], [ 106.128375460000115, -1.849118587999915, 0.0 ], [ 106.128306836000036, -1.849095927999906, 0.0 ], [ 106.127913987000042, -1.849036794999987, 0.0 ], [ 106.127862160000106, -1.849034177999948, 0.0 ], [ 106.12782345, -1.849032239999965, 0.0 ], [ 106.127795218000074, -1.849040045999989, 0.0 ], [ 106.127772515000061, -1.849061715999917, 0.0 ], [ 106.12775271800011, -1.849087327, 0.0 ], [ 106.127719341000017, -1.849101892999955, 0.0 ], [ 106.127690708000046, -1.849102209999981, 0.0 ], [ 106.127650469000088, -1.849100625999939, 0.0 ], [ 106.12762317800005, -1.849089091999962, 0.0 ], [ 106.127603584000028, -1.84906533299995, 0.0 ], [ 106.127578429000081, -1.849045982999947, 0.0 ], [ 106.127541906000076, -1.849036245999941, 0.0 ], [ 106.127485630000123, -1.849021374999954, 0.0 ], [ 106.127456537000029, -1.849003701, 0.0 ], [ 106.127411090000081, -1.848967077999903, 0.0 ], [ 106.127374214000056, -1.848938147, 0.0 ], [ 106.127352552000033, -1.848928906999942, 0.0 ], [ 106.127316829, -1.848946007999936, 0.0 ], [ 106.127271831000115, -1.848995885999977, 0.0 ], [ 106.127232919000093, -1.849044638999925, 0.0 ], [ 106.12720798900007, -1.849084942999974, 0.0 ], [ 106.127192318000098, -1.849110687999972, 0.0 ], [ 106.127175367000035, -1.849144111999984, 0.0 ], [ 106.127166706000111, -1.849166903, 0.0 ], [ 106.127152157000069, -1.849204188999981, 0.0 ], [ 106.127139801000027, -1.849254154999941, 0.0 ], [ 106.12712340200008, -1.849321707999935, 0.0 ], [ 106.127109625000102, -1.849383831999924, 0.0 ], [ 106.127092370000099, -1.849451394999918, 0.0 ], [ 106.127074567000037, -1.849530327999966, 0.0 ], [ 106.127061426000111, -1.849619523999974, 0.0 ], [ 106.127050548000099, -1.849688954999945, 0.0 ], [ 106.127028879000079, -1.849768034999916, 0.0 ], [ 106.126998688000072, -1.849834149999968, 0.0 ], [ 106.12696256000001, -1.849892533999914, 0.0 ], [ 106.12693792200011, -1.849939522999894, 0.0 ], [ 106.126924715000072, -1.849980931999945, 0.0 ], [ 106.126909997000013, -1.850020958999971, 0.0 ], [ 106.126883155000101, -1.85004956899994, 0.0 ], [ 106.12685554100004, -1.850083379999984, 0.0 ], [ 106.126832810000025, -1.850115207999953, 0.0 ], [ 106.126818343000068, -1.850141276999978, 0.0 ], [ 106.126800604000024, -1.850196428999923, 0.0 ], [ 106.126544358000046, -1.85005892, 0.0 ], [ 106.126508710000024, -1.850237338999933, 0.0 ], [ 106.126391683000023, -1.850213281999985, 0.0 ], [ 106.126331670000042, -1.850449675999916, 0.0 ], [ 106.126149572000074, -1.850398839999973, 0.0 ], [ 106.126215048000063, -1.850143188999959, 0.0 ], [ 106.126039342000098, -1.850054986999944, 0.0 ], [ 106.125793311000081, -1.849950384999905, 0.0 ], [ 106.125771943000089, -1.849992496000014, 0.0 ], [ 106.125745094000081, -1.850040308999973, 0.0 ], [ 106.125723086000036, -1.850082357999988, 0.0 ], [ 106.12570893900002, -1.850114414999976, 0.0 ], [ 106.125702224000094, -1.850144214999955, 0.0 ], [ 106.12554625100006, -1.850082507, 0.0 ], [ 106.125592138000044, -1.84993232299992, 0.0 ], [ 106.125581461000053, -1.849920190999982, 0.0 ], [ 106.125569927000072, -1.849907408, 0.0 ], [ 106.125568170000108, -1.849885735999973, 0.0 ], [ 106.125572885000054, -1.849850084999955, 0.0 ], [ 106.125561947000037, -1.849826337999944, 0.0 ], [ 106.125504316000061, -1.849800540999941, 0.0 ], [ 106.125455550000112, -1.849776429999989, 0.0 ], [ 106.125435501000055, -1.849816189, 0.0 ], [ 106.125395345000101, -1.849816377, 0.0 ], [ 106.125319841000078, -1.849802060999978, 0.0 ], [ 106.125304524000043, -1.849791614, 0.0 ], [ 106.125308091000079, -1.849759056999972, 0.0 ], [ 106.125316157000029, -1.849720327999965, 0.0 ], [ 106.125284089000047, -1.849702511, 0.0 ], [ 106.125225771000018, -1.849684259, 0.0 ], [ 106.125189068000083, -1.849673282999981, 0.0 ], [ 106.125153462000071, -1.849662695, 0.0 ], [ 106.125127028000108, -1.849669902999968, 0.0 ], [ 106.125112621000071, -1.849745388, 0.0 ], [ 106.125088072000082, -1.849864097999959, 0.0 ], [ 106.12506443400008, -1.849942138999933, 0.0 ], [ 106.125032084000068, -1.850034395999928, 0.0 ], [ 106.125032079000064, -1.850126519, 0.0 ], [ 106.12503124300008, -1.850341580999943, 0.0 ], [ 106.125033135000066, -1.850347666999913, 0.0 ], [ 106.125049162000053, -1.850359044999967, 0.0 ], [ 106.125072428000024, -1.850374036999964, 0.0 ], [ 106.125084133000115, -1.850389407, 0.0 ], [ 106.125083524000061, -1.850407896000012, 0.0 ], [ 106.125066835000013, -1.850443455999934, 0.0 ], [ 106.125034259000074, -1.850476229999981, 0.0 ], [ 106.125, -1.850498561999964, 0.0 ], [ 106.124995231000042, -1.850499085, 0.0 ], [ 106.124944617000025, -1.850525285999955, 0.0 ], [ 106.124930272000086, -1.850600073999925, 0.0 ], [ 106.124940072000086, -1.850673905, 0.0 ], [ 106.12490711700012, -1.850717389999951, 0.0 ], [ 106.124857400000096, -1.850682369999984, 0.0 ], [ 106.124823457000033, -1.850628643999891, 0.0 ], [ 106.124767222000088, -1.850562322, 0.0 ], [ 106.124714257000065, -1.850539452999972, 0.0 ], [ 106.124675707000065, -1.85054788999996, 0.0 ], [ 106.124658115000031, -1.850636229999986, 0.0 ], [ 106.124685592000091, -1.850758660999902, 0.0 ], [ 106.124621616000027, -1.85098428, 0.0 ], [ 106.124550919000043, -1.85118862399995, 0.0 ], [ 106.124408090000131, -1.851143197999922, 0.0 ], [ 106.124304531000092, -1.85148955199998, 0.0 ], [ 106.124688612000071, -1.851513403999911, 0.0 ], [ 106.124695105000072, -1.851845242000011, 0.0 ], [ 106.124814470000089, -1.851845626999954, 0.0 ], [ 106.124917122000056, -1.851843227999933, 0.0 ], [ 106.124999998000078, -1.851839765999913, 0.0 ], [ 106.125126254000037, -1.851808558999907, 0.0 ], [ 106.125439918000055, -1.851799336999943, 0.0 ], [ 106.125460030000042, -1.851890324999922, 0.0 ], [ 106.125737898000111, -1.851914334999955, 0.0 ], [ 106.125733325000084, -1.852048065999917, 0.0 ], [ 106.125814643000069, -1.852057656999912, 0.0 ], [ 106.125831588000054, -1.852057084999953, 0.0 ], [ 106.125834988000065, -1.851989332999943, 0.0 ], [ 106.125846085, -1.851895505999907, 0.0 ], [ 106.125852482000084, -1.851875736999959, 0.0 ], [ 106.126018019000114, -1.851864577999923, 0.0 ], [ 106.125961910000086, -1.852026916999944, 0.0 ], [ 106.12593710200008, -1.85210380099991, 0.0 ], [ 106.125902188000026, -1.852205991999928, 0.0 ], [ 106.125857140000036, -1.852304579999914, 0.0 ], [ 106.125833916000062, -1.852341545999953, 0.0 ], [ 106.125801441000036, -1.852362578999917, 0.0 ], [ 106.125750776000118, -1.852377988999948, 0.0 ], [ 106.125710376000058, -1.852394259999962, 0.0 ], [ 106.125661565000101, -1.852382703999983, 0.0 ], [ 106.125276753000065, -1.852425933999919, 0.0 ], [ 106.125098436000044, -1.852443468999948, 0.0 ], [ 106.125062960000051, -1.852410683999989, 0.0 ], [ 106.124999998000078, -1.852425761999904, 0.0 ], [ 106.124602113000023, -1.852482951999929, 0.0 ], [ 106.124442648000056, -1.852501542999957, 0.0 ], [ 106.124427410000038, -1.852243620999933, 0.0 ], [ 106.124510785000012, -1.85223643099996, 0.0 ], [ 106.124508514000084, -1.852042578999908, 0.0 ], [ 106.124429556000038, -1.852040295999896, 0.0 ], [ 106.12436127800008, -1.852037534999934, 0.0 ], [ 106.124273948000038, -1.852031512999969, 0.0 ], [ 106.124159224000053, -1.852019898999985, 0.0 ], [ 106.124039387, -1.852012504, 0.0 ], [ 106.123911187000047, -1.852001368999962, 0.0 ], [ 106.123958042000112, -1.851917677999965, 0.0 ], [ 106.123987238000041, -1.851813445999956, 0.0 ], [ 106.12400806900007, -1.85170173099995, 0.0 ], [ 106.124043737000093, -1.851555434000013, 0.0 ], [ 106.124110993000059, -1.851404901, 0.0 ], [ 106.124184744000033, -1.851246422999936, 0.0 ], [ 106.124239005000078, -1.851116928999969, 0.0 ], [ 106.124297913000078, -1.850986971999963, 0.0 ], [ 106.124367492000061, -1.850842986999951, 0.0 ], [ 106.12446400900005, -1.850705985999984, 0.0 ], [ 106.124546139000088, -1.850578817999943, 0.0 ], [ 106.124615290000037, -1.850482502999967, 0.0 ], [ 106.124663996000081, -1.850380582999972, 0.0 ], [ 106.124731236000045, -1.850221647999967, 0.0 ], [ 106.124750710000058, -1.85016788699996, 0.0 ], [ 106.124768312000086, -1.850082350999988, 0.0 ], [ 106.124777991000087, -1.849964572999924, 0.0 ], [ 106.124800663000102, -1.849836501999985, 0.0 ], [ 106.124839134000084, -1.849699546999934, 0.0 ], [ 106.124868770000049, -1.849566803999964, 0.0 ], [ 106.124887723000114, -1.849414899999918, 0.0 ], [ 106.12491549500001, -1.849261589000023, 0.0 ], [ 106.124968342000031, -1.849099387999925, 0.0 ], [ 106.124999999000082, -1.849041424999926, 0.0 ], [ 106.125078555000087, -1.848942306999985, 0.0 ], [ 106.12511376900008, -1.848902275999959, 0.0 ], [ 106.125149506000099, -1.848863963999986, 0.0 ], [ 106.125177139000073, -1.84883417799992, 0.0 ], [ 106.125277991000075, -1.848743450999963, 0.0 ], [ 106.12533109600011, -1.848706076999979, 0.0 ], [ 106.125366525000032, -1.848664300999897, 0.0 ], [ 106.125388917000109, -1.848632401000011, 0.0 ], [ 106.12541775600009, -1.848548241999976, 0.0 ], [ 106.125428978000045, -1.848510197999937, 0.0 ], [ 106.125438882000068, -1.848463662, 0.0 ], [ 106.125446507000078, -1.848422328999949, 0.0 ], [ 106.125453335000103, -1.848373541999909, 0.0 ], [ 106.125455394000099, -1.848329398999987, 0.0 ], [ 106.125455817000045, -1.848288875, 0.0 ], [ 106.125455797000129, -1.848257170999962, 0.0 ], [ 106.125454173, -1.848220500999948, 0.0 ], [ 106.125452304000106, -1.848163596999947, 0.0 ], [ 106.125456167000067, -1.848087775999979, 0.0 ], [ 106.12543163400008, -1.848044752999972, 0.0 ], [ 106.12541079100005, -1.84799474499992, 0.0 ], [ 106.125398201000067, -1.847958733999961, 0.0 ], [ 106.125382733000038, -1.847920626, 0.0 ], [ 106.125365903000059, -1.847890478999909, 0.0 ], [ 106.125337953000056, -1.847859607000019, 0.0 ], [ 106.125298380000075, -1.847829890999958, 0.0 ], [ 106.125262265000103, -1.84780975999998, 0.0 ], [ 106.125117650000035, -1.847727268, 0.0 ], [ 106.124999998000078, -1.847663918, 0.0 ], [ 106.124896041000085, -1.847618953999913, 0.0 ], [ 106.124735583000046, -1.847544077999935, 0.0 ], [ 106.124518961000064, -1.847462219, 0.0 ], [ 106.124337218000036, -1.847405447000011, 0.0 ], [ 106.124135667000061, -1.847358674999961, 0.0 ], [ 106.123943297000039, -1.847329245999924, 0.0 ], [ 106.123811497000062, -1.847295345999961, 0.0 ], [ 106.123507901000082, -1.847256389999935, 0.0 ], [ 106.123535581000056, -1.846958350999967, 0.0 ], [ 106.123676135000053, -1.846973032999938, 0.0 ], [ 106.123679413000062, -1.846854417999983, 0.0 ], [ 106.123709123000111, -1.846738308999968, 0.0 ], [ 106.123747238000078, -1.846636559999987, 0.0 ], [ 106.123784099000019, -1.846540708999961, 0.0 ], [ 106.123825144000122, -1.846438531999945, 0.0 ], [ 106.123874542000038, -1.846266699999938, 0.0 ], [ 106.123805313000076, -1.846252813999944, 0.0 ], [ 106.123846774000043, -1.846139655999907, 0.0 ], [ 106.12388362600008, -1.84604423, 0.0 ], [ 106.123879382000084, -1.845956852999969, 0.0 ], [ 106.123850366000084, -1.845847547999896, 0.0 ], [ 106.123819245000078, -1.845734861999987, 0.0 ], [ 106.12375522100011, -1.845534770999952, 0.0 ], [ 106.123614806000035, -1.845080397999927, 0.0 ], [ 106.123470789000024, -1.845132617999984, 0.0 ], [ 106.123399733000014, -1.844872216999932, 0.0 ], [ 106.123466845000053, -1.844865417999903, 0.0 ], [ 106.123331810000067, -1.844275376999932, 0.0 ], [ 106.123115381000019, -1.844340524, 0.0 ], [ 106.123059855000037, -1.844101640999946, 0.0 ], [ 106.123330001000099, -1.844054613999963, 0.0 ], [ 106.123304722000057, -1.843884086999975, 0.0 ], [ 106.12383206300008, -1.843855810999945, 0.0 ], [ 106.123835393, -1.843990865999928, 0.0 ], [ 106.123840603000076, -1.844142754999972, 0.0 ], [ 106.12384483600006, -1.844274906999982, 0.0 ], [ 106.124137816000058, -1.844267329999977, 0.0 ], [ 106.124151895000068, -1.844469730999937, 0.0 ], [ 106.124999998000078, -1.844461603999975, 0.0 ], [ 106.125043451000025, -1.844425692999935, 0.0 ], [ 106.12518, -1.844322888999955, 0.0 ], [ 106.125111974000021, -1.844185442999952, 0.0 ], [ 106.125262446000121, -1.844121996999943, 0.0 ], [ 106.125496721000047, -1.84437459599997, 0.0 ], [ 106.125520595000069, -1.844412861999939, 0.0 ], [ 106.125535708000086, -1.844444492999981, 0.0 ], [ 106.125537239000025, -1.844477471999956, 0.0 ], [ 106.125524526000049, -1.844531137999955, 0.0 ], [ 106.125504801, -1.844584481999928, 0.0 ], [ 106.125491745, -1.844609220999932, 0.0 ], [ 106.125481052000083, -1.844630845999945, 0.0 ], [ 106.125461614000073, -1.844655488999941, 0.0 ], [ 106.125371107000049, -1.844743684999956, 0.0 ], [ 106.125379415000026, -1.84477419, 0.0 ], [ 106.125383537000104, -1.844810622999987, 0.0 ], [ 106.125381630000035, -1.844836746999929, 0.0 ], [ 106.125372450000071, -1.844848530000015, 0.0 ], [ 106.125488937000028, -1.844906455999923, 0.0 ], [ 106.125484124000081, -1.844956397999965, 0.0 ], [ 106.125495992000083, -1.845030336999969, 0.0 ] ] ], [ [ [ 106.123561179000049, -1.842407792999951, 0.0 ], [ 106.123655567000043, -1.842404359999933, 0.0 ], [ 106.123675359000075, -1.842512828999937, 0.0 ], [ 106.123938777000021, -1.842462857999977, 0.0 ], [ 106.123982921000035, -1.842613101999974, 0.0 ], [ 106.123801728000046, -1.842674427999985, 0.0 ], [ 106.123812259000033, -1.842737313999948, 0.0 ], [ 106.123502292000055, -1.842830796999956, 0.0 ], [ 106.123463219000115, -1.842739226999929, 0.0 ], [ 106.123297550000075, -1.842798000999907, 0.0 ], [ 106.123210155000038, -1.842585306999983, 0.0 ], [ 106.123305796000054, -1.842572166999962, 0.0 ], [ 106.123270855, -1.842373369999945, 0.0 ], [ 106.123548134000032, -1.84233561899993, 0.0 ], [ 106.123561179000049, -1.842407792999951, 0.0 ] ] ] ] } },
{ "type": "Feature", "properties": { "fid": 54, "NAMOBJ": "Sinarjaya", "FCODE": null, "REMARK": "Permukiman dan Tempat Kegiatan", "SRS_ID": null, "LCODE": "GA0040", "METADATA": null, "SHAPE_Leng": 0.02949784844, "SHAPE_Area": 1.225679e-05 }, "geometry": { "type": "MultiPolygon", "coordinates": [ [ [ [ 106.108125669000103, -1.835340846999917, 0.0 ], [ 106.108096015000044, -1.835987737999973, 0.0 ], [ 106.107359950000074, -1.836059447999955, 0.0 ], [ 106.107354822, -1.835993842999945, 0.0 ], [ 106.107186196000086, -1.83598267, 0.0 ], [ 106.107159396, -1.835482405999906, 0.0 ], [ 106.10753587300006, -1.835512418999902, 0.0 ], [ 106.107542396000071, -1.835345307999931, 0.0 ], [ 106.108125669000103, -1.835340846999917, 0.0 ] ] ], [ [ [ 106.105195474000041, -1.831483007000018, 0.0 ], [ 106.104443989000032, -1.831679985999885, 0.0 ], [ 106.104402471000071, -1.831525189999955, 0.0 ], [ 106.103398916000074, -1.831809263000012, 0.0 ], [ 106.103145694, -1.831924947999902, 0.0 ], [ 106.103109245, -1.832326339999985, 0.0 ], [ 106.103096374000089, -1.832565736999897, 0.0 ], [ 106.102864384000085, -1.832575406999987, 0.0 ], [ 106.102903735000055, -1.833051782999967, 0.0 ], [ 106.103716856000091, -1.832990537999962, 0.0 ], [ 106.103675310000114, -1.832790476999929, 0.0 ], [ 106.104323872000052, -1.832681690999988, 0.0 ], [ 106.104375430000047, -1.833755932999964, 0.0 ], [ 106.104078649000101, -1.833784276, 0.0 ], [ 106.103609656000103, -1.833829062999976, 0.0 ], [ 106.103641788000104, -1.83411250299998, 0.0 ], [ 106.102897316000053, -1.834165364999913, 0.0 ], [ 106.102893932000129, -1.834440487999939, 0.0 ], [ 106.102849349000081, -1.835078886, 0.0 ], [ 106.102723040000015, -1.835642311, 0.0 ], [ 106.102584858000043, -1.836140234999978, 0.0 ], [ 106.102028885000053, -1.835952034999949, 0.0 ], [ 106.101931193000055, -1.836111795999934, 0.0 ], [ 106.101537161000039, -1.835851472999978, 0.0 ], [ 106.101783087000058, -1.835405881999969, 0.0 ], [ 106.102015847000033, -1.834728065000019, 0.0 ], [ 106.101632309000095, -1.834665173999967, 0.0 ], [ 106.101291375000045, -1.834587972999974, 0.0 ], [ 106.101318070000033, -1.83371376899994, 0.0 ], [ 106.101599773000075, -1.833718351999964, 0.0 ], [ 106.10160658700002, -1.833249099999951, 0.0 ], [ 106.10200074600003, -1.833261953999949, 0.0 ], [ 106.101981099000099, -1.832093599, 0.0 ], [ 106.102137073000037, -1.831656403999976, 0.0 ], [ 106.10235943000005, -1.831390681999928, 0.0 ], [ 106.102784187000012, -1.831121249999929, 0.0 ], [ 106.103197171, -1.830943539999969, 0.0 ], [ 106.10356755800008, -1.830790856999948, 0.0 ], [ 106.104163973000055, -1.830567776999964, 0.0 ], [ 106.104650329000052, -1.830373339999952, 0.0 ], [ 106.105013601000095, -1.830215902999982, 0.0 ], [ 106.105449093000061, -1.830065567999978, 0.0 ], [ 106.105877384000067, -1.829769939999943, 0.0 ], [ 106.106176675000043, -1.829489866999951, 0.0 ], [ 106.106640423000044, -1.829112037999953, 0.0 ], [ 106.106729158000107, -1.829050046999975, 0.0 ], [ 106.107056225000079, -1.829354226999919, 0.0 ], [ 106.107385270000037, -1.829673717999975, 0.0 ], [ 106.106699217000113, -1.830404225999932, 0.0 ], [ 106.106404661000084, -1.830678334999964, 0.0 ], [ 106.106136064000069, -1.830830954999979, 0.0 ], [ 106.10559415600008, -1.831146899, 0.0 ], [ 106.105161077000034, -1.831361547, 0.0 ], [ 106.105195474000041, -1.831483007000018, 0.0 ] ] ] ] } }
]
}
